/* Generated by generate-casing.py; do not edit.
 * Unicode 18.0.0 data: Copyright (c) 1991-2026 Unicode, Inc.
 * Distributed under Unicode License V3; see unicode/LICENSE.txt. */
static const uint32 casingSequences[] = {
    0x61, 0x62, 0x63, 0x64, 0x65, 0x66, 0x67, 0x68,
    0x69, 0x6a, 0x6b, 0x6c, 0x6d, 0x6e, 0x6f, 0x70,
    0x71, 0x72, 0x73, 0x74, 0x75, 0x76, 0x77, 0x78,
    0x79, 0x7a, 0x41, 0x42, 0x43, 0x44, 0x45, 0x46,
    0x47, 0x48, 0x49, 0x4a, 0x4b, 0x4c, 0x4d, 0x4e,
    0x4f, 0x50, 0x51, 0x52, 0x53, 0x54, 0x55, 0x56,
    0x57, 0x58, 0x59, 0x5a, 0x39c, 0xe0, 0xe1, 0xe2,
    0xe3, 0xe4, 0xe5, 0xe6, 0xe7, 0xe8, 0xe9, 0xea,
    0xeb, 0xec, 0xed, 0xee, 0xef, 0xf0, 0xf1, 0xf2,
    0xf3, 0xf4, 0xf5, 0xf6, 0xf8, 0xf9, 0xfa, 0xfb,
    0xfc, 0xfd, 0xfe, 0x53, 0x53, 0xc0, 0xc1, 0xc2,
    0xc3, 0xc4, 0xc5, 0xc6, 0xc7, 0xc8, 0xc9, 0xca,
    0xcb, 0xcc, 0xcd, 0xce, 0xcf, 0xd0, 0xd1, 0xd2,
    0xd3, 0xd4, 0xd5, 0xd6, 0xd8, 0xd9, 0xda, 0xdb,
    0xdc, 0xdd, 0xde, 0x178, 0x101, 0x100, 0x103, 0x102,
    0x105, 0x104, 0x107, 0x106, 0x109, 0x108, 0x10b, 0x10a,
    0x10d, 0x10c, 0x10f, 0x10e, 0x111, 0x110, 0x113, 0x112,
    0x115, 0x114, 0x117, 0x116, 0x119, 0x118, 0x11b, 0x11a,
    0x11d, 0x11c, 0x11f, 0x11e, 0x121, 0x120, 0x123, 0x122,
    0x125, 0x124, 0x127, 0x126, 0x129, 0x128, 0x12b, 0x12a,
    0x12d, 0x12c, 0x12f, 0x12e, 0x69, 0x307, 0x133, 0x132,
    0x135, 0x134, 0x137, 0x136, 0x13a, 0x139, 0x13c, 0x13b,
    0x13e, 0x13d, 0x140, 0x13f, 0x142, 0x141, 0x144, 0x143,
    0x146, 0x145, 0x148, 0x147, 0x2bc, 0x4e, 0x14b, 0x14a,
    0x14d, 0x14c, 0x14f, 0x14e, 0x151, 0x150, 0x153, 0x152,
    0x155, 0x154, 0x157, 0x156, 0x159, 0x158, 0x15b, 0x15a,
    0x15d, 0x15c, 0x15f, 0x15e, 0x161, 0x160, 0x163, 0x162,
    0x165, 0x164, 0x167, 0x166, 0x169, 0x168, 0x16b, 0x16a,
    0x16d, 0x16c, 0x16f, 0x16e, 0x171, 0x170, 0x173, 0x172,
    0x175, 0x174, 0x177, 0x176, 0xff, 0x17a, 0x179, 0x17c,
    0x17b, 0x17e, 0x17d, 0x243, 0x253, 0x183, 0x182, 0x185,
    0x184, 0x254, 0x188, 0x187, 0x256, 0x257, 0x18c, 0x18b,
    0x1dd, 0x259, 0x25b, 0x192, 0x191, 0x260, 0x263, 0x1f6,
    0x269, 0x268, 0x199, 0x198, 0x23d, 0xa7dc, 0x26f, 0x272,
    0x220, 0x275, 0x1a1, 0x1a0, 0x1a3, 0x1a2, 0x1a5, 0x1a4,
    0x280, 0x1a8, 0x1a7, 0x283, 0x1ad, 0x1ac, 0x288, 0x1b0,
    0x1af, 0x28a, 0x28b, 0x1b4, 0x1b3, 0x1b6, 0x1b5, 0x292,
    0x1b9, 0x1b8, 0x1bd, 0x1bc, 0x1f7, 0x1c6, 0x1c4, 0x1c9,
    0x1c7, 0x1cc, 0x1ca, 0x1ce, 0x1cd, 0x1d0, 0x1cf, 0x1d2,
    0x1d1, 0x1d4, 0x1d3, 0x1d6, 0x1d5, 0x1d8, 0x1d7, 0x1da,
    0x1d9, 0x1dc, 0x1db, 0x18e, 0x1df, 0x1de, 0x1e1, 0x1e0,
    0x1e3, 0x1e2, 0x1e5, 0x1e4, 0x1e7, 0x1e6, 0x1e9, 0x1e8,
    0x1eb, 0x1ea, 0x1ed, 0x1ec, 0x1ef, 0x1ee, 0x4a, 0x30c,
    0x1f3, 0x1f1, 0x1f5, 0x1f4, 0x195, 0x1bf, 0x1f9, 0x1f8,
    0x1fb, 0x1fa, 0x1fd, 0x1fc, 0x1ff, 0x1fe, 0x201, 0x200,
    0x203, 0x202, 0x205, 0x204, 0x207, 0x206, 0x209, 0x208,
    0x20b, 0x20a, 0x20d, 0x20c, 0x20f, 0x20e, 0x211, 0x210,
    0x213, 0x212, 0x215, 0x214, 0x217, 0x216, 0x219, 0x218,
    0x21b, 0x21a, 0x21d, 0x21c, 0x21f, 0x21e, 0x19e, 0x223,
    0x222, 0x225, 0x224, 0x227, 0x226, 0x229, 0x228, 0x22b,
    0x22a, 0x22d, 0x22c, 0x22f, 0x22e, 0x231, 0x230, 0x233,
    0x232, 0x2c65, 0x23c, 0x23b, 0x19a, 0x2c66, 0x2c7e, 0x2c7f,
    0x242, 0x241, 0x180, 0x289, 0x28c, 0x247, 0x246, 0x249,
    0x248, 0x24b, 0x24a, 0x24d, 0x24c, 0x24f, 0x24e, 0x2c6f,
    0x2c6d, 0x2c70, 0x181, 0x186, 0x189, 0x18a, 0x18f, 0x190,
    0xa7ab, 0x193, 0xa7ac, 0x194, 0xa7cb, 0xa78d, 0xa7aa, 0x197,
    0x196, 0xa7ae, 0x2c62, 0xa7ad, 0x19c, 0x2c6e, 0x19d, 0x19f,
    0xa7dd, 0xa7e2, 0x2c64, 0x1a6, 0xa7c5, 0x1a9, 0xa7b1, 0x1ae,
    0x244, 0x1b1, 0x1b2, 0x245, 0x1b7, 0xa7b2, 0xa7b0, 0x399,
    0x371, 0x370, 0x373, 0x372, 0x377, 0x376, 0x3fd, 0x3fe,
    0x3ff, 0x3f3, 0x3ac, 0x3ad, 0x3ae, 0x3af, 0x3cc, 0x3cd,
    0x3ce, 0x399, 0x308, 0x301, 0x3b1, 0x3b2, 0x3b3, 0x3b4,
    0x3b5, 0x3b6, 0x3b7, 0x3b8, 0x3b9, 0x3ba, 0x3bb, 0x3bc,
    0x3bd, 0x3be, 0x3bf, 0x3c0, 0x3c1, 0x3c3, 0x3c4, 0x3c5,
    0x3c6, 0x3c7, 0x3c8, 0x3c9, 0x3ca, 0x3cb, 0x386, 0x388,
    0x389, 0x38a, 0x3a5, 0x308, 0x301, 0x391, 0x392, 0x393,
    0x394, 0x395, 0x396, 0x397, 0x398, 0x39a, 0x39b, 0x39d,
    0x39e, 0x39f, 0x3a0, 0x3a1, 0x3a3, 0x3a4, 0x3a5, 0x3a6,
    0x3a7, 0x3a8, 0x3a9, 0x3aa, 0x3ab, 0x38c, 0x38e, 0x38f,
    0x3d7, 0x3cf, 0x3d9, 0x3d8, 0x3db, 0x3da, 0x3dd, 0x3dc,
    0x3df, 0x3de, 0x3e1, 0x3e0, 0x3e3, 0x3e2, 0x3e5, 0x3e4,
    0x3e7, 0x3e6, 0x3e9, 0x3e8, 0x3eb, 0x3ea, 0x3ed, 0x3ec,
    0x3ef, 0x3ee, 0x3f9, 0x37f, 0x3f8, 0x3f7, 0x3f2, 0x3fb,
    0x3fa, 0x37b, 0x37c, 0x37d, 0x450, 0x451, 0x452, 0x453,
    0x454, 0x455, 0x456, 0x457, 0x458, 0x459, 0x45a, 0x45b,
    0x45c, 0x45d, 0x45e, 0x45f, 0x430, 0x431, 0x432, 0x433,
    0x434, 0x435, 0x436, 0x437, 0x438, 0x439, 0x43a, 0x43b,
    0x43c, 0x43d, 0x43e, 0x43f, 0x440, 0x441, 0x442, 0x443,
    0x444, 0x445, 0x446, 0x447, 0x448, 0x449, 0x44a, 0x44b,
    0x44c, 0x44d, 0x44e, 0x44f, 0x410, 0x411, 0x412, 0x413,
    0x414, 0x415, 0x416, 0x417, 0x418, 0x419, 0x41a, 0x41b,
    0x41c, 0x41d, 0x41e, 0x41f, 0x420, 0x421, 0x422, 0x423,
    0x424, 0x425, 0x426, 0x427, 0x428, 0x429, 0x42a, 0x42b,
    0x42c, 0x42d, 0x42e, 0x42f, 0x400, 0x401, 0x402, 0x403,
    0x404, 0x405, 0x406, 0x407, 0x408, 0x409, 0x40a, 0x40b,
    0x40c, 0x40d, 0x40e, 0x40f, 0x461, 0x460, 0x463, 0x462,
    0x465, 0x464, 0x467, 0x466, 0x469, 0x468, 0x46b, 0x46a,
    0x46d, 0x46c, 0x46f, 0x46e, 0x471, 0x470, 0x473, 0x472,
    0x475, 0x474, 0x477, 0x476, 0x479, 0x478, 0x47b, 0x47a,
    0x47d, 0x47c, 0x47f, 0x47e, 0x481, 0x480, 0x48b, 0x48a,
    0x48d, 0x48c, 0x48f, 0x48e, 0x491, 0x490, 0x493, 0x492,
    0x495, 0x494, 0x497, 0x496, 0x499, 0x498, 0x49b, 0x49a,
    0x49d, 0x49c, 0x49f, 0x49e, 0x4a1, 0x4a0, 0x4a3, 0x4a2,
    0x4a5, 0x4a4, 0x4a7, 0x4a6, 0x4a9, 0x4a8, 0x4ab, 0x4aa,
    0x4ad, 0x4ac, 0x4af, 0x4ae, 0x4b1, 0x4b0, 0x4b3, 0x4b2,
    0x4b5, 0x4b4, 0x4b7, 0x4b6, 0x4b9, 0x4b8, 0x4bb, 0x4ba,
    0x4bd, 0x4bc, 0x4bf, 0x4be, 0x4cf, 0x4c2, 0x4c1, 0x4c4,
    0x4c3, 0x4c6, 0x4c5, 0x4c8, 0x4c7, 0x4ca, 0x4c9, 0x4cc,
    0x4cb, 0x4ce, 0x4cd, 0x4c0, 0x4d1, 0x4d0, 0x4d3, 0x4d2,
    0x4d5, 0x4d4, 0x4d7, 0x4d6, 0x4d9, 0x4d8, 0x4db, 0x4da,
    0x4dd, 0x4dc, 0x4df, 0x4de, 0x4e1, 0x4e0, 0x4e3, 0x4e2,
    0x4e5, 0x4e4, 0x4e7, 0x4e6, 0x4e9, 0x4e8, 0x4eb, 0x4ea,
    0x4ed, 0x4ec, 0x4ef, 0x4ee, 0x4f1, 0x4f0, 0x4f3, 0x4f2,
    0x4f5, 0x4f4, 0x4f7, 0x4f6, 0x4f9, 0x4f8, 0x4fb, 0x4fa,
    0x4fd, 0x4fc, 0x4ff, 0x4fe, 0x501, 0x500, 0x503, 0x502,
    0x505, 0x504, 0x507, 0x506, 0x509, 0x508, 0x50b, 0x50a,
    0x50d, 0x50c, 0x50f, 0x50e, 0x511, 0x510, 0x513, 0x512,
    0x515, 0x514, 0x517, 0x516, 0x519, 0x518, 0x51b, 0x51a,
    0x51d, 0x51c, 0x51f, 0x51e, 0x521, 0x520, 0x523, 0x522,
    0x525, 0x524, 0x527, 0x526, 0x529, 0x528, 0x52b, 0x52a,
    0x52d, 0x52c, 0x52f, 0x52e, 0x561, 0x562, 0x563, 0x564,
    0x565, 0x566, 0x567, 0x568, 0x569, 0x56a, 0x56b, 0x56c,
    0x56d, 0x56e, 0x56f, 0x570, 0x571, 0x572, 0x573, 0x574,
    0x575, 0x576, 0x577, 0x578, 0x579, 0x57a, 0x57b, 0x57c,
    0x57d, 0x57e, 0x57f, 0x580, 0x581, 0x582, 0x583, 0x584,
    0x585, 0x586, 0x531, 0x532, 0x533, 0x534, 0x535, 0x536,
    0x537, 0x538, 0x539, 0x53a, 0x53b, 0x53c, 0x53d, 0x53e,
    0x53f, 0x540, 0x541, 0x542, 0x543, 0x544, 0x545, 0x546,
    0x547, 0x548, 0x549, 0x54a, 0x54b, 0x54c, 0x54d, 0x54e,
    0x54f, 0x550, 0x551, 0x552, 0x553, 0x554, 0x555, 0x556,
    0x535, 0x552, 0x2d00, 0x2d01, 0x2d02, 0x2d03, 0x2d04, 0x2d05,
    0x2d06, 0x2d07, 0x2d08, 0x2d09, 0x2d0a, 0x2d0b, 0x2d0c, 0x2d0d,
    0x2d0e, 0x2d0f, 0x2d10, 0x2d11, 0x2d12, 0x2d13, 0x2d14, 0x2d15,
    0x2d16, 0x2d17, 0x2d18, 0x2d19, 0x2d1a, 0x2d1b, 0x2d1c, 0x2d1d,
    0x2d1e, 0x2d1f, 0x2d20, 0x2d21, 0x2d22, 0x2d23, 0x2d24, 0x2d25,
    0x2d27, 0x2d2d, 0x1c90, 0x1c91, 0x1c92, 0x1c93, 0x1c94, 0x1c95,
    0x1c96, 0x1c97, 0x1c98, 0x1c99, 0x1c9a, 0x1c9b, 0x1c9c, 0x1c9d,
    0x1c9e, 0x1c9f, 0x1ca0, 0x1ca1, 0x1ca2, 0x1ca3, 0x1ca4, 0x1ca5,
    0x1ca6, 0x1ca7, 0x1ca8, 0x1ca9, 0x1caa, 0x1cab, 0x1cac, 0x1cad,
    0x1cae, 0x1caf, 0x1cb0, 0x1cb1, 0x1cb2, 0x1cb3, 0x1cb4, 0x1cb5,
    0x1cb6, 0x1cb7, 0x1cb8, 0x1cb9, 0x1cba, 0x1cbd, 0x1cbe, 0x1cbf,
    0xab70, 0xab71, 0xab72, 0xab73, 0xab74, 0xab75, 0xab76, 0xab77,
    0xab78, 0xab79, 0xab7a, 0xab7b, 0xab7c, 0xab7d, 0xab7e, 0xab7f,
    0xab80, 0xab81, 0xab82, 0xab83, 0xab84, 0xab85, 0xab86, 0xab87,
    0xab88, 0xab89, 0xab8a, 0xab8b, 0xab8c, 0xab8d, 0xab8e, 0xab8f,
    0xab90, 0xab91, 0xab92, 0xab93, 0xab94, 0xab95, 0xab96, 0xab97,
    0xab98, 0xab99, 0xab9a, 0xab9b, 0xab9c, 0xab9d, 0xab9e, 0xab9f,
    0xaba0, 0xaba1, 0xaba2, 0xaba3, 0xaba4, 0xaba5, 0xaba6, 0xaba7,
    0xaba8, 0xaba9, 0xabaa, 0xabab, 0xabac, 0xabad, 0xabae, 0xabaf,
    0xabb0, 0xabb1, 0xabb2, 0xabb3, 0xabb4, 0xabb5, 0xabb6, 0xabb7,
    0xabb8, 0xabb9, 0xabba, 0xabbb, 0xabbc, 0xabbd, 0xabbe, 0xabbf,
    0x13f8, 0x13f9, 0x13fa, 0x13fb, 0x13fc, 0x13fd, 0x13f0, 0x13f1,
    0x13f2, 0x13f3, 0x13f4, 0x13f5, 0xa64a, 0x1c8a, 0x1c89, 0x10d0,
    0x10d1, 0x10d2, 0x10d3, 0x10d4, 0x10d5, 0x10d6, 0x10d7, 0x10d8,
    0x10d9, 0x10da, 0x10db, 0x10dc, 0x10dd, 0x10de, 0x10df, 0x10e0,
    0x10e1, 0x10e2, 0x10e3, 0x10e4, 0x10e5, 0x10e6, 0x10e7, 0x10e8,
    0x10e9, 0x10ea, 0x10eb, 0x10ec, 0x10ed, 0x10ee, 0x10ef, 0x10f0,
    0x10f1, 0x10f2, 0x10f3, 0x10f4, 0x10f5, 0x10f6, 0x10f7, 0x10f8,
    0x10f9, 0x10fa, 0x10fd, 0x10fe, 0x10ff, 0xa77d, 0x2c63, 0xa7c6,
    0x1e01, 0x1e00, 0x1e03, 0x1e02, 0x1e05, 0x1e04, 0x1e07, 0x1e06,
    0x1e09, 0x1e08, 0x1e0b, 0x1e0a, 0x1e0d, 0x1e0c, 0x1e0f, 0x1e0e,
    0x1e11, 0x1e10, 0x1e13, 0x1e12, 0x1e15, 0x1e14, 0x1e17, 0x1e16,
    0x1e19, 0x1e18, 0x1e1b, 0x1e1a, 0x1e1d, 0x1e1c, 0x1e1f, 0x1e1e,
    0x1e21, 0x1e20, 0x1e23, 0x1e22, 0x1e25, 0x1e24, 0x1e27, 0x1e26,
    0x1e29, 0x1e28, 0x1e2b, 0x1e2a, 0x1e2d, 0x1e2c, 0x1e2f, 0x1e2e,
    0x1e31, 0x1e30, 0x1e33, 0x1e32, 0x1e35, 0x1e34, 0x1e37, 0x1e36,
    0x1e39, 0x1e38, 0x1e3b, 0x1e3a, 0x1e3d, 0x1e3c, 0x1e3f, 0x1e3e,
    0x1e41, 0x1e40, 0x1e43, 0x1e42, 0x1e45, 0x1e44, 0x1e47, 0x1e46,
    0x1e49, 0x1e48, 0x1e4b, 0x1e4a, 0x1e4d, 0x1e4c, 0x1e4f, 0x1e4e,
    0x1e51, 0x1e50, 0x1e53, 0x1e52, 0x1e55, 0x1e54, 0x1e57, 0x1e56,
    0x1e59, 0x1e58, 0x1e5b, 0x1e5a, 0x1e5d, 0x1e5c, 0x1e5f, 0x1e5e,
    0x1e61, 0x1e60, 0x1e63, 0x1e62, 0x1e65, 0x1e64, 0x1e67, 0x1e66,
    0x1e69, 0x1e68, 0x1e6b, 0x1e6a, 0x1e6d, 0x1e6c, 0x1e6f, 0x1e6e,
    0x1e71, 0x1e70, 0x1e73, 0x1e72, 0x1e75, 0x1e74, 0x1e77, 0x1e76,
    0x1e79, 0x1e78, 0x1e7b, 0x1e7a, 0x1e7d, 0x1e7c, 0x1e7f, 0x1e7e,
    0x1e81, 0x1e80, 0x1e83, 0x1e82, 0x1e85, 0x1e84, 0x1e87, 0x1e86,
    0x1e89, 0x1e88, 0x1e8b, 0x1e8a, 0x1e8d, 0x1e8c, 0x1e8f, 0x1e8e,
    0x1e91, 0x1e90, 0x1e93, 0x1e92, 0x1e95, 0x1e94, 0x48, 0x331,
    0x54, 0x308, 0x57, 0x30a, 0x59, 0x30a, 0x41, 0x2be,
    0xdf, 0x1ea1, 0x1ea0, 0x1ea3, 0x1ea2, 0x1ea5, 0x1ea4, 0x1ea7,
    0x1ea6, 0x1ea9, 0x1ea8, 0x1eab, 0x1eaa, 0x1ead, 0x1eac, 0x1eaf,
    0x1eae, 0x1eb1, 0x1eb0, 0x1eb3, 0x1eb2, 0x1eb5, 0x1eb4, 0x1eb7,
    0x1eb6, 0x1eb9, 0x1eb8, 0x1ebb, 0x1eba, 0x1ebd, 0x1ebc, 0x1ebf,
    0x1ebe, 0x1ec1, 0x1ec0, 0x1ec3, 0x1ec2, 0x1ec5, 0x1ec4, 0x1ec7,
    0x1ec6, 0x1ec9, 0x1ec8, 0x1ecb, 0x1eca, 0x1ecd, 0x1ecc, 0x1ecf,
    0x1ece, 0x1ed1, 0x1ed0, 0x1ed3, 0x1ed2, 0x1ed5, 0x1ed4, 0x1ed7,
    0x1ed6, 0x1ed9, 0x1ed8, 0x1edb, 0x1eda, 0x1edd, 0x1edc, 0x1edf,
    0x1ede, 0x1ee1, 0x1ee0, 0x1ee3, 0x1ee2, 0x1ee5, 0x1ee4, 0x1ee7,
    0x1ee6, 0x1ee9, 0x1ee8, 0x1eeb, 0x1eea, 0x1eed, 0x1eec, 0x1eef,
    0x1eee, 0x1ef1, 0x1ef0, 0x1ef3, 0x1ef2, 0x1ef5, 0x1ef4, 0x1ef7,
    0x1ef6, 0x1ef9, 0x1ef8, 0x1efb, 0x1efa, 0x1efd, 0x1efc, 0x1eff,
    0x1efe, 0x1f08, 0x1f09, 0x1f0a, 0x1f0b, 0x1f0c, 0x1f0d, 0x1f0e,
    0x1f0f, 0x1f00, 0x1f01, 0x1f02, 0x1f03, 0x1f04, 0x1f05, 0x1f06,
    0x1f07, 0x1f18, 0x1f19, 0x1f1a, 0x1f1b, 0x1f1c, 0x1f1d, 0x1f10,
    0x1f11, 0x1f12, 0x1f13, 0x1f14, 0x1f15, 0x1f28, 0x1f29, 0x1f2a,
    0x1f2b, 0x1f2c, 0x1f2d, 0x1f2e, 0x1f2f, 0x1f20, 0x1f21, 0x1f22,
    0x1f23, 0x1f24, 0x1f25, 0x1f26, 0x1f27, 0x1f38, 0x1f39, 0x1f3a,
    0x1f3b, 0x1f3c, 0x1f3d, 0x1f3e, 0x1f3f, 0x1f30, 0x1f31, 0x1f32,
    0x1f33, 0x1f34, 0x1f35, 0x1f36, 0x1f37, 0x1f48, 0x1f49, 0x1f4a,
    0x1f4b, 0x1f4c, 0x1f4d, 0x1f40, 0x1f41, 0x1f42, 0x1f43, 0x1f44,
    0x1f45, 0x3a5, 0x313, 0x1f59, 0x3a5, 0x313, 0x300, 0x1f5b,
    0x3a5, 0x313, 0x301, 0x1f5d, 0x3a5, 0x313, 0x342, 0x1f5f,
    0x1f51, 0x1f53, 0x1f55, 0x1f57, 0x1f68, 0x1f69, 0x1f6a, 0x1f6b,
    0x1f6c, 0x1f6d, 0x1f6e, 0x1f6f, 0x1f60, 0x1f61, 0x1f62, 0x1f63,
    0x1f64, 0x1f65, 0x1f66, 0x1f67, 0x1fba, 0x1fbb, 0x1fc8, 0x1fc9,
    0x1fca, 0x1fcb, 0x1fda, 0x1fdb, 0x1ff8, 0x1ff9, 0x1fea, 0x1feb,
    0x1ffa, 0x1ffb, 0x1f08, 0x399, 0x1f09, 0x399, 0x1f0a, 0x399,
    0x1f0b, 0x399, 0x1f0c, 0x399, 0x1f0d, 0x399, 0x1f0e, 0x399,
    0x1f0f, 0x399, 0x1f80, 0x1f81, 0x1f82, 0x1f83, 0x1f84, 0x1f85,
    0x1f86, 0x1f87, 0x1f28, 0x399, 0x1f29, 0x399, 0x1f2a, 0x399,
    0x1f2b, 0x399, 0x1f2c, 0x399, 0x1f2d, 0x399, 0x1f2e, 0x399,
    0x1f2f, 0x399, 0x1f90, 0x1f91, 0x1f92, 0x1f93, 0x1f94, 0x1f95,
    0x1f96, 0x1f97, 0x1f68, 0x399, 0x1f69, 0x399, 0x1f6a, 0x399,
    0x1f6b, 0x399, 0x1f6c, 0x399, 0x1f6d, 0x399, 0x1f6e, 0x399,
    0x1f6f, 0x399, 0x1fa0, 0x1fa1, 0x1fa2, 0x1fa3, 0x1fa4, 0x1fa5,
    0x1fa6, 0x1fa7, 0x1fb8, 0x1fb9, 0x1fba, 0x399, 0x391, 0x399,
    0x386, 0x399, 0x391, 0x342, 0x391, 0x342, 0x399, 0x1fb0,
    0x1fb1, 0x1f70, 0x1f71, 0x1fb3, 0x1fca, 0x399, 0x397, 0x399,
    0x389, 0x399, 0x397, 0x342, 0x397, 0x342, 0x399, 0x1f72,
    0x1f73, 0x1f74, 0x1f75, 0x1fc3, 0x1fd8, 0x1fd9, 0x399, 0x308,
    0x300, 0x399, 0x342, 0x399, 0x308, 0x342, 0x1fd0, 0x1fd1,
    0x1f76, 0x1f77, 0x1fe8, 0x1fe9, 0x3a5, 0x308, 0x300, 0x3a1,
    0x313, 0x1fec, 0x3a5, 0x342, 0x3a5, 0x308, 0x342, 0x1fe0,
    0x1fe1, 0x1f7a, 0x1f7b, 0x1fe5, 0x1ffa, 0x399, 0x3a9, 0x399,
    0x38f, 0x399, 0x3a9, 0x342, 0x3a9, 0x342, 0x399, 0x1f78,
    0x1f79, 0x1f7c, 0x1f7d, 0x1ff3, 0x214e, 0x2132, 0x2170, 0x2171,
    0x2172, 0x2173, 0x2174, 0x2175, 0x2176, 0x2177, 0x2178, 0x2179,
    0x217a, 0x217b, 0x217c, 0x217d, 0x217e, 0x217f, 0x2160, 0x2161,
    0x2162, 0x2163, 0x2164, 0x2165, 0x2166, 0x2167, 0x2168, 0x2169,
    0x216a, 0x216b, 0x216c, 0x216d, 0x216e, 0x216f, 0x2184, 0x2183,
    0x24d0, 0x24d1, 0x24d2, 0x24d3, 0x24d4, 0x24d5, 0x24d6, 0x24d7,
    0x24d8, 0x24d9, 0x24da, 0x24db, 0x24dc, 0x24dd, 0x24de, 0x24df,
    0x24e0, 0x24e1, 0x24e2, 0x24e3, 0x24e4, 0x24e5, 0x24e6, 0x24e7,
    0x24e8, 0x24e9, 0x24b6, 0x24b7, 0x24b8, 0x24b9, 0x24ba, 0x24bb,
    0x24bc, 0x24bd, 0x24be, 0x24bf, 0x24c0, 0x24c1, 0x24c2, 0x24c3,
    0x24c4, 0x24c5, 0x24c6, 0x24c7, 0x24c8, 0x24c9, 0x24ca, 0x24cb,
    0x24cc, 0x24cd, 0x24ce, 0x24cf, 0x2c30, 0x2c31, 0x2c32, 0x2c33,
    0x2c34, 0x2c35, 0x2c36, 0x2c37, 0x2c38, 0x2c39, 0x2c3a, 0x2c3b,
    0x2c3c, 0x2c3d, 0x2c3e, 0x2c3f, 0x2c40, 0x2c41, 0x2c42, 0x2c43,
    0x2c44, 0x2c45, 0x2c46, 0x2c47, 0x2c48, 0x2c49, 0x2c4a, 0x2c4b,
    0x2c4c, 0x2c4d, 0x2c4e, 0x2c4f, 0x2c50, 0x2c51, 0x2c52, 0x2c53,
    0x2c54, 0x2c55, 0x2c56, 0x2c57, 0x2c58, 0x2c59, 0x2c5a, 0x2c5b,
    0x2c5c, 0x2c5d, 0x2c5e, 0x2c5f, 0x2c00, 0x2c01, 0x2c02, 0x2c03,
    0x2c04, 0x2c05, 0x2c06, 0x2c07, 0x2c08, 0x2c09, 0x2c0a, 0x2c0b,
    0x2c0c, 0x2c0d, 0x2c0e, 0x2c0f, 0x2c10, 0x2c11, 0x2c12, 0x2c13,
    0x2c14, 0x2c15, 0x2c16, 0x2c17, 0x2c18, 0x2c19, 0x2c1a, 0x2c1b,
    0x2c1c, 0x2c1d, 0x2c1e, 0x2c1f, 0x2c20, 0x2c21, 0x2c22, 0x2c23,
    0x2c24, 0x2c25, 0x2c26, 0x2c27, 0x2c28, 0x2c29, 0x2c2a, 0x2c2b,
    0x2c2c, 0x2c2d, 0x2c2e, 0x2c2f, 0x2c61, 0x2c60, 0x26b, 0x1d7d,
    0x27d, 0x23a, 0x23e, 0x2c68, 0x2c67, 0x2c6a, 0x2c69, 0x2c6c,
    0x2c6b, 0x251, 0x271, 0x250, 0x252, 0x2c73, 0x2c72, 0x2c76,
    0x2c75, 0x23f, 0x240, 0x2c81, 0x2c80, 0x2c83, 0x2c82, 0x2c85,
    0x2c84, 0x2c87, 0x2c86, 0x2c89, 0x2c88, 0x2c8b, 0x2c8a, 0x2c8d,
    0x2c8c, 0x2c8f, 0x2c8e, 0x2c91, 0x2c90, 0x2c93, 0x2c92, 0x2c95,
    0x2c94, 0x2c97, 0x2c96, 0x2c99, 0x2c98, 0x2c9b, 0x2c9a, 0x2c9d,
    0x2c9c, 0x2c9f, 0x2c9e, 0x2ca1, 0x2ca0, 0x2ca3, 0x2ca2, 0x2ca5,
    0x2ca4, 0x2ca7, 0x2ca6, 0x2ca9, 0x2ca8, 0x2cab, 0x2caa, 0x2cad,
    0x2cac, 0x2caf, 0x2cae, 0x2cb1, 0x2cb0, 0x2cb3, 0x2cb2, 0x2cb5,
    0x2cb4, 0x2cb7, 0x2cb6, 0x2cb9, 0x2cb8, 0x2cbb, 0x2cba, 0x2cbd,
    0x2cbc, 0x2cbf, 0x2cbe, 0x2cc1, 0x2cc0, 0x2cc3, 0x2cc2, 0x2cc5,
    0x2cc4, 0x2cc7, 0x2cc6, 0x2cc9, 0x2cc8, 0x2ccb, 0x2cca, 0x2ccd,
    0x2ccc, 0x2ccf, 0x2cce, 0x2cd1, 0x2cd0, 0x2cd3, 0x2cd2, 0x2cd5,
    0x2cd4, 0x2cd7, 0x2cd6, 0x2cd9, 0x2cd8, 0x2cdb, 0x2cda, 0x2cdd,
    0x2cdc, 0x2cdf, 0x2cde, 0x2ce1, 0x2ce0, 0x2ce3, 0x2ce2, 0x2cec,
    0x2ceb, 0x2cee, 0x2ced, 0x2cf3, 0x2cf2, 0x10a0, 0x10a1, 0x10a2,
    0x10a3, 0x10a4, 0x10a5, 0x10a6, 0x10a7, 0x10a8, 0x10a9, 0x10aa,
    0x10ab, 0x10ac, 0x10ad, 0x10ae, 0x10af, 0x10b0, 0x10b1, 0x10b2,
    0x10b3, 0x10b4, 0x10b5, 0x10b6, 0x10b7, 0x10b8, 0x10b9, 0x10ba,
    0x10bb, 0x10bc, 0x10bd, 0x10be, 0x10bf, 0x10c0, 0x10c1, 0x10c2,
    0x10c3, 0x10c4, 0x10c5, 0x10c7, 0x10cd, 0xa641, 0xa640, 0xa643,
    0xa642, 0xa645, 0xa644, 0xa647, 0xa646, 0xa649, 0xa648, 0xa64b,
    0xa64d, 0xa64c, 0xa64f, 0xa64e, 0xa651, 0xa650, 0xa653, 0xa652,
    0xa655, 0xa654, 0xa657, 0xa656, 0xa659, 0xa658, 0xa65b, 0xa65a,
    0xa65d, 0xa65c, 0xa65f, 0xa65e, 0xa661, 0xa660, 0xa663, 0xa662,
    0xa665, 0xa664, 0xa667, 0xa666, 0xa669, 0xa668, 0xa66b, 0xa66a,
    0xa66d, 0xa66c, 0xa681, 0xa680, 0xa683, 0xa682, 0xa685, 0xa684,
    0xa687, 0xa686, 0xa689, 0xa688, 0xa68b, 0xa68a, 0xa68d, 0xa68c,
    0xa68f, 0xa68e, 0xa691, 0xa690, 0xa693, 0xa692, 0xa695, 0xa694,
    0xa697, 0xa696, 0xa699, 0xa698, 0xa69b, 0xa69a, 0xa723, 0xa722,
    0xa725, 0xa724, 0xa727, 0xa726, 0xa729, 0xa728, 0xa72b, 0xa72a,
    0xa72d, 0xa72c, 0xa72f, 0xa72e, 0xa733, 0xa732, 0xa735, 0xa734,
    0xa737, 0xa736, 0xa739, 0xa738, 0xa73b, 0xa73a, 0xa73d, 0xa73c,
    0xa73f, 0xa73e, 0xa741, 0xa740, 0xa743, 0xa742, 0xa745, 0xa744,
    0xa747, 0xa746, 0xa749, 0xa748, 0xa74b, 0xa74a, 0xa74d, 0xa74c,
    0xa74f, 0xa74e, 0xa751, 0xa750, 0xa753, 0xa752, 0xa755, 0xa754,
    0xa757, 0xa756, 0xa759, 0xa758, 0xa75b, 0xa75a, 0xa75d, 0xa75c,
    0xa75f, 0xa75e, 0xa761, 0xa760, 0xa763, 0xa762, 0xa765, 0xa764,
    0xa767, 0xa766, 0xa769, 0xa768, 0xa76b, 0xa76a, 0xa76d, 0xa76c,
    0xa76f, 0xa76e, 0xa77a, 0xa779, 0xa77c, 0xa77b, 0x1d79, 0xa77f,
    0xa77e, 0xa781, 0xa780, 0xa783, 0xa782, 0xa785, 0xa784, 0xa787,
    0xa786, 0xa78c, 0xa78b, 0x265, 0xa791, 0xa790, 0xa793, 0xa792,
    0xa7c4, 0xa797, 0xa796, 0xa799, 0xa798, 0xa79b, 0xa79a, 0xa79d,
    0xa79c, 0xa79f, 0xa79e, 0xa7a1, 0xa7a0, 0xa7a3, 0xa7a2, 0xa7a5,
    0xa7a4, 0xa7a7, 0xa7a6, 0xa7a9, 0xa7a8, 0x266, 0x25c, 0x261,
    0x26c, 0x26a, 0x29e, 0x287, 0x29d, 0xab53, 0xa7b5, 0xa7b4,
    0xa7b7, 0xa7b6, 0xa7b9, 0xa7b8, 0xa7bb, 0xa7ba, 0xa7bd, 0xa7bc,
    0xa7bf, 0xa7be, 0xa7c1, 0xa7c0, 0xa7c3, 0xa7c2, 0xa794, 0x282,
    0x1d8e, 0xa7c8, 0xa7c7, 0xa7ca, 0xa7c9, 0x264, 0xa7cd, 0xa7cc,
    0xa7cf, 0xa7ce, 0xa7d1, 0xa7d0, 0xa7d3, 0xa7d2, 0xa7d5, 0xa7d4,
    0xa7d7, 0xa7d6, 0xa7d9, 0xa7d8, 0xa7db, 0xa7da, 0x19b, 0x277,
    0x27c, 0xa7f6, 0xa7f5, 0xab6c, 0xab6d, 0xa7b3, 0xab4b, 0xab4c,
    0x13a0, 0x13a1, 0x13a2, 0x13a3, 0x13a4, 0x13a5, 0x13a6, 0x13a7,
    0x13a8, 0x13a9, 0x13aa, 0x13ab, 0x13ac, 0x13ad, 0x13ae, 0x13af,
    0x13b0, 0x13b1, 0x13b2, 0x13b3, 0x13b4, 0x13b5, 0x13b6, 0x13b7,
    0x13b8, 0x13b9, 0x13ba, 0x13bb, 0x13bc, 0x13bd, 0x13be, 0x13bf,
    0x13c0, 0x13c1, 0x13c2, 0x13c3, 0x13c4, 0x13c5, 0x13c6, 0x13c7,
    0x13c8, 0x13c9, 0x13ca, 0x13cb, 0x13cc, 0x13cd, 0x13ce, 0x13cf,
    0x13d0, 0x13d1, 0x13d2, 0x13d3, 0x13d4, 0x13d5, 0x13d6, 0x13d7,
    0x13d8, 0x13d9, 0x13da, 0x13db, 0x13dc, 0x13dd, 0x13de, 0x13df,
    0x13e0, 0x13e1, 0x13e2, 0x13e3, 0x13e4, 0x13e5, 0x13e6, 0x13e7,
    0x13e8, 0x13e9, 0x13ea, 0x13eb, 0x13ec, 0x13ed, 0x13ee, 0x13ef,
    0x46, 0x46, 0x46, 0x49, 0x46, 0x4c, 0x46, 0x46,
    0x49, 0x46, 0x46, 0x4c, 0x53, 0x54, 0x544, 0x546,
    0x544, 0x535, 0x544, 0x53b, 0x54e, 0x546, 0x544, 0x53d,
    0xff41, 0xff42, 0xff43, 0xff44, 0xff45, 0xff46, 0xff47, 0xff48,
    0xff49, 0xff4a, 0xff4b, 0xff4c, 0xff4d, 0xff4e, 0xff4f, 0xff50,
    0xff51, 0xff52, 0xff53, 0xff54, 0xff55, 0xff56, 0xff57, 0xff58,
    0xff59, 0xff5a, 0xff21, 0xff22, 0xff23, 0xff24, 0xff25, 0xff26,
    0xff27, 0xff28, 0xff29, 0xff2a, 0xff2b, 0xff2c, 0xff2d, 0xff2e,
    0xff2f, 0xff30, 0xff31, 0xff32, 0xff33, 0xff34, 0xff35, 0xff36,
    0xff37, 0xff38, 0xff39, 0xff3a, 0x10428, 0x10429, 0x1042a, 0x1042b,
    0x1042c, 0x1042d, 0x1042e, 0x1042f, 0x10430, 0x10431, 0x10432, 0x10433,
    0x10434, 0x10435, 0x10436, 0x10437, 0x10438, 0x10439, 0x1043a, 0x1043b,
    0x1043c, 0x1043d, 0x1043e, 0x1043f, 0x10440, 0x10441, 0x10442, 0x10443,
    0x10444, 0x10445, 0x10446, 0x10447, 0x10448, 0x10449, 0x1044a, 0x1044b,
    0x1044c, 0x1044d, 0x1044e, 0x1044f, 0x10400, 0x10401, 0x10402, 0x10403,
    0x10404, 0x10405, 0x10406, 0x10407, 0x10408, 0x10409, 0x1040a, 0x1040b,
    0x1040c, 0x1040d, 0x1040e, 0x1040f, 0x10410, 0x10411, 0x10412, 0x10413,
    0x10414, 0x10415, 0x10416, 0x10417, 0x10418, 0x10419, 0x1041a, 0x1041b,
    0x1041c, 0x1041d, 0x1041e, 0x1041f, 0x10420, 0x10421, 0x10422, 0x10423,
    0x10424, 0x10425, 0x10426, 0x10427, 0x104d8, 0x104d9, 0x104da, 0x104db,
    0x104dc, 0x104dd, 0x104de, 0x104df, 0x104e0, 0x104e1, 0x104e2, 0x104e3,
    0x104e4, 0x104e5, 0x104e6, 0x104e7, 0x104e8, 0x104e9, 0x104ea, 0x104eb,
    0x104ec, 0x104ed, 0x104ee, 0x104ef, 0x104f0, 0x104f1, 0x104f2, 0x104f3,
    0x104f4, 0x104f5, 0x104f6, 0x104f7, 0x104f8, 0x104f9, 0x104fa, 0x104fb,
    0x104b0, 0x104b1, 0x104b2, 0x104b3, 0x104b4, 0x104b5, 0x104b6, 0x104b7,
    0x104b8, 0x104b9, 0x104ba, 0x104bb, 0x104bc, 0x104bd, 0x104be, 0x104bf,
    0x104c0, 0x104c1, 0x104c2, 0x104c3, 0x104c4, 0x104c5, 0x104c6, 0x104c7,
    0x104c8, 0x104c9, 0x104ca, 0x104cb, 0x104cc, 0x104cd, 0x104ce, 0x104cf,
    0x104d0, 0x104d1, 0x104d2, 0x104d3, 0x10597, 0x10598, 0x10599, 0x1059a,
    0x1059b, 0x1059c, 0x1059d, 0x1059e, 0x1059f, 0x105a0, 0x105a1, 0x105a3,
    0x105a4, 0x105a5, 0x105a6, 0x105a7, 0x105a8, 0x105a9, 0x105aa, 0x105ab,
    0x105ac, 0x105ad, 0x105ae, 0x105af, 0x105b0, 0x105b1, 0x105b3, 0x105b4,
    0x105b5, 0x105b6, 0x105b7, 0x105b8, 0x105b9, 0x105bb, 0x105bc, 0x10570,
    0x10571, 0x10572, 0x10573, 0x10574, 0x10575, 0x10576, 0x10577, 0x10578,
    0x10579, 0x1057a, 0x1057c, 0x1057d, 0x1057e, 0x1057f, 0x10580, 0x10581,
    0x10582, 0x10583, 0x10584, 0x10585, 0x10586, 0x10587, 0x10588, 0x10589,
    0x1058a, 0x1058c, 0x1058d, 0x1058e, 0x1058f, 0x10590, 0x10591, 0x10592,
    0x10594, 0x10595, 0x10cc0, 0x10cc1, 0x10cc2, 0x10cc3, 0x10cc4, 0x10cc5,
    0x10cc6, 0x10cc7, 0x10cc8, 0x10cc9, 0x10cca, 0x10ccb, 0x10ccc, 0x10ccd,
    0x10cce, 0x10ccf, 0x10cd0, 0x10cd1, 0x10cd2, 0x10cd3, 0x10cd4, 0x10cd5,
    0x10cd6, 0x10cd7, 0x10cd8, 0x10cd9, 0x10cda, 0x10cdb, 0x10cdc, 0x10cdd,
    0x10cde, 0x10cdf, 0x10ce0, 0x10ce1, 0x10ce2, 0x10ce3, 0x10ce4, 0x10ce5,
    0x10ce6, 0x10ce7, 0x10ce8, 0x10ce9, 0x10cea, 0x10ceb, 0x10cec, 0x10ced,
    0x10cee, 0x10cef, 0x10cf0, 0x10cf1, 0x10cf2, 0x10c80, 0x10c81, 0x10c82,
    0x10c83, 0x10c84, 0x10c85, 0x10c86, 0x10c87, 0x10c88, 0x10c89, 0x10c8a,
    0x10c8b, 0x10c8c, 0x10c8d, 0x10c8e, 0x10c8f, 0x10c90, 0x10c91, 0x10c92,
    0x10c93, 0x10c94, 0x10c95, 0x10c96, 0x10c97, 0x10c98, 0x10c99, 0x10c9a,
    0x10c9b, 0x10c9c, 0x10c9d, 0x10c9e, 0x10c9f, 0x10ca0, 0x10ca1, 0x10ca2,
    0x10ca3, 0x10ca4, 0x10ca5, 0x10ca6, 0x10ca7, 0x10ca8, 0x10ca9, 0x10caa,
    0x10cab, 0x10cac, 0x10cad, 0x10cae, 0x10caf, 0x10cb0, 0x10cb1, 0x10cb2,
    0x10d70, 0x10d71, 0x10d72, 0x10d73, 0x10d74, 0x10d75, 0x10d76, 0x10d77,
    0x10d78, 0x10d79, 0x10d7a, 0x10d7b, 0x10d7c, 0x10d7d, 0x10d7e, 0x10d7f,
    0x10d80, 0x10d81, 0x10d82, 0x10d83, 0x10d84, 0x10d85, 0x10d50, 0x10d51,
    0x10d52, 0x10d53, 0x10d54, 0x10d55, 0x10d56, 0x10d57, 0x10d58, 0x10d59,
    0x10d5a, 0x10d5b, 0x10d5c, 0x10d5d, 0x10d5e, 0x10d5f, 0x10d60, 0x10d61,
    0x10d62, 0x10d63, 0x10d64, 0x10d65, 0x118c0, 0x118c1, 0x118c2, 0x118c3,
    0x118c4, 0x118c5, 0x118c6, 0x118c7, 0x118c8, 0x118c9, 0x118ca, 0x118cb,
    0x118cc, 0x118cd, 0x118ce, 0x118cf, 0x118d0, 0x118d1, 0x118d2, 0x118d3,
    0x118d4, 0x118d5, 0x118d6, 0x118d7, 0x118d8, 0x118d9, 0x118da, 0x118db,
    0x118dc, 0x118dd, 0x118de, 0x118df, 0x118a0, 0x118a1, 0x118a2, 0x118a3,
    0x118a4, 0x118a5, 0x118a6, 0x118a7, 0x118a8, 0x118a9, 0x118aa, 0x118ab,
    0x118ac, 0x118ad, 0x118ae, 0x118af, 0x118b0, 0x118b1, 0x118b2, 0x118b3,
    0x118b4, 0x118b5, 0x118b6, 0x118b7, 0x118b8, 0x118b9, 0x118ba, 0x118bb,
    0x118bc, 0x118bd, 0x118be, 0x118bf, 0x16e60, 0x16e61, 0x16e62, 0x16e63,
    0x16e64, 0x16e65, 0x16e66, 0x16e67, 0x16e68, 0x16e69, 0x16e6a, 0x16e6b,
    0x16e6c, 0x16e6d, 0x16e6e, 0x16e6f, 0x16e70, 0x16e71, 0x16e72, 0x16e73,
    0x16e74, 0x16e75, 0x16e76, 0x16e77, 0x16e78, 0x16e79, 0x16e7a, 0x16e7b,
    0x16e7c, 0x16e7d, 0x16e7e, 0x16e7f, 0x16e40, 0x16e41, 0x16e42, 0x16e43,
    0x16e44, 0x16e45, 0x16e46, 0x16e47, 0x16e48, 0x16e49, 0x16e4a, 0x16e4b,
    0x16e4c, 0x16e4d, 0x16e4e, 0x16e4f, 0x16e50, 0x16e51, 0x16e52, 0x16e53,
    0x16e54, 0x16e55, 0x16e56, 0x16e57, 0x16e58, 0x16e59, 0x16e5a, 0x16e5b,
    0x16e5c, 0x16e5d, 0x16e5e, 0x16e5f, 0x16ebb, 0x16ebc, 0x16ebd, 0x16ebe,
    0x16ebf, 0x16ec0, 0x16ec1, 0x16ec2, 0x16ec3, 0x16ec4, 0x16ec5, 0x16ec6,
    0x16ec7, 0x16ec8, 0x16ec9, 0x16eca, 0x16ecb, 0x16ecc, 0x16ecd, 0x16ece,
    0x16ecf, 0x16ed0, 0x16ed1, 0x16ed2, 0x16ed3, 0x16ea0, 0x16ea1, 0x16ea2,
    0x16ea3, 0x16ea4, 0x16ea5, 0x16ea6, 0x16ea7, 0x16ea8, 0x16ea9, 0x16eaa,
    0x16eab, 0x16eac, 0x16ead, 0x16eae, 0x16eaf, 0x16eb0, 0x16eb1, 0x16eb2,
    0x16eb3, 0x16eb4, 0x16eb5, 0x16eb6, 0x16eb7, 0x16eb8, 0x1df41, 0x1df40,
    0x1df49, 0x1df48, 0x1df4b, 0x1df4a, 0x1df4e, 0x1df4d, 0x1df52, 0x1df51,
    0x1df69, 0x1df68, 0x1df6b, 0x1df6a, 0x1df6d, 0x1df6c, 0x1df6f, 0x1df6e,
    0x1df73, 0x1df72, 0x1df75, 0x1df74, 0x1df77, 0x1df76, 0x1df79, 0x1df78,
    0x1df7b, 0x1df7a, 0x1df7d, 0x1df7c, 0x1df7f, 0x1df7e, 0x1e922, 0x1e923,
    0x1e924, 0x1e925, 0x1e926, 0x1e927, 0x1e928, 0x1e929, 0x1e92a, 0x1e92b,
    0x1e92c, 0x1e92d, 0x1e92e, 0x1e92f, 0x1e930, 0x1e931, 0x1e932, 0x1e933,
    0x1e934, 0x1e935, 0x1e936, 0x1e937, 0x1e938, 0x1e939, 0x1e93a, 0x1e93b,
    0x1e93c, 0x1e93d, 0x1e93e, 0x1e93f, 0x1e940, 0x1e941, 0x1e942, 0x1e943,
    0x1e900, 0x1e901, 0x1e902, 0x1e903, 0x1e904, 0x1e905, 0x1e906, 0x1e907,
    0x1e908, 0x1e909, 0x1e90a, 0x1e90b, 0x1e90c, 0x1e90d, 0x1e90e, 0x1e90f,
    0x1e910, 0x1e911, 0x1e912, 0x1e913, 0x1e914, 0x1e915, 0x1e916, 0x1e917,
    0x1e918, 0x1e919, 0x1e91a, 0x1e91b, 0x1e91c, 0x1e91d, 0x1e91e, 0x1e91f,
    0x1e920, 0x1e921,
};
static const CasingMapping casingMappings[] = {
    {0x41, 0, 0, 1, 0},
    {0x42, 1, 0, 1, 0},
    {0x43, 2, 0, 1, 0},
    {0x44, 3, 0, 1, 0},
    {0x45, 4, 0, 1, 0},
    {0x46, 5, 0, 1, 0},
    {0x47, 6, 0, 1, 0},
    {0x48, 7, 0, 1, 0},
    {0x49, 8, 0, 1, 0},
    {0x4a, 9, 0, 1, 0},
    {0x4b, 10, 0, 1, 0},
    {0x4c, 11, 0, 1, 0},
    {0x4d, 12, 0, 1, 0},
    {0x4e, 13, 0, 1, 0},
    {0x4f, 14, 0, 1, 0},
    {0x50, 15, 0, 1, 0},
    {0x51, 16, 0, 1, 0},
    {0x52, 17, 0, 1, 0},
    {0x53, 18, 0, 1, 0},
    {0x54, 19, 0, 1, 0},
    {0x55, 20, 0, 1, 0},
    {0x56, 21, 0, 1, 0},
    {0x57, 22, 0, 1, 0},
    {0x58, 23, 0, 1, 0},
    {0x59, 24, 0, 1, 0},
    {0x5a, 25, 0, 1, 0},
    {0x61, 0, 26, 0, 1},
    {0x62, 0, 27, 0, 1},
    {0x63, 0, 28, 0, 1},
    {0x64, 0, 29, 0, 1},
    {0x65, 0, 30, 0, 1},
    {0x66, 0, 31, 0, 1},
    {0x67, 0, 32, 0, 1},
    {0x68, 0, 33, 0, 1},
    {0x69, 0, 34, 0, 1},
    {0x6a, 0, 35, 0, 1},
    {0x6b, 0, 36, 0, 1},
    {0x6c, 0, 37, 0, 1},
    {0x6d, 0, 38, 0, 1},
    {0x6e, 0, 39, 0, 1},
    {0x6f, 0, 40, 0, 1},
    {0x70, 0, 41, 0, 1},
    {0x71, 0, 42, 0, 1},
    {0x72, 0, 43, 0, 1},
    {0x73, 0, 44, 0, 1},
    {0x74, 0, 45, 0, 1},
    {0x75, 0, 46, 0, 1},
    {0x76, 0, 47, 0, 1},
    {0x77, 0, 48, 0, 1},
    {0x78, 0, 49, 0, 1},
    {0x79, 0, 50, 0, 1},
    {0x7a, 0, 51, 0, 1},
    {0xb5, 0, 52, 0, 1},
    {0xc0, 53, 0, 1, 0},
    {0xc1, 54, 0, 1, 0},
    {0xc2, 55, 0, 1, 0},
    {0xc3, 56, 0, 1, 0},
    {0xc4, 57, 0, 1, 0},
    {0xc5, 58, 0, 1, 0},
    {0xc6, 59, 0, 1, 0},
    {0xc7, 60, 0, 1, 0},
    {0xc8, 61, 0, 1, 0},
    {0xc9, 62, 0, 1, 0},
    {0xca, 63, 0, 1, 0},
    {0xcb, 64, 0, 1, 0},
    {0xcc, 65, 0, 1, 0},
    {0xcd, 66, 0, 1, 0},
    {0xce, 67, 0, 1, 0},
    {0xcf, 68, 0, 1, 0},
    {0xd0, 69, 0, 1, 0},
    {0xd1, 70, 0, 1, 0},
    {0xd2, 71, 0, 1, 0},
    {0xd3, 72, 0, 1, 0},
    {0xd4, 73, 0, 1, 0},
    {0xd5, 74, 0, 1, 0},
    {0xd6, 75, 0, 1, 0},
    {0xd8, 76, 0, 1, 0},
    {0xd9, 77, 0, 1, 0},
    {0xda, 78, 0, 1, 0},
    {0xdb, 79, 0, 1, 0},
    {0xdc, 80, 0, 1, 0},
    {0xdd, 81, 0, 1, 0},
    {0xde, 82, 0, 1, 0},
    {0xdf, 0, 83, 0, 2},
    {0xe0, 0, 85, 0, 1},
    {0xe1, 0, 86, 0, 1},
    {0xe2, 0, 87, 0, 1},
    {0xe3, 0, 88, 0, 1},
    {0xe4, 0, 89, 0, 1},
    {0xe5, 0, 90, 0, 1},
    {0xe6, 0, 91, 0, 1},
    {0xe7, 0, 92, 0, 1},
    {0xe8, 0, 93, 0, 1},
    {0xe9, 0, 94, 0, 1},
    {0xea, 0, 95, 0, 1},
    {0xeb, 0, 96, 0, 1},
    {0xec, 0, 97, 0, 1},
    {0xed, 0, 98, 0, 1},
    {0xee, 0, 99, 0, 1},
    {0xef, 0, 100, 0, 1},
    {0xf0, 0, 101, 0, 1},
    {0xf1, 0, 102, 0, 1},
    {0xf2, 0, 103, 0, 1},
    {0xf3, 0, 104, 0, 1},
    {0xf4, 0, 105, 0, 1},
    {0xf5, 0, 106, 0, 1},
    {0xf6, 0, 107, 0, 1},
    {0xf8, 0, 108, 0, 1},
    {0xf9, 0, 109, 0, 1},
    {0xfa, 0, 110, 0, 1},
    {0xfb, 0, 111, 0, 1},
    {0xfc, 0, 112, 0, 1},
    {0xfd, 0, 113, 0, 1},
    {0xfe, 0, 114, 0, 1},
    {0xff, 0, 115, 0, 1},
    {0x100, 116, 0, 1, 0},
    {0x101, 0, 117, 0, 1},
    {0x102, 118, 0, 1, 0},
    {0x103, 0, 119, 0, 1},
    {0x104, 120, 0, 1, 0},
    {0x105, 0, 121, 0, 1},
    {0x106, 122, 0, 1, 0},
    {0x107, 0, 123, 0, 1},
    {0x108, 124, 0, 1, 0},
    {0x109, 0, 125, 0, 1},
    {0x10a, 126, 0, 1, 0},
    {0x10b, 0, 127, 0, 1},
    {0x10c, 128, 0, 1, 0},
    {0x10d, 0, 129, 0, 1},
    {0x10e, 130, 0, 1, 0},
    {0x10f, 0, 131, 0, 1},
    {0x110, 132, 0, 1, 0},
    {0x111, 0, 133, 0, 1},
    {0x112, 134, 0, 1, 0},
    {0x113, 0, 135, 0, 1},
    {0x114, 136, 0, 1, 0},
    {0x115, 0, 137, 0, 1},
    {0x116, 138, 0, 1, 0},
    {0x117, 0, 139, 0, 1},
    {0x118, 140, 0, 1, 0},
    {0x119, 0, 141, 0, 1},
    {0x11a, 142, 0, 1, 0},
    {0x11b, 0, 143, 0, 1},
    {0x11c, 144, 0, 1, 0},
    {0x11d, 0, 145, 0, 1},
    {0x11e, 146, 0, 1, 0},
    {0x11f, 0, 147, 0, 1},
    {0x120, 148, 0, 1, 0},
    {0x121, 0, 149, 0, 1},
    {0x122, 150, 0, 1, 0},
    {0x123, 0, 151, 0, 1},
    {0x124, 152, 0, 1, 0},
    {0x125, 0, 153, 0, 1},
    {0x126, 154, 0, 1, 0},
    {0x127, 0, 155, 0, 1},
    {0x128, 156, 0, 1, 0},
    {0x129, 0, 157, 0, 1},
    {0x12a, 158, 0, 1, 0},
    {0x12b, 0, 159, 0, 1},
    {0x12c, 160, 0, 1, 0},
    {0x12d, 0, 161, 0, 1},
    {0x12e, 162, 0, 1, 0},
    {0x12f, 0, 163, 0, 1},
    {0x130, 164, 0, 2, 0},
    {0x131, 0, 34, 0, 1},
    {0x132, 166, 0, 1, 0},
    {0x133, 0, 167, 0, 1},
    {0x134, 168, 0, 1, 0},
    {0x135, 0, 169, 0, 1},
    {0x136, 170, 0, 1, 0},
    {0x137, 0, 171, 0, 1},
    {0x139, 172, 0, 1, 0},
    {0x13a, 0, 173, 0, 1},
    {0x13b, 174, 0, 1, 0},
    {0x13c, 0, 175, 0, 1},
    {0x13d, 176, 0, 1, 0},
    {0x13e, 0, 177, 0, 1},
    {0x13f, 178, 0, 1, 0},
    {0x140, 0, 179, 0, 1},
    {0x141, 180, 0, 1, 0},
    {0x142, 0, 181, 0, 1},
    {0x143, 182, 0, 1, 0},
    {0x144, 0, 183, 0, 1},
    {0x145, 184, 0, 1, 0},
    {0x146, 0, 185, 0, 1},
    {0x147, 186, 0, 1, 0},
    {0x148, 0, 187, 0, 1},
    {0x149, 0, 188, 0, 2},
    {0x14a, 190, 0, 1, 0},
    {0x14b, 0, 191, 0, 1},
    {0x14c, 192, 0, 1, 0},
    {0x14d, 0, 193, 0, 1},
    {0x14e, 194, 0, 1, 0},
    {0x14f, 0, 195, 0, 1},
    {0x150, 196, 0, 1, 0},
    {0x151, 0, 197, 0, 1},
    {0x152, 198, 0, 1, 0},
    {0x153, 0, 199, 0, 1},
    {0x154, 200, 0, 1, 0},
    {0x155, 0, 201, 0, 1},
    {0x156, 202, 0, 1, 0},
    {0x157, 0, 203, 0, 1},
    {0x158, 204, 0, 1, 0},
    {0x159, 0, 205, 0, 1},
    {0x15a, 206, 0, 1, 0},
    {0x15b, 0, 207, 0, 1},
    {0x15c, 208, 0, 1, 0},
    {0x15d, 0, 209, 0, 1},
    {0x15e, 210, 0, 1, 0},
    {0x15f, 0, 211, 0, 1},
    {0x160, 212, 0, 1, 0},
    {0x161, 0, 213, 0, 1},
    {0x162, 214, 0, 1, 0},
    {0x163, 0, 215, 0, 1},
    {0x164, 216, 0, 1, 0},
    {0x165, 0, 217, 0, 1},
    {0x166, 218, 0, 1, 0},
    {0x167, 0, 219, 0, 1},
    {0x168, 220, 0, 1, 0},
    {0x169, 0, 221, 0, 1},
    {0x16a, 222, 0, 1, 0},
    {0x16b, 0, 223, 0, 1},
    {0x16c, 224, 0, 1, 0},
    {0x16d, 0, 225, 0, 1},
    {0x16e, 226, 0, 1, 0},
    {0x16f, 0, 227, 0, 1},
    {0x170, 228, 0, 1, 0},
    {0x171, 0, 229, 0, 1},
    {0x172, 230, 0, 1, 0},
    {0x173, 0, 231, 0, 1},
    {0x174, 232, 0, 1, 0},
    {0x175, 0, 233, 0, 1},
    {0x176, 234, 0, 1, 0},
    {0x177, 0, 235, 0, 1},
    {0x178, 236, 0, 1, 0},
    {0x179, 237, 0, 1, 0},
    {0x17a, 0, 238, 0, 1},
    {0x17b, 239, 0, 1, 0},
    {0x17c, 0, 240, 0, 1},
    {0x17d, 241, 0, 1, 0},
    {0x17e, 0, 242, 0, 1},
    {0x17f, 0, 44, 0, 1},
    {0x180, 0, 243, 0, 1},
    {0x181, 244, 0, 1, 0},
    {0x182, 245, 0, 1, 0},
    {0x183, 0, 246, 0, 1},
    {0x184, 247, 0, 1, 0},
    {0x185, 0, 248, 0, 1},
    {0x186, 249, 0, 1, 0},
    {0x187, 250, 0, 1, 0},
    {0x188, 0, 251, 0, 1},
    {0x189, 252, 0, 1, 0},
    {0x18a, 253, 0, 1, 0},
    {0x18b, 254, 0, 1, 0},
    {0x18c, 0, 255, 0, 1},
    {0x18e, 256, 0, 1, 0},
    {0x18f, 257, 0, 1, 0},
    {0x190, 258, 0, 1, 0},
    {0x191, 259, 0, 1, 0},
    {0x192, 0, 260, 0, 1},
    {0x193, 261, 0, 1, 0},
    {0x194, 262, 0, 1, 0},
    {0x195, 0, 263, 0, 1},
    {0x196, 264, 0, 1, 0},
    {0x197, 265, 0, 1, 0},
    {0x198, 266, 0, 1, 0},
    {0x199, 0, 267, 0, 1},
    {0x19a, 0, 268, 0, 1},
    {0x19b, 0, 269, 0, 1},
    {0x19c, 270, 0, 1, 0},
    {0x19d, 271, 0, 1, 0},
    {0x19e, 0, 272, 0, 1},
    {0x19f, 273, 0, 1, 0},
    {0x1a0, 274, 0, 1, 0},
    {0x1a1, 0, 275, 0, 1},
    {0x1a2, 276, 0, 1, 0},
    {0x1a3, 0, 277, 0, 1},
    {0x1a4, 278, 0, 1, 0},
    {0x1a5, 0, 279, 0, 1},
    {0x1a6, 280, 0, 1, 0},
    {0x1a7, 281, 0, 1, 0},
    {0x1a8, 0, 282, 0, 1},
    {0x1a9, 283, 0, 1, 0},
    {0x1ac, 284, 0, 1, 0},
    {0x1ad, 0, 285, 0, 1},
    {0x1ae, 286, 0, 1, 0},
    {0x1af, 287, 0, 1, 0},
    {0x1b0, 0, 288, 0, 1},
    {0x1b1, 289, 0, 1, 0},
    {0x1b2, 290, 0, 1, 0},
    {0x1b3, 291, 0, 1, 0},
    {0x1b4, 0, 292, 0, 1},
    {0x1b5, 293, 0, 1, 0},
    {0x1b6, 0, 294, 0, 1},
    {0x1b7, 295, 0, 1, 0},
    {0x1b8, 296, 0, 1, 0},
    {0x1b9, 0, 297, 0, 1},
    {0x1bc, 298, 0, 1, 0},
    {0x1bd, 0, 299, 0, 1},
    {0x1bf, 0, 300, 0, 1},
    {0x1c4, 301, 0, 1, 0},
    {0x1c5, 301, 302, 1, 1},
    {0x1c6, 0, 302, 0, 1},
    {0x1c7, 303, 0, 1, 0},
    {0x1c8, 303, 304, 1, 1},
    {0x1c9, 0, 304, 0, 1},
    {0x1ca, 305, 0, 1, 0},
    {0x1cb, 305, 306, 1, 1},
    {0x1cc, 0, 306, 0, 1},
    {0x1cd, 307, 0, 1, 0},
    {0x1ce, 0, 308, 0, 1},
    {0x1cf, 309, 0, 1, 0},
    {0x1d0, 0, 310, 0, 1},
    {0x1d1, 311, 0, 1, 0},
    {0x1d2, 0, 312, 0, 1},
    {0x1d3, 313, 0, 1, 0},
    {0x1d4, 0, 314, 0, 1},
    {0x1d5, 315, 0, 1, 0},
    {0x1d6, 0, 316, 0, 1},
    {0x1d7, 317, 0, 1, 0},
    {0x1d8, 0, 318, 0, 1},
    {0x1d9, 319, 0, 1, 0},
    {0x1da, 0, 320, 0, 1},
    {0x1db, 321, 0, 1, 0},
    {0x1dc, 0, 322, 0, 1},
    {0x1dd, 0, 323, 0, 1},
    {0x1de, 324, 0, 1, 0},
    {0x1df, 0, 325, 0, 1},
    {0x1e0, 326, 0, 1, 0},
    {0x1e1, 0, 327, 0, 1},
    {0x1e2, 328, 0, 1, 0},
    {0x1e3, 0, 329, 0, 1},
    {0x1e4, 330, 0, 1, 0},
    {0x1e5, 0, 331, 0, 1},
    {0x1e6, 332, 0, 1, 0},
    {0x1e7, 0, 333, 0, 1},
    {0x1e8, 334, 0, 1, 0},
    {0x1e9, 0, 335, 0, 1},
    {0x1ea, 336, 0, 1, 0},
    {0x1eb, 0, 337, 0, 1},
    {0x1ec, 338, 0, 1, 0},
    {0x1ed, 0, 339, 0, 1},
    {0x1ee, 340, 0, 1, 0},
    {0x1ef, 0, 341, 0, 1},
    {0x1f0, 0, 342, 0, 2},
    {0x1f1, 344, 0, 1, 0},
    {0x1f2, 344, 345, 1, 1},
    {0x1f3, 0, 345, 0, 1},
    {0x1f4, 346, 0, 1, 0},
    {0x1f5, 0, 347, 0, 1},
    {0x1f6, 348, 0, 1, 0},
    {0x1f7, 349, 0, 1, 0},
    {0x1f8, 350, 0, 1, 0},
    {0x1f9, 0, 351, 0, 1},
    {0x1fa, 352, 0, 1, 0},
    {0x1fb, 0, 353, 0, 1},
    {0x1fc, 354, 0, 1, 0},
    {0x1fd, 0, 355, 0, 1},
    {0x1fe, 356, 0, 1, 0},
    {0x1ff, 0, 357, 0, 1},
    {0x200, 358, 0, 1, 0},
    {0x201, 0, 359, 0, 1},
    {0x202, 360, 0, 1, 0},
    {0x203, 0, 361, 0, 1},
    {0x204, 362, 0, 1, 0},
    {0x205, 0, 363, 0, 1},
    {0x206, 364, 0, 1, 0},
    {0x207, 0, 365, 0, 1},
    {0x208, 366, 0, 1, 0},
    {0x209, 0, 367, 0, 1},
    {0x20a, 368, 0, 1, 0},
    {0x20b, 0, 369, 0, 1},
    {0x20c, 370, 0, 1, 0},
    {0x20d, 0, 371, 0, 1},
    {0x20e, 372, 0, 1, 0},
    {0x20f, 0, 373, 0, 1},
    {0x210, 374, 0, 1, 0},
    {0x211, 0, 375, 0, 1},
    {0x212, 376, 0, 1, 0},
    {0x213, 0, 377, 0, 1},
    {0x214, 378, 0, 1, 0},
    {0x215, 0, 379, 0, 1},
    {0x216, 380, 0, 1, 0},
    {0x217, 0, 381, 0, 1},
    {0x218, 382, 0, 1, 0},
    {0x219, 0, 383, 0, 1},
    {0x21a, 384, 0, 1, 0},
    {0x21b, 0, 385, 0, 1},
    {0x21c, 386, 0, 1, 0},
    {0x21d, 0, 387, 0, 1},
    {0x21e, 388, 0, 1, 0},
    {0x21f, 0, 389, 0, 1},
    {0x220, 390, 0, 1, 0},
    {0x222, 391, 0, 1, 0},
    {0x223, 0, 392, 0, 1},
    {0x224, 393, 0, 1, 0},
    {0x225, 0, 394, 0, 1},
    {0x226, 395, 0, 1, 0},
    {0x227, 0, 396, 0, 1},
    {0x228, 397, 0, 1, 0},
    {0x229, 0, 398, 0, 1},
    {0x22a, 399, 0, 1, 0},
    {0x22b, 0, 400, 0, 1},
    {0x22c, 401, 0, 1, 0},
    {0x22d, 0, 402, 0, 1},
    {0x22e, 403, 0, 1, 0},
    {0x22f, 0, 404, 0, 1},
    {0x230, 405, 0, 1, 0},
    {0x231, 0, 406, 0, 1},
    {0x232, 407, 0, 1, 0},
    {0x233, 0, 408, 0, 1},
    {0x23a, 409, 0, 1, 0},
    {0x23b, 410, 0, 1, 0},
    {0x23c, 0, 411, 0, 1},
    {0x23d, 412, 0, 1, 0},
    {0x23e, 413, 0, 1, 0},
    {0x23f, 0, 414, 0, 1},
    {0x240, 0, 415, 0, 1},
    {0x241, 416, 0, 1, 0},
    {0x242, 0, 417, 0, 1},
    {0x243, 418, 0, 1, 0},
    {0x244, 419, 0, 1, 0},
    {0x245, 420, 0, 1, 0},
    {0x246, 421, 0, 1, 0},
    {0x247, 0, 422, 0, 1},
    {0x248, 423, 0, 1, 0},
    {0x249, 0, 424, 0, 1},
    {0x24a, 425, 0, 1, 0},
    {0x24b, 0, 426, 0, 1},
    {0x24c, 427, 0, 1, 0},
    {0x24d, 0, 428, 0, 1},
    {0x24e, 429, 0, 1, 0},
    {0x24f, 0, 430, 0, 1},
    {0x250, 0, 431, 0, 1},
    {0x251, 0, 432, 0, 1},
    {0x252, 0, 433, 0, 1},
    {0x253, 0, 434, 0, 1},
    {0x254, 0, 435, 0, 1},
    {0x256, 0, 436, 0, 1},
    {0x257, 0, 437, 0, 1},
    {0x259, 0, 438, 0, 1},
    {0x25b, 0, 439, 0, 1},
    {0x25c, 0, 440, 0, 1},
    {0x260, 0, 441, 0, 1},
    {0x261, 0, 442, 0, 1},
    {0x263, 0, 443, 0, 1},
    {0x264, 0, 444, 0, 1},
    {0x265, 0, 445, 0, 1},
    {0x266, 0, 446, 0, 1},
    {0x268, 0, 447, 0, 1},
    {0x269, 0, 448, 0, 1},
    {0x26a, 0, 449, 0, 1},
    {0x26b, 0, 450, 0, 1},
    {0x26c, 0, 451, 0, 1},
    {0x26f, 0, 452, 0, 1},
    {0x271, 0, 453, 0, 1},
    {0x272, 0, 454, 0, 1},
    {0x275, 0, 455, 0, 1},
    {0x277, 0, 456, 0, 1},
    {0x27c, 0, 457, 0, 1},
    {0x27d, 0, 458, 0, 1},
    {0x280, 0, 459, 0, 1},
    {0x282, 0, 460, 0, 1},
    {0x283, 0, 461, 0, 1},
    {0x287, 0, 462, 0, 1},
    {0x288, 0, 463, 0, 1},
    {0x289, 0, 464, 0, 1},
    {0x28a, 0, 465, 0, 1},
    {0x28b, 0, 466, 0, 1},
    {0x28c, 0, 467, 0, 1},
    {0x292, 0, 468, 0, 1},
    {0x29d, 0, 469, 0, 1},
    {0x29e, 0, 470, 0, 1},
    {0x345, 0, 471, 0, 1},
    {0x370, 472, 0, 1, 0},
    {0x371, 0, 473, 0, 1},
    {0x372, 474, 0, 1, 0},
    {0x373, 0, 475, 0, 1},
    {0x376, 476, 0, 1, 0},
    {0x377, 0, 477, 0, 1},
    {0x37b, 0, 478, 0, 1},
    {0x37c, 0, 479, 0, 1},
    {0x37d, 0, 480, 0, 1},
    {0x37f, 481, 0, 1, 0},
    {0x386, 482, 0, 1, 0},
    {0x388, 483, 0, 1, 0},
    {0x389, 484, 0, 1, 0},
    {0x38a, 485, 0, 1, 0},
    {0x38c, 486, 0, 1, 0},
    {0x38e, 487, 0, 1, 0},
    {0x38f, 488, 0, 1, 0},
    {0x390, 0, 489, 0, 3},
    {0x391, 492, 0, 1, 0},
    {0x392, 493, 0, 1, 0},
    {0x393, 494, 0, 1, 0},
    {0x394, 495, 0, 1, 0},
    {0x395, 496, 0, 1, 0},
    {0x396, 497, 0, 1, 0},
    {0x397, 498, 0, 1, 0},
    {0x398, 499, 0, 1, 0},
    {0x399, 500, 0, 1, 0},
    {0x39a, 501, 0, 1, 0},
    {0x39b, 502, 0, 1, 0},
    {0x39c, 503, 0, 1, 0},
    {0x39d, 504, 0, 1, 0},
    {0x39e, 505, 0, 1, 0},
    {0x39f, 506, 0, 1, 0},
    {0x3a0, 507, 0, 1, 0},
    {0x3a1, 508, 0, 1, 0},
    {0x3a3, 509, 0, 1, 0},
    {0x3a4, 510, 0, 1, 0},
    {0x3a5, 511, 0, 1, 0},
    {0x3a6, 512, 0, 1, 0},
    {0x3a7, 513, 0, 1, 0},
    {0x3a8, 514, 0, 1, 0},
    {0x3a9, 515, 0, 1, 0},
    {0x3aa, 516, 0, 1, 0},
    {0x3ab, 517, 0, 1, 0},
    {0x3ac, 0, 518, 0, 1},
    {0x3ad, 0, 519, 0, 1},
    {0x3ae, 0, 520, 0, 1},
    {0x3af, 0, 521, 0, 1},
    {0x3b0, 0, 522, 0, 3},
    {0x3b1, 0, 525, 0, 1},
    {0x3b2, 0, 526, 0, 1},
    {0x3b3, 0, 527, 0, 1},
    {0x3b4, 0, 528, 0, 1},
    {0x3b5, 0, 529, 0, 1},
    {0x3b6, 0, 530, 0, 1},
    {0x3b7, 0, 531, 0, 1},
    {0x3b8, 0, 532, 0, 1},
    {0x3b9, 0, 471, 0, 1},
    {0x3ba, 0, 533, 0, 1},
    {0x3bb, 0, 534, 0, 1},
    {0x3bc, 0, 52, 0, 1},
    {0x3bd, 0, 535, 0, 1},
    {0x3be, 0, 536, 0, 1},
    {0x3bf, 0, 537, 0, 1},
    {0x3c0, 0, 538, 0, 1},
    {0x3c1, 0, 539, 0, 1},
    {0x3c2, 0, 540, 0, 1},
    {0x3c3, 0, 540, 0, 1},
    {0x3c4, 0, 541, 0, 1},
    {0x3c5, 0, 542, 0, 1},
    {0x3c6, 0, 543, 0, 1},
    {0x3c7, 0, 544, 0, 1},
    {0x3c8, 0, 545, 0, 1},
    {0x3c9, 0, 546, 0, 1},
    {0x3ca, 0, 547, 0, 1},
    {0x3cb, 0, 548, 0, 1},
    {0x3cc, 0, 549, 0, 1},
    {0x3cd, 0, 550, 0, 1},
    {0x3ce, 0, 551, 0, 1},
    {0x3cf, 552, 0, 1, 0},
    {0x3d0, 0, 526, 0, 1},
    {0x3d1, 0, 532, 0, 1},
    {0x3d5, 0, 543, 0, 1},
    {0x3d6, 0, 538, 0, 1},
    {0x3d7, 0, 553, 0, 1},
    {0x3d8, 554, 0, 1, 0},
    {0x3d9, 0, 555, 0, 1},
    {0x3da, 556, 0, 1, 0},
    {0x3db, 0, 557, 0, 1},
    {0x3dc, 558, 0, 1, 0},
    {0x3dd, 0, 559, 0, 1},
    {0x3de, 560, 0, 1, 0},
    {0x3df, 0, 561, 0, 1},
    {0x3e0, 562, 0, 1, 0},
    {0x3e1, 0, 563, 0, 1},
    {0x3e2, 564, 0, 1, 0},
    {0x3e3, 0, 565, 0, 1},
    {0x3e4, 566, 0, 1, 0},
    {0x3e5, 0, 567, 0, 1},
    {0x3e6, 568, 0, 1, 0},
    {0x3e7, 0, 569, 0, 1},
    {0x3e8, 570, 0, 1, 0},
    {0x3e9, 0, 571, 0, 1},
    {0x3ea, 572, 0, 1, 0},
    {0x3eb, 0, 573, 0, 1},
    {0x3ec, 574, 0, 1, 0},
    {0x3ed, 0, 575, 0, 1},
    {0x3ee, 576, 0, 1, 0},
    {0x3ef, 0, 577, 0, 1},
    {0x3f0, 0, 533, 0, 1},
    {0x3f1, 0, 539, 0, 1},
    {0x3f2, 0, 578, 0, 1},
    {0x3f3, 0, 579, 0, 1},
    {0x3f4, 499, 0, 1, 0},
    {0x3f5, 0, 529, 0, 1},
    {0x3f7, 580, 0, 1, 0},
    {0x3f8, 0, 581, 0, 1},
    {0x3f9, 582, 0, 1, 0},
    {0x3fa, 583, 0, 1, 0},
    {0x3fb, 0, 584, 0, 1},
    {0x3fd, 585, 0, 1, 0},
    {0x3fe, 586, 0, 1, 0},
    {0x3ff, 587, 0, 1, 0},
    {0x400, 588, 0, 1, 0},
    {0x401, 589, 0, 1, 0},
    {0x402, 590, 0, 1, 0},
    {0x403, 591, 0, 1, 0},
    {0x404, 592, 0, 1, 0},
    {0x405, 593, 0, 1, 0},
    {0x406, 594, 0, 1, 0},
    {0x407, 595, 0, 1, 0},
    {0x408, 596, 0, 1, 0},
    {0x409, 597, 0, 1, 0},
    {0x40a, 598, 0, 1, 0},
    {0x40b, 599, 0, 1, 0},
    {0x40c, 600, 0, 1, 0},
    {0x40d, 601, 0, 1, 0},
    {0x40e, 602, 0, 1, 0},
    {0x40f, 603, 0, 1, 0},
    {0x410, 604, 0, 1, 0},
    {0x411, 605, 0, 1, 0},
    {0x412, 606, 0, 1, 0},
    {0x413, 607, 0, 1, 0},
    {0x414, 608, 0, 1, 0},
    {0x415, 609, 0, 1, 0},
    {0x416, 610, 0, 1, 0},
    {0x417, 611, 0, 1, 0},
    {0x418, 612, 0, 1, 0},
    {0x419, 613, 0, 1, 0},
    {0x41a, 614, 0, 1, 0},
    {0x41b, 615, 0, 1, 0},
    {0x41c, 616, 0, 1, 0},
    {0x41d, 617, 0, 1, 0},
    {0x41e, 618, 0, 1, 0},
    {0x41f, 619, 0, 1, 0},
    {0x420, 620, 0, 1, 0},
    {0x421, 621, 0, 1, 0},
    {0x422, 622, 0, 1, 0},
    {0x423, 623, 0, 1, 0},
    {0x424, 624, 0, 1, 0},
    {0x425, 625, 0, 1, 0},
    {0x426, 626, 0, 1, 0},
    {0x427, 627, 0, 1, 0},
    {0x428, 628, 0, 1, 0},
    {0x429, 629, 0, 1, 0},
    {0x42a, 630, 0, 1, 0},
    {0x42b, 631, 0, 1, 0},
    {0x42c, 632, 0, 1, 0},
    {0x42d, 633, 0, 1, 0},
    {0x42e, 634, 0, 1, 0},
    {0x42f, 635, 0, 1, 0},
    {0x430, 0, 636, 0, 1},
    {0x431, 0, 637, 0, 1},
    {0x432, 0, 638, 0, 1},
    {0x433, 0, 639, 0, 1},
    {0x434, 0, 640, 0, 1},
    {0x435, 0, 641, 0, 1},
    {0x436, 0, 642, 0, 1},
    {0x437, 0, 643, 0, 1},
    {0x438, 0, 644, 0, 1},
    {0x439, 0, 645, 0, 1},
    {0x43a, 0, 646, 0, 1},
    {0x43b, 0, 647, 0, 1},
    {0x43c, 0, 648, 0, 1},
    {0x43d, 0, 649, 0, 1},
    {0x43e, 0, 650, 0, 1},
    {0x43f, 0, 651, 0, 1},
    {0x440, 0, 652, 0, 1},
    {0x441, 0, 653, 0, 1},
    {0x442, 0, 654, 0, 1},
    {0x443, 0, 655, 0, 1},
    {0x444, 0, 656, 0, 1},
    {0x445, 0, 657, 0, 1},
    {0x446, 0, 658, 0, 1},
    {0x447, 0, 659, 0, 1},
    {0x448, 0, 660, 0, 1},
    {0x449, 0, 661, 0, 1},
    {0x44a, 0, 662, 0, 1},
    {0x44b, 0, 663, 0, 1},
    {0x44c, 0, 664, 0, 1},
    {0x44d, 0, 665, 0, 1},
    {0x44e, 0, 666, 0, 1},
    {0x44f, 0, 667, 0, 1},
    {0x450, 0, 668, 0, 1},
    {0x451, 0, 669, 0, 1},
    {0x452, 0, 670, 0, 1},
    {0x453, 0, 671, 0, 1},
    {0x454, 0, 672, 0, 1},
    {0x455, 0, 673, 0, 1},
    {0x456, 0, 674, 0, 1},
    {0x457, 0, 675, 0, 1},
    {0x458, 0, 676, 0, 1},
    {0x459, 0, 677, 0, 1},
    {0x45a, 0, 678, 0, 1},
    {0x45b, 0, 679, 0, 1},
    {0x45c, 0, 680, 0, 1},
    {0x45d, 0, 681, 0, 1},
    {0x45e, 0, 682, 0, 1},
    {0x45f, 0, 683, 0, 1},
    {0x460, 684, 0, 1, 0},
    {0x461, 0, 685, 0, 1},
    {0x462, 686, 0, 1, 0},
    {0x463, 0, 687, 0, 1},
    {0x464, 688, 0, 1, 0},
    {0x465, 0, 689, 0, 1},
    {0x466, 690, 0, 1, 0},
    {0x467, 0, 691, 0, 1},
    {0x468, 692, 0, 1, 0},
    {0x469, 0, 693, 0, 1},
    {0x46a, 694, 0, 1, 0},
    {0x46b, 0, 695, 0, 1},
    {0x46c, 696, 0, 1, 0},
    {0x46d, 0, 697, 0, 1},
    {0x46e, 698, 0, 1, 0},
    {0x46f, 0, 699, 0, 1},
    {0x470, 700, 0, 1, 0},
    {0x471, 0, 701, 0, 1},
    {0x472, 702, 0, 1, 0},
    {0x473, 0, 703, 0, 1},
    {0x474, 704, 0, 1, 0},
    {0x475, 0, 705, 0, 1},
    {0x476, 706, 0, 1, 0},
    {0x477, 0, 707, 0, 1},
    {0x478, 708, 0, 1, 0},
    {0x479, 0, 709, 0, 1},
    {0x47a, 710, 0, 1, 0},
    {0x47b, 0, 711, 0, 1},
    {0x47c, 712, 0, 1, 0},
    {0x47d, 0, 713, 0, 1},
    {0x47e, 714, 0, 1, 0},
    {0x47f, 0, 715, 0, 1},
    {0x480, 716, 0, 1, 0},
    {0x481, 0, 717, 0, 1},
    {0x48a, 718, 0, 1, 0},
    {0x48b, 0, 719, 0, 1},
    {0x48c, 720, 0, 1, 0},
    {0x48d, 0, 721, 0, 1},
    {0x48e, 722, 0, 1, 0},
    {0x48f, 0, 723, 0, 1},
    {0x490, 724, 0, 1, 0},
    {0x491, 0, 725, 0, 1},
    {0x492, 726, 0, 1, 0},
    {0x493, 0, 727, 0, 1},
    {0x494, 728, 0, 1, 0},
    {0x495, 0, 729, 0, 1},
    {0x496, 730, 0, 1, 0},
    {0x497, 0, 731, 0, 1},
    {0x498, 732, 0, 1, 0},
    {0x499, 0, 733, 0, 1},
    {0x49a, 734, 0, 1, 0},
    {0x49b, 0, 735, 0, 1},
    {0x49c, 736, 0, 1, 0},
    {0x49d, 0, 737, 0, 1},
    {0x49e, 738, 0, 1, 0},
    {0x49f, 0, 739, 0, 1},
    {0x4a0, 740, 0, 1, 0},
    {0x4a1, 0, 741, 0, 1},
    {0x4a2, 742, 0, 1, 0},
    {0x4a3, 0, 743, 0, 1},
    {0x4a4, 744, 0, 1, 0},
    {0x4a5, 0, 745, 0, 1},
    {0x4a6, 746, 0, 1, 0},
    {0x4a7, 0, 747, 0, 1},
    {0x4a8, 748, 0, 1, 0},
    {0x4a9, 0, 749, 0, 1},
    {0x4aa, 750, 0, 1, 0},
    {0x4ab, 0, 751, 0, 1},
    {0x4ac, 752, 0, 1, 0},
    {0x4ad, 0, 753, 0, 1},
    {0x4ae, 754, 0, 1, 0},
    {0x4af, 0, 755, 0, 1},
    {0x4b0, 756, 0, 1, 0},
    {0x4b1, 0, 757, 0, 1},
    {0x4b2, 758, 0, 1, 0},
    {0x4b3, 0, 759, 0, 1},
    {0x4b4, 760, 0, 1, 0},
    {0x4b5, 0, 761, 0, 1},
    {0x4b6, 762, 0, 1, 0},
    {0x4b7, 0, 763, 0, 1},
    {0x4b8, 764, 0, 1, 0},
    {0x4b9, 0, 765, 0, 1},
    {0x4ba, 766, 0, 1, 0},
    {0x4bb, 0, 767, 0, 1},
    {0x4bc, 768, 0, 1, 0},
    {0x4bd, 0, 769, 0, 1},
    {0x4be, 770, 0, 1, 0},
    {0x4bf, 0, 771, 0, 1},
    {0x4c0, 772, 0, 1, 0},
    {0x4c1, 773, 0, 1, 0},
    {0x4c2, 0, 774, 0, 1},
    {0x4c3, 775, 0, 1, 0},
    {0x4c4, 0, 776, 0, 1},
    {0x4c5, 777, 0, 1, 0},
    {0x4c6, 0, 778, 0, 1},
    {0x4c7, 779, 0, 1, 0},
    {0x4c8, 0, 780, 0, 1},
    {0x4c9, 781, 0, 1, 0},
    {0x4ca, 0, 782, 0, 1},
    {0x4cb, 783, 0, 1, 0},
    {0x4cc, 0, 784, 0, 1},
    {0x4cd, 785, 0, 1, 0},
    {0x4ce, 0, 786, 0, 1},
    {0x4cf, 0, 787, 0, 1},
    {0x4d0, 788, 0, 1, 0},
    {0x4d1, 0, 789, 0, 1},
    {0x4d2, 790, 0, 1, 0},
    {0x4d3, 0, 791, 0, 1},
    {0x4d4, 792, 0, 1, 0},
    {0x4d5, 0, 793, 0, 1},
    {0x4d6, 794, 0, 1, 0},
    {0x4d7, 0, 795, 0, 1},
    {0x4d8, 796, 0, 1, 0},
    {0x4d9, 0, 797, 0, 1},
    {0x4da, 798, 0, 1, 0},
    {0x4db, 0, 799, 0, 1},
    {0x4dc, 800, 0, 1, 0},
    {0x4dd, 0, 801, 0, 1},
    {0x4de, 802, 0, 1, 0},
    {0x4df, 0, 803, 0, 1},
    {0x4e0, 804, 0, 1, 0},
    {0x4e1, 0, 805, 0, 1},
    {0x4e2, 806, 0, 1, 0},
    {0x4e3, 0, 807, 0, 1},
    {0x4e4, 808, 0, 1, 0},
    {0x4e5, 0, 809, 0, 1},
    {0x4e6, 810, 0, 1, 0},
    {0x4e7, 0, 811, 0, 1},
    {0x4e8, 812, 0, 1, 0},
    {0x4e9, 0, 813, 0, 1},
    {0x4ea, 814, 0, 1, 0},
    {0x4eb, 0, 815, 0, 1},
    {0x4ec, 816, 0, 1, 0},
    {0x4ed, 0, 817, 0, 1},
    {0x4ee, 818, 0, 1, 0},
    {0x4ef, 0, 819, 0, 1},
    {0x4f0, 820, 0, 1, 0},
    {0x4f1, 0, 821, 0, 1},
    {0x4f2, 822, 0, 1, 0},
    {0x4f3, 0, 823, 0, 1},
    {0x4f4, 824, 0, 1, 0},
    {0x4f5, 0, 825, 0, 1},
    {0x4f6, 826, 0, 1, 0},
    {0x4f7, 0, 827, 0, 1},
    {0x4f8, 828, 0, 1, 0},
    {0x4f9, 0, 829, 0, 1},
    {0x4fa, 830, 0, 1, 0},
    {0x4fb, 0, 831, 0, 1},
    {0x4fc, 832, 0, 1, 0},
    {0x4fd, 0, 833, 0, 1},
    {0x4fe, 834, 0, 1, 0},
    {0x4ff, 0, 835, 0, 1},
    {0x500, 836, 0, 1, 0},
    {0x501, 0, 837, 0, 1},
    {0x502, 838, 0, 1, 0},
    {0x503, 0, 839, 0, 1},
    {0x504, 840, 0, 1, 0},
    {0x505, 0, 841, 0, 1},
    {0x506, 842, 0, 1, 0},
    {0x507, 0, 843, 0, 1},
    {0x508, 844, 0, 1, 0},
    {0x509, 0, 845, 0, 1},
    {0x50a, 846, 0, 1, 0},
    {0x50b, 0, 847, 0, 1},
    {0x50c, 848, 0, 1, 0},
    {0x50d, 0, 849, 0, 1},
    {0x50e, 850, 0, 1, 0},
    {0x50f, 0, 851, 0, 1},
    {0x510, 852, 0, 1, 0},
    {0x511, 0, 853, 0, 1},
    {0x512, 854, 0, 1, 0},
    {0x513, 0, 855, 0, 1},
    {0x514, 856, 0, 1, 0},
    {0x515, 0, 857, 0, 1},
    {0x516, 858, 0, 1, 0},
    {0x517, 0, 859, 0, 1},
    {0x518, 860, 0, 1, 0},
    {0x519, 0, 861, 0, 1},
    {0x51a, 862, 0, 1, 0},
    {0x51b, 0, 863, 0, 1},
    {0x51c, 864, 0, 1, 0},
    {0x51d, 0, 865, 0, 1},
    {0x51e, 866, 0, 1, 0},
    {0x51f, 0, 867, 0, 1},
    {0x520, 868, 0, 1, 0},
    {0x521, 0, 869, 0, 1},
    {0x522, 870, 0, 1, 0},
    {0x523, 0, 871, 0, 1},
    {0x524, 872, 0, 1, 0},
    {0x525, 0, 873, 0, 1},
    {0x526, 874, 0, 1, 0},
    {0x527, 0, 875, 0, 1},
    {0x528, 876, 0, 1, 0},
    {0x529, 0, 877, 0, 1},
    {0x52a, 878, 0, 1, 0},
    {0x52b, 0, 879, 0, 1},
    {0x52c, 880, 0, 1, 0},
    {0x52d, 0, 881, 0, 1},
    {0x52e, 882, 0, 1, 0},
    {0x52f, 0, 883, 0, 1},
    {0x531, 884, 0, 1, 0},
    {0x532, 885, 0, 1, 0},
    {0x533, 886, 0, 1, 0},
    {0x534, 887, 0, 1, 0},
    {0x535, 888, 0, 1, 0},
    {0x536, 889, 0, 1, 0},
    {0x537, 890, 0, 1, 0},
    {0x538, 891, 0, 1, 0},
    {0x539, 892, 0, 1, 0},
    {0x53a, 893, 0, 1, 0},
    {0x53b, 894, 0, 1, 0},
    {0x53c, 895, 0, 1, 0},
    {0x53d, 896, 0, 1, 0},
    {0x53e, 897, 0, 1, 0},
    {0x53f, 898, 0, 1, 0},
    {0x540, 899, 0, 1, 0},
    {0x541, 900, 0, 1, 0},
    {0x542, 901, 0, 1, 0},
    {0x543, 902, 0, 1, 0},
    {0x544, 903, 0, 1, 0},
    {0x545, 904, 0, 1, 0},
    {0x546, 905, 0, 1, 0},
    {0x547, 906, 0, 1, 0},
    {0x548, 907, 0, 1, 0},
    {0x549, 908, 0, 1, 0},
    {0x54a, 909, 0, 1, 0},
    {0x54b, 910, 0, 1, 0},
    {0x54c, 911, 0, 1, 0},
    {0x54d, 912, 0, 1, 0},
    {0x54e, 913, 0, 1, 0},
    {0x54f, 914, 0, 1, 0},
    {0x550, 915, 0, 1, 0},
    {0x551, 916, 0, 1, 0},
    {0x552, 917, 0, 1, 0},
    {0x553, 918, 0, 1, 0},
    {0x554, 919, 0, 1, 0},
    {0x555, 920, 0, 1, 0},
    {0x556, 921, 0, 1, 0},
    {0x561, 0, 922, 0, 1},
    {0x562, 0, 923, 0, 1},
    {0x563, 0, 924, 0, 1},
    {0x564, 0, 925, 0, 1},
    {0x565, 0, 926, 0, 1},
    {0x566, 0, 927, 0, 1},
    {0x567, 0, 928, 0, 1},
    {0x568, 0, 929, 0, 1},
    {0x569, 0, 930, 0, 1},
    {0x56a, 0, 931, 0, 1},
    {0x56b, 0, 932, 0, 1},
    {0x56c, 0, 933, 0, 1},
    {0x56d, 0, 934, 0, 1},
    {0x56e, 0, 935, 0, 1},
    {0x56f, 0, 936, 0, 1},
    {0x570, 0, 937, 0, 1},
    {0x571, 0, 938, 0, 1},
    {0x572, 0, 939, 0, 1},
    {0x573, 0, 940, 0, 1},
    {0x574, 0, 941, 0, 1},
    {0x575, 0, 942, 0, 1},
    {0x576, 0, 943, 0, 1},
    {0x577, 0, 944, 0, 1},
    {0x578, 0, 945, 0, 1},
    {0x579, 0, 946, 0, 1},
    {0x57a, 0, 947, 0, 1},
    {0x57b, 0, 948, 0, 1},
    {0x57c, 0, 949, 0, 1},
    {0x57d, 0, 950, 0, 1},
    {0x57e, 0, 951, 0, 1},
    {0x57f, 0, 952, 0, 1},
    {0x580, 0, 953, 0, 1},
    {0x581, 0, 954, 0, 1},
    {0x582, 0, 955, 0, 1},
    {0x583, 0, 956, 0, 1},
    {0x584, 0, 957, 0, 1},
    {0x585, 0, 958, 0, 1},
    {0x586, 0, 959, 0, 1},
    {0x587, 0, 960, 0, 2},
    {0x10a0, 962, 0, 1, 0},
    {0x10a1, 963, 0, 1, 0},
    {0x10a2, 964, 0, 1, 0},
    {0x10a3, 965, 0, 1, 0},
    {0x10a4, 966, 0, 1, 0},
    {0x10a5, 967, 0, 1, 0},
    {0x10a6, 968, 0, 1, 0},
    {0x10a7, 969, 0, 1, 0},
    {0x10a8, 970, 0, 1, 0},
    {0x10a9, 971, 0, 1, 0},
    {0x10aa, 972, 0, 1, 0},
    {0x10ab, 973, 0, 1, 0},
    {0x10ac, 974, 0, 1, 0},
    {0x10ad, 975, 0, 1, 0},
    {0x10ae, 976, 0, 1, 0},
    {0x10af, 977, 0, 1, 0},
    {0x10b0, 978, 0, 1, 0},
    {0x10b1, 979, 0, 1, 0},
    {0x10b2, 980, 0, 1, 0},
    {0x10b3, 981, 0, 1, 0},
    {0x10b4, 982, 0, 1, 0},
    {0x10b5, 983, 0, 1, 0},
    {0x10b6, 984, 0, 1, 0},
    {0x10b7, 985, 0, 1, 0},
    {0x10b8, 986, 0, 1, 0},
    {0x10b9, 987, 0, 1, 0},
    {0x10ba, 988, 0, 1, 0},
    {0x10bb, 989, 0, 1, 0},
    {0x10bc, 990, 0, 1, 0},
    {0x10bd, 991, 0, 1, 0},
    {0x10be, 992, 0, 1, 0},
    {0x10bf, 993, 0, 1, 0},
    {0x10c0, 994, 0, 1, 0},
    {0x10c1, 995, 0, 1, 0},
    {0x10c2, 996, 0, 1, 0},
    {0x10c3, 997, 0, 1, 0},
    {0x10c4, 998, 0, 1, 0},
    {0x10c5, 999, 0, 1, 0},
    {0x10c7, 1000, 0, 1, 0},
    {0x10cd, 1001, 0, 1, 0},
    {0x10d0, 0, 1002, 0, 1},
    {0x10d1, 0, 1003, 0, 1},
    {0x10d2, 0, 1004, 0, 1},
    {0x10d3, 0, 1005, 0, 1},
    {0x10d4, 0, 1006, 0, 1},
    {0x10d5, 0, 1007, 0, 1},
    {0x10d6, 0, 1008, 0, 1},
    {0x10d7, 0, 1009, 0, 1},
    {0x10d8, 0, 1010, 0, 1},
    {0x10d9, 0, 1011, 0, 1},
    {0x10da, 0, 1012, 0, 1},
    {0x10db, 0, 1013, 0, 1},
    {0x10dc, 0, 1014, 0, 1},
    {0x10dd, 0, 1015, 0, 1},
    {0x10de, 0, 1016, 0, 1},
    {0x10df, 0, 1017, 0, 1},
    {0x10e0, 0, 1018, 0, 1},
    {0x10e1, 0, 1019, 0, 1},
    {0x10e2, 0, 1020, 0, 1},
    {0x10e3, 0, 1021, 0, 1},
    {0x10e4, 0, 1022, 0, 1},
    {0x10e5, 0, 1023, 0, 1},
    {0x10e6, 0, 1024, 0, 1},
    {0x10e7, 0, 1025, 0, 1},
    {0x10e8, 0, 1026, 0, 1},
    {0x10e9, 0, 1027, 0, 1},
    {0x10ea, 0, 1028, 0, 1},
    {0x10eb, 0, 1029, 0, 1},
    {0x10ec, 0, 1030, 0, 1},
    {0x10ed, 0, 1031, 0, 1},
    {0x10ee, 0, 1032, 0, 1},
    {0x10ef, 0, 1033, 0, 1},
    {0x10f0, 0, 1034, 0, 1},
    {0x10f1, 0, 1035, 0, 1},
    {0x10f2, 0, 1036, 0, 1},
    {0x10f3, 0, 1037, 0, 1},
    {0x10f4, 0, 1038, 0, 1},
    {0x10f5, 0, 1039, 0, 1},
    {0x10f6, 0, 1040, 0, 1},
    {0x10f7, 0, 1041, 0, 1},
    {0x10f8, 0, 1042, 0, 1},
    {0x10f9, 0, 1043, 0, 1},
    {0x10fa, 0, 1044, 0, 1},
    {0x10fd, 0, 1045, 0, 1},
    {0x10fe, 0, 1046, 0, 1},
    {0x10ff, 0, 1047, 0, 1},
    {0x13a0, 1048, 0, 1, 0},
    {0x13a1, 1049, 0, 1, 0},
    {0x13a2, 1050, 0, 1, 0},
    {0x13a3, 1051, 0, 1, 0},
    {0x13a4, 1052, 0, 1, 0},
    {0x13a5, 1053, 0, 1, 0},
    {0x13a6, 1054, 0, 1, 0},
    {0x13a7, 1055, 0, 1, 0},
    {0x13a8, 1056, 0, 1, 0},
    {0x13a9, 1057, 0, 1, 0},
    {0x13aa, 1058, 0, 1, 0},
    {0x13ab, 1059, 0, 1, 0},
    {0x13ac, 1060, 0, 1, 0},
    {0x13ad, 1061, 0, 1, 0},
    {0x13ae, 1062, 0, 1, 0},
    {0x13af, 1063, 0, 1, 0},
    {0x13b0, 1064, 0, 1, 0},
    {0x13b1, 1065, 0, 1, 0},
    {0x13b2, 1066, 0, 1, 0},
    {0x13b3, 1067, 0, 1, 0},
    {0x13b4, 1068, 0, 1, 0},
    {0x13b5, 1069, 0, 1, 0},
    {0x13b6, 1070, 0, 1, 0},
    {0x13b7, 1071, 0, 1, 0},
    {0x13b8, 1072, 0, 1, 0},
    {0x13b9, 1073, 0, 1, 0},
    {0x13ba, 1074, 0, 1, 0},
    {0x13bb, 1075, 0, 1, 0},
    {0x13bc, 1076, 0, 1, 0},
    {0x13bd, 1077, 0, 1, 0},
    {0x13be, 1078, 0, 1, 0},
    {0x13bf, 1079, 0, 1, 0},
    {0x13c0, 1080, 0, 1, 0},
    {0x13c1, 1081, 0, 1, 0},
    {0x13c2, 1082, 0, 1, 0},
    {0x13c3, 1083, 0, 1, 0},
    {0x13c4, 1084, 0, 1, 0},
    {0x13c5, 1085, 0, 1, 0},
    {0x13c6, 1086, 0, 1, 0},
    {0x13c7, 1087, 0, 1, 0},
    {0x13c8, 1088, 0, 1, 0},
    {0x13c9, 1089, 0, 1, 0},
    {0x13ca, 1090, 0, 1, 0},
    {0x13cb, 1091, 0, 1, 0},
    {0x13cc, 1092, 0, 1, 0},
    {0x13cd, 1093, 0, 1, 0},
    {0x13ce, 1094, 0, 1, 0},
    {0x13cf, 1095, 0, 1, 0},
    {0x13d0, 1096, 0, 1, 0},
    {0x13d1, 1097, 0, 1, 0},
    {0x13d2, 1098, 0, 1, 0},
    {0x13d3, 1099, 0, 1, 0},
    {0x13d4, 1100, 0, 1, 0},
    {0x13d5, 1101, 0, 1, 0},
    {0x13d6, 1102, 0, 1, 0},
    {0x13d7, 1103, 0, 1, 0},
    {0x13d8, 1104, 0, 1, 0},
    {0x13d9, 1105, 0, 1, 0},
    {0x13da, 1106, 0, 1, 0},
    {0x13db, 1107, 0, 1, 0},
    {0x13dc, 1108, 0, 1, 0},
    {0x13dd, 1109, 0, 1, 0},
    {0x13de, 1110, 0, 1, 0},
    {0x13df, 1111, 0, 1, 0},
    {0x13e0, 1112, 0, 1, 0},
    {0x13e1, 1113, 0, 1, 0},
    {0x13e2, 1114, 0, 1, 0},
    {0x13e3, 1115, 0, 1, 0},
    {0x13e4, 1116, 0, 1, 0},
    {0x13e5, 1117, 0, 1, 0},
    {0x13e6, 1118, 0, 1, 0},
    {0x13e7, 1119, 0, 1, 0},
    {0x13e8, 1120, 0, 1, 0},
    {0x13e9, 1121, 0, 1, 0},
    {0x13ea, 1122, 0, 1, 0},
    {0x13eb, 1123, 0, 1, 0},
    {0x13ec, 1124, 0, 1, 0},
    {0x13ed, 1125, 0, 1, 0},
    {0x13ee, 1126, 0, 1, 0},
    {0x13ef, 1127, 0, 1, 0},
    {0x13f0, 1128, 0, 1, 0},
    {0x13f1, 1129, 0, 1, 0},
    {0x13f2, 1130, 0, 1, 0},
    {0x13f3, 1131, 0, 1, 0},
    {0x13f4, 1132, 0, 1, 0},
    {0x13f5, 1133, 0, 1, 0},
    {0x13f8, 0, 1134, 0, 1},
    {0x13f9, 0, 1135, 0, 1},
    {0x13fa, 0, 1136, 0, 1},
    {0x13fb, 0, 1137, 0, 1},
    {0x13fc, 0, 1138, 0, 1},
    {0x13fd, 0, 1139, 0, 1},
    {0x1c80, 0, 638, 0, 1},
    {0x1c81, 0, 640, 0, 1},
    {0x1c82, 0, 650, 0, 1},
    {0x1c83, 0, 653, 0, 1},
    {0x1c84, 0, 654, 0, 1},
    {0x1c85, 0, 654, 0, 1},
    {0x1c86, 0, 662, 0, 1},
    {0x1c87, 0, 687, 0, 1},
    {0x1c88, 0, 1140, 0, 1},
    {0x1c89, 1141, 0, 1, 0},
    {0x1c8a, 0, 1142, 0, 1},
    {0x1c90, 1143, 0, 1, 0},
    {0x1c91, 1144, 0, 1, 0},
    {0x1c92, 1145, 0, 1, 0},
    {0x1c93, 1146, 0, 1, 0},
    {0x1c94, 1147, 0, 1, 0},
    {0x1c95, 1148, 0, 1, 0},
    {0x1c96, 1149, 0, 1, 0},
    {0x1c97, 1150, 0, 1, 0},
    {0x1c98, 1151, 0, 1, 0},
    {0x1c99, 1152, 0, 1, 0},
    {0x1c9a, 1153, 0, 1, 0},
    {0x1c9b, 1154, 0, 1, 0},
    {0x1c9c, 1155, 0, 1, 0},
    {0x1c9d, 1156, 0, 1, 0},
    {0x1c9e, 1157, 0, 1, 0},
    {0x1c9f, 1158, 0, 1, 0},
    {0x1ca0, 1159, 0, 1, 0},
    {0x1ca1, 1160, 0, 1, 0},
    {0x1ca2, 1161, 0, 1, 0},
    {0x1ca3, 1162, 0, 1, 0},
    {0x1ca4, 1163, 0, 1, 0},
    {0x1ca5, 1164, 0, 1, 0},
    {0x1ca6, 1165, 0, 1, 0},
    {0x1ca7, 1166, 0, 1, 0},
    {0x1ca8, 1167, 0, 1, 0},
    {0x1ca9, 1168, 0, 1, 0},
    {0x1caa, 1169, 0, 1, 0},
    {0x1cab, 1170, 0, 1, 0},
    {0x1cac, 1171, 0, 1, 0},
    {0x1cad, 1172, 0, 1, 0},
    {0x1cae, 1173, 0, 1, 0},
    {0x1caf, 1174, 0, 1, 0},
    {0x1cb0, 1175, 0, 1, 0},
    {0x1cb1, 1176, 0, 1, 0},
    {0x1cb2, 1177, 0, 1, 0},
    {0x1cb3, 1178, 0, 1, 0},
    {0x1cb4, 1179, 0, 1, 0},
    {0x1cb5, 1180, 0, 1, 0},
    {0x1cb6, 1181, 0, 1, 0},
    {0x1cb7, 1182, 0, 1, 0},
    {0x1cb8, 1183, 0, 1, 0},
    {0x1cb9, 1184, 0, 1, 0},
    {0x1cba, 1185, 0, 1, 0},
    {0x1cbd, 1186, 0, 1, 0},
    {0x1cbe, 1187, 0, 1, 0},
    {0x1cbf, 1188, 0, 1, 0},
    {0x1d79, 0, 1189, 0, 1},
    {0x1d7d, 0, 1190, 0, 1},
    {0x1d8e, 0, 1191, 0, 1},
    {0x1e00, 1192, 0, 1, 0},
    {0x1e01, 0, 1193, 0, 1},
    {0x1e02, 1194, 0, 1, 0},
    {0x1e03, 0, 1195, 0, 1},
    {0x1e04, 1196, 0, 1, 0},
    {0x1e05, 0, 1197, 0, 1},
    {0x1e06, 1198, 0, 1, 0},
    {0x1e07, 0, 1199, 0, 1},
    {0x1e08, 1200, 0, 1, 0},
    {0x1e09, 0, 1201, 0, 1},
    {0x1e0a, 1202, 0, 1, 0},
    {0x1e0b, 0, 1203, 0, 1},
    {0x1e0c, 1204, 0, 1, 0},
    {0x1e0d, 0, 1205, 0, 1},
    {0x1e0e, 1206, 0, 1, 0},
    {0x1e0f, 0, 1207, 0, 1},
    {0x1e10, 1208, 0, 1, 0},
    {0x1e11, 0, 1209, 0, 1},
    {0x1e12, 1210, 0, 1, 0},
    {0x1e13, 0, 1211, 0, 1},
    {0x1e14, 1212, 0, 1, 0},
    {0x1e15, 0, 1213, 0, 1},
    {0x1e16, 1214, 0, 1, 0},
    {0x1e17, 0, 1215, 0, 1},
    {0x1e18, 1216, 0, 1, 0},
    {0x1e19, 0, 1217, 0, 1},
    {0x1e1a, 1218, 0, 1, 0},
    {0x1e1b, 0, 1219, 0, 1},
    {0x1e1c, 1220, 0, 1, 0},
    {0x1e1d, 0, 1221, 0, 1},
    {0x1e1e, 1222, 0, 1, 0},
    {0x1e1f, 0, 1223, 0, 1},
    {0x1e20, 1224, 0, 1, 0},
    {0x1e21, 0, 1225, 0, 1},
    {0x1e22, 1226, 0, 1, 0},
    {0x1e23, 0, 1227, 0, 1},
    {0x1e24, 1228, 0, 1, 0},
    {0x1e25, 0, 1229, 0, 1},
    {0x1e26, 1230, 0, 1, 0},
    {0x1e27, 0, 1231, 0, 1},
    {0x1e28, 1232, 0, 1, 0},
    {0x1e29, 0, 1233, 0, 1},
    {0x1e2a, 1234, 0, 1, 0},
    {0x1e2b, 0, 1235, 0, 1},
    {0x1e2c, 1236, 0, 1, 0},
    {0x1e2d, 0, 1237, 0, 1},
    {0x1e2e, 1238, 0, 1, 0},
    {0x1e2f, 0, 1239, 0, 1},
    {0x1e30, 1240, 0, 1, 0},
    {0x1e31, 0, 1241, 0, 1},
    {0x1e32, 1242, 0, 1, 0},
    {0x1e33, 0, 1243, 0, 1},
    {0x1e34, 1244, 0, 1, 0},
    {0x1e35, 0, 1245, 0, 1},
    {0x1e36, 1246, 0, 1, 0},
    {0x1e37, 0, 1247, 0, 1},
    {0x1e38, 1248, 0, 1, 0},
    {0x1e39, 0, 1249, 0, 1},
    {0x1e3a, 1250, 0, 1, 0},
    {0x1e3b, 0, 1251, 0, 1},
    {0x1e3c, 1252, 0, 1, 0},
    {0x1e3d, 0, 1253, 0, 1},
    {0x1e3e, 1254, 0, 1, 0},
    {0x1e3f, 0, 1255, 0, 1},
    {0x1e40, 1256, 0, 1, 0},
    {0x1e41, 0, 1257, 0, 1},
    {0x1e42, 1258, 0, 1, 0},
    {0x1e43, 0, 1259, 0, 1},
    {0x1e44, 1260, 0, 1, 0},
    {0x1e45, 0, 1261, 0, 1},
    {0x1e46, 1262, 0, 1, 0},
    {0x1e47, 0, 1263, 0, 1},
    {0x1e48, 1264, 0, 1, 0},
    {0x1e49, 0, 1265, 0, 1},
    {0x1e4a, 1266, 0, 1, 0},
    {0x1e4b, 0, 1267, 0, 1},
    {0x1e4c, 1268, 0, 1, 0},
    {0x1e4d, 0, 1269, 0, 1},
    {0x1e4e, 1270, 0, 1, 0},
    {0x1e4f, 0, 1271, 0, 1},
    {0x1e50, 1272, 0, 1, 0},
    {0x1e51, 0, 1273, 0, 1},
    {0x1e52, 1274, 0, 1, 0},
    {0x1e53, 0, 1275, 0, 1},
    {0x1e54, 1276, 0, 1, 0},
    {0x1e55, 0, 1277, 0, 1},
    {0x1e56, 1278, 0, 1, 0},
    {0x1e57, 0, 1279, 0, 1},
    {0x1e58, 1280, 0, 1, 0},
    {0x1e59, 0, 1281, 0, 1},
    {0x1e5a, 1282, 0, 1, 0},
    {0x1e5b, 0, 1283, 0, 1},
    {0x1e5c, 1284, 0, 1, 0},
    {0x1e5d, 0, 1285, 0, 1},
    {0x1e5e, 1286, 0, 1, 0},
    {0x1e5f, 0, 1287, 0, 1},
    {0x1e60, 1288, 0, 1, 0},
    {0x1e61, 0, 1289, 0, 1},
    {0x1e62, 1290, 0, 1, 0},
    {0x1e63, 0, 1291, 0, 1},
    {0x1e64, 1292, 0, 1, 0},
    {0x1e65, 0, 1293, 0, 1},
    {0x1e66, 1294, 0, 1, 0},
    {0x1e67, 0, 1295, 0, 1},
    {0x1e68, 1296, 0, 1, 0},
    {0x1e69, 0, 1297, 0, 1},
    {0x1e6a, 1298, 0, 1, 0},
    {0x1e6b, 0, 1299, 0, 1},
    {0x1e6c, 1300, 0, 1, 0},
    {0x1e6d, 0, 1301, 0, 1},
    {0x1e6e, 1302, 0, 1, 0},
    {0x1e6f, 0, 1303, 0, 1},
    {0x1e70, 1304, 0, 1, 0},
    {0x1e71, 0, 1305, 0, 1},
    {0x1e72, 1306, 0, 1, 0},
    {0x1e73, 0, 1307, 0, 1},
    {0x1e74, 1308, 0, 1, 0},
    {0x1e75, 0, 1309, 0, 1},
    {0x1e76, 1310, 0, 1, 0},
    {0x1e77, 0, 1311, 0, 1},
    {0x1e78, 1312, 0, 1, 0},
    {0x1e79, 0, 1313, 0, 1},
    {0x1e7a, 1314, 0, 1, 0},
    {0x1e7b, 0, 1315, 0, 1},
    {0x1e7c, 1316, 0, 1, 0},
    {0x1e7d, 0, 1317, 0, 1},
    {0x1e7e, 1318, 0, 1, 0},
    {0x1e7f, 0, 1319, 0, 1},
    {0x1e80, 1320, 0, 1, 0},
    {0x1e81, 0, 1321, 0, 1},
    {0x1e82, 1322, 0, 1, 0},
    {0x1e83, 0, 1323, 0, 1},
    {0x1e84, 1324, 0, 1, 0},
    {0x1e85, 0, 1325, 0, 1},
    {0x1e86, 1326, 0, 1, 0},
    {0x1e87, 0, 1327, 0, 1},
    {0x1e88, 1328, 0, 1, 0},
    {0x1e89, 0, 1329, 0, 1},
    {0x1e8a, 1330, 0, 1, 0},
    {0x1e8b, 0, 1331, 0, 1},
    {0x1e8c, 1332, 0, 1, 0},
    {0x1e8d, 0, 1333, 0, 1},
    {0x1e8e, 1334, 0, 1, 0},
    {0x1e8f, 0, 1335, 0, 1},
    {0x1e90, 1336, 0, 1, 0},
    {0x1e91, 0, 1337, 0, 1},
    {0x1e92, 1338, 0, 1, 0},
    {0x1e93, 0, 1339, 0, 1},
    {0x1e94, 1340, 0, 1, 0},
    {0x1e95, 0, 1341, 0, 1},
    {0x1e96, 0, 1342, 0, 2},
    {0x1e97, 0, 1344, 0, 2},
    {0x1e98, 0, 1346, 0, 2},
    {0x1e99, 0, 1348, 0, 2},
    {0x1e9a, 0, 1350, 0, 2},
    {0x1e9b, 0, 1289, 0, 1},
    {0x1e9e, 1352, 0, 1, 0},
    {0x1ea0, 1353, 0, 1, 0},
    {0x1ea1, 0, 1354, 0, 1},
    {0x1ea2, 1355, 0, 1, 0},
    {0x1ea3, 0, 1356, 0, 1},
    {0x1ea4, 1357, 0, 1, 0},
    {0x1ea5, 0, 1358, 0, 1},
    {0x1ea6, 1359, 0, 1, 0},
    {0x1ea7, 0, 1360, 0, 1},
    {0x1ea8, 1361, 0, 1, 0},
    {0x1ea9, 0, 1362, 0, 1},
    {0x1eaa, 1363, 0, 1, 0},
    {0x1eab, 0, 1364, 0, 1},
    {0x1eac, 1365, 0, 1, 0},
    {0x1ead, 0, 1366, 0, 1},
    {0x1eae, 1367, 0, 1, 0},
    {0x1eaf, 0, 1368, 0, 1},
    {0x1eb0, 1369, 0, 1, 0},
    {0x1eb1, 0, 1370, 0, 1},
    {0x1eb2, 1371, 0, 1, 0},
    {0x1eb3, 0, 1372, 0, 1},
    {0x1eb4, 1373, 0, 1, 0},
    {0x1eb5, 0, 1374, 0, 1},
    {0x1eb6, 1375, 0, 1, 0},
    {0x1eb7, 0, 1376, 0, 1},
    {0x1eb8, 1377, 0, 1, 0},
    {0x1eb9, 0, 1378, 0, 1},
    {0x1eba, 1379, 0, 1, 0},
    {0x1ebb, 0, 1380, 0, 1},
    {0x1ebc, 1381, 0, 1, 0},
    {0x1ebd, 0, 1382, 0, 1},
    {0x1ebe, 1383, 0, 1, 0},
    {0x1ebf, 0, 1384, 0, 1},
    {0x1ec0, 1385, 0, 1, 0},
    {0x1ec1, 0, 1386, 0, 1},
    {0x1ec2, 1387, 0, 1, 0},
    {0x1ec3, 0, 1388, 0, 1},
    {0x1ec4, 1389, 0, 1, 0},
    {0x1ec5, 0, 1390, 0, 1},
    {0x1ec6, 1391, 0, 1, 0},
    {0x1ec7, 0, 1392, 0, 1},
    {0x1ec8, 1393, 0, 1, 0},
    {0x1ec9, 0, 1394, 0, 1},
    {0x1eca, 1395, 0, 1, 0},
    {0x1ecb, 0, 1396, 0, 1},
    {0x1ecc, 1397, 0, 1, 0},
    {0x1ecd, 0, 1398, 0, 1},
    {0x1ece, 1399, 0, 1, 0},
    {0x1ecf, 0, 1400, 0, 1},
    {0x1ed0, 1401, 0, 1, 0},
    {0x1ed1, 0, 1402, 0, 1},
    {0x1ed2, 1403, 0, 1, 0},
    {0x1ed3, 0, 1404, 0, 1},
    {0x1ed4, 1405, 0, 1, 0},
    {0x1ed5, 0, 1406, 0, 1},
    {0x1ed6, 1407, 0, 1, 0},
    {0x1ed7, 0, 1408, 0, 1},
    {0x1ed8, 1409, 0, 1, 0},
    {0x1ed9, 0, 1410, 0, 1},
    {0x1eda, 1411, 0, 1, 0},
    {0x1edb, 0, 1412, 0, 1},
    {0x1edc, 1413, 0, 1, 0},
    {0x1edd, 0, 1414, 0, 1},
    {0x1ede, 1415, 0, 1, 0},
    {0x1edf, 0, 1416, 0, 1},
    {0x1ee0, 1417, 0, 1, 0},
    {0x1ee1, 0, 1418, 0, 1},
    {0x1ee2, 1419, 0, 1, 0},
    {0x1ee3, 0, 1420, 0, 1},
    {0x1ee4, 1421, 0, 1, 0},
    {0x1ee5, 0, 1422, 0, 1},
    {0x1ee6, 1423, 0, 1, 0},
    {0x1ee7, 0, 1424, 0, 1},
    {0x1ee8, 1425, 0, 1, 0},
    {0x1ee9, 0, 1426, 0, 1},
    {0x1eea, 1427, 0, 1, 0},
    {0x1eeb, 0, 1428, 0, 1},
    {0x1eec, 1429, 0, 1, 0},
    {0x1eed, 0, 1430, 0, 1},
    {0x1eee, 1431, 0, 1, 0},
    {0x1eef, 0, 1432, 0, 1},
    {0x1ef0, 1433, 0, 1, 0},
    {0x1ef1, 0, 1434, 0, 1},
    {0x1ef2, 1435, 0, 1, 0},
    {0x1ef3, 0, 1436, 0, 1},
    {0x1ef4, 1437, 0, 1, 0},
    {0x1ef5, 0, 1438, 0, 1},
    {0x1ef6, 1439, 0, 1, 0},
    {0x1ef7, 0, 1440, 0, 1},
    {0x1ef8, 1441, 0, 1, 0},
    {0x1ef9, 0, 1442, 0, 1},
    {0x1efa, 1443, 0, 1, 0},
    {0x1efb, 0, 1444, 0, 1},
    {0x1efc, 1445, 0, 1, 0},
    {0x1efd, 0, 1446, 0, 1},
    {0x1efe, 1447, 0, 1, 0},
    {0x1eff, 0, 1448, 0, 1},
    {0x1f00, 0, 1449, 0, 1},
    {0x1f01, 0, 1450, 0, 1},
    {0x1f02, 0, 1451, 0, 1},
    {0x1f03, 0, 1452, 0, 1},
    {0x1f04, 0, 1453, 0, 1},
    {0x1f05, 0, 1454, 0, 1},
    {0x1f06, 0, 1455, 0, 1},
    {0x1f07, 0, 1456, 0, 1},
    {0x1f08, 1457, 0, 1, 0},
    {0x1f09, 1458, 0, 1, 0},
    {0x1f0a, 1459, 0, 1, 0},
    {0x1f0b, 1460, 0, 1, 0},
    {0x1f0c, 1461, 0, 1, 0},
    {0x1f0d, 1462, 0, 1, 0},
    {0x1f0e, 1463, 0, 1, 0},
    {0x1f0f, 1464, 0, 1, 0},
    {0x1f10, 0, 1465, 0, 1},
    {0x1f11, 0, 1466, 0, 1},
    {0x1f12, 0, 1467, 0, 1},
    {0x1f13, 0, 1468, 0, 1},
    {0x1f14, 0, 1469, 0, 1},
    {0x1f15, 0, 1470, 0, 1},
    {0x1f18, 1471, 0, 1, 0},
    {0x1f19, 1472, 0, 1, 0},
    {0x1f1a, 1473, 0, 1, 0},
    {0x1f1b, 1474, 0, 1, 0},
    {0x1f1c, 1475, 0, 1, 0},
    {0x1f1d, 1476, 0, 1, 0},
    {0x1f20, 0, 1477, 0, 1},
    {0x1f21, 0, 1478, 0, 1},
    {0x1f22, 0, 1479, 0, 1},
    {0x1f23, 0, 1480, 0, 1},
    {0x1f24, 0, 1481, 0, 1},
    {0x1f25, 0, 1482, 0, 1},
    {0x1f26, 0, 1483, 0, 1},
    {0x1f27, 0, 1484, 0, 1},
    {0x1f28, 1485, 0, 1, 0},
    {0x1f29, 1486, 0, 1, 0},
    {0x1f2a, 1487, 0, 1, 0},
    {0x1f2b, 1488, 0, 1, 0},
    {0x1f2c, 1489, 0, 1, 0},
    {0x1f2d, 1490, 0, 1, 0},
    {0x1f2e, 1491, 0, 1, 0},
    {0x1f2f, 1492, 0, 1, 0},
    {0x1f30, 0, 1493, 0, 1},
    {0x1f31, 0, 1494, 0, 1},
    {0x1f32, 0, 1495, 0, 1},
    {0x1f33, 0, 1496, 0, 1},
    {0x1f34, 0, 1497, 0, 1},
    {0x1f35, 0, 1498, 0, 1},
    {0x1f36, 0, 1499, 0, 1},
    {0x1f37, 0, 1500, 0, 1},
    {0x1f38, 1501, 0, 1, 0},
    {0x1f39, 1502, 0, 1, 0},
    {0x1f3a, 1503, 0, 1, 0},
    {0x1f3b, 1504, 0, 1, 0},
    {0x1f3c, 1505, 0, 1, 0},
    {0x1f3d, 1506, 0, 1, 0},
    {0x1f3e, 1507, 0, 1, 0},
    {0x1f3f, 1508, 0, 1, 0},
    {0x1f40, 0, 1509, 0, 1},
    {0x1f41, 0, 1510, 0, 1},
    {0x1f42, 0, 1511, 0, 1},
    {0x1f43, 0, 1512, 0, 1},
    {0x1f44, 0, 1513, 0, 1},
    {0x1f45, 0, 1514, 0, 1},
    {0x1f48, 1515, 0, 1, 0},
    {0x1f49, 1516, 0, 1, 0},
    {0x1f4a, 1517, 0, 1, 0},
    {0x1f4b, 1518, 0, 1, 0},
    {0x1f4c, 1519, 0, 1, 0},
    {0x1f4d, 1520, 0, 1, 0},
    {0x1f50, 0, 1521, 0, 2},
    {0x1f51, 0, 1523, 0, 1},
    {0x1f52, 0, 1524, 0, 3},
    {0x1f53, 0, 1527, 0, 1},
    {0x1f54, 0, 1528, 0, 3},
    {0x1f55, 0, 1531, 0, 1},
    {0x1f56, 0, 1532, 0, 3},
    {0x1f57, 0, 1535, 0, 1},
    {0x1f59, 1536, 0, 1, 0},
    {0x1f5b, 1537, 0, 1, 0},
    {0x1f5d, 1538, 0, 1, 0},
    {0x1f5f, 1539, 0, 1, 0},
    {0x1f60, 0, 1540, 0, 1},
    {0x1f61, 0, 1541, 0, 1},
    {0x1f62, 0, 1542, 0, 1},
    {0x1f63, 0, 1543, 0, 1},
    {0x1f64, 0, 1544, 0, 1},
    {0x1f65, 0, 1545, 0, 1},
    {0x1f66, 0, 1546, 0, 1},
    {0x1f67, 0, 1547, 0, 1},
    {0x1f68, 1548, 0, 1, 0},
    {0x1f69, 1549, 0, 1, 0},
    {0x1f6a, 1550, 0, 1, 0},
    {0x1f6b, 1551, 0, 1, 0},
    {0x1f6c, 1552, 0, 1, 0},
    {0x1f6d, 1553, 0, 1, 0},
    {0x1f6e, 1554, 0, 1, 0},
    {0x1f6f, 1555, 0, 1, 0},
    {0x1f70, 0, 1556, 0, 1},
    {0x1f71, 0, 1557, 0, 1},
    {0x1f72, 0, 1558, 0, 1},
    {0x1f73, 0, 1559, 0, 1},
    {0x1f74, 0, 1560, 0, 1},
    {0x1f75, 0, 1561, 0, 1},
    {0x1f76, 0, 1562, 0, 1},
    {0x1f77, 0, 1563, 0, 1},
    {0x1f78, 0, 1564, 0, 1},
    {0x1f79, 0, 1565, 0, 1},
    {0x1f7a, 0, 1566, 0, 1},
    {0x1f7b, 0, 1567, 0, 1},
    {0x1f7c, 0, 1568, 0, 1},
    {0x1f7d, 0, 1569, 0, 1},
    {0x1f80, 0, 1570, 0, 2},
    {0x1f81, 0, 1572, 0, 2},
    {0x1f82, 0, 1574, 0, 2},
    {0x1f83, 0, 1576, 0, 2},
    {0x1f84, 0, 1578, 0, 2},
    {0x1f85, 0, 1580, 0, 2},
    {0x1f86, 0, 1582, 0, 2},
    {0x1f87, 0, 1584, 0, 2},
    {0x1f88, 1586, 1570, 1, 2},
    {0x1f89, 1587, 1572, 1, 2},
    {0x1f8a, 1588, 1574, 1, 2},
    {0x1f8b, 1589, 1576, 1, 2},
    {0x1f8c, 1590, 1578, 1, 2},
    {0x1f8d, 1591, 1580, 1, 2},
    {0x1f8e, 1592, 1582, 1, 2},
    {0x1f8f, 1593, 1584, 1, 2},
    {0x1f90, 0, 1594, 0, 2},
    {0x1f91, 0, 1596, 0, 2},
    {0x1f92, 0, 1598, 0, 2},
    {0x1f93, 0, 1600, 0, 2},
    {0x1f94, 0, 1602, 0, 2},
    {0x1f95, 0, 1604, 0, 2},
    {0x1f96, 0, 1606, 0, 2},
    {0x1f97, 0, 1608, 0, 2},
    {0x1f98, 1610, 1594, 1, 2},
    {0x1f99, 1611, 1596, 1, 2},
    {0x1f9a, 1612, 1598, 1, 2},
    {0x1f9b, 1613, 1600, 1, 2},
    {0x1f9c, 1614, 1602, 1, 2},
    {0x1f9d, 1615, 1604, 1, 2},
    {0x1f9e, 1616, 1606, 1, 2},
    {0x1f9f, 1617, 1608, 1, 2},
    {0x1fa0, 0, 1618, 0, 2},
    {0x1fa1, 0, 1620, 0, 2},
    {0x1fa2, 0, 1622, 0, 2},
    {0x1fa3, 0, 1624, 0, 2},
    {0x1fa4, 0, 1626, 0, 2},
    {0x1fa5, 0, 1628, 0, 2},
    {0x1fa6, 0, 1630, 0, 2},
    {0x1fa7, 0, 1632, 0, 2},
    {0x1fa8, 1634, 1618, 1, 2},
    {0x1fa9, 1635, 1620, 1, 2},
    {0x1faa, 1636, 1622, 1, 2},
    {0x1fab, 1637, 1624, 1, 2},
    {0x1fac, 1638, 1626, 1, 2},
    {0x1fad, 1639, 1628, 1, 2},
    {0x1fae, 1640, 1630, 1, 2},
    {0x1faf, 1641, 1632, 1, 2},
    {0x1fb0, 0, 1642, 0, 1},
    {0x1fb1, 0, 1643, 0, 1},
    {0x1fb2, 0, 1644, 0, 2},
    {0x1fb3, 0, 1646, 0, 2},
    {0x1fb4, 0, 1648, 0, 2},
    {0x1fb6, 0, 1650, 0, 2},
    {0x1fb7, 0, 1652, 0, 3},
    {0x1fb8, 1655, 0, 1, 0},
    {0x1fb9, 1656, 0, 1, 0},
    {0x1fba, 1657, 0, 1, 0},
    {0x1fbb, 1658, 0, 1, 0},
    {0x1fbc, 1659, 1646, 1, 2},
    {0x1fbe, 0, 471, 0, 1},
    {0x1fc2, 0, 1660, 0, 2},
    {0x1fc3, 0, 1662, 0, 2},
    {0x1fc4, 0, 1664, 0, 2},
    {0x1fc6, 0, 1666, 0, 2},
    {0x1fc7, 0, 1668, 0, 3},
    {0x1fc8, 1671, 0, 1, 0},
    {0x1fc9, 1672, 0, 1, 0},
    {0x1fca, 1673, 0, 1, 0},
    {0x1fcb, 1674, 0, 1, 0},
    {0x1fcc, 1675, 1662, 1, 2},
    {0x1fd0, 0, 1676, 0, 1},
    {0x1fd1, 0, 1677, 0, 1},
    {0x1fd2, 0, 1678, 0, 3},
    {0x1fd3, 0, 489, 0, 3},
    {0x1fd6, 0, 1681, 0, 2},
    {0x1fd7, 0, 1683, 0, 3},
    {0x1fd8, 1686, 0, 1, 0},
    {0x1fd9, 1687, 0, 1, 0},
    {0x1fda, 1688, 0, 1, 0},
    {0x1fdb, 1689, 0, 1, 0},
    {0x1fe0, 0, 1690, 0, 1},
    {0x1fe1, 0, 1691, 0, 1},
    {0x1fe2, 0, 1692, 0, 3},
    {0x1fe3, 0, 522, 0, 3},
    {0x1fe4, 0, 1695, 0, 2},
    {0x1fe5, 0, 1697, 0, 1},
    {0x1fe6, 0, 1698, 0, 2},
    {0x1fe7, 0, 1700, 0, 3},
    {0x1fe8, 1703, 0, 1, 0},
    {0x1fe9, 1704, 0, 1, 0},
    {0x1fea, 1705, 0, 1, 0},
    {0x1feb, 1706, 0, 1, 0},
    {0x1fec, 1707, 0, 1, 0},
    {0x1ff2, 0, 1708, 0, 2},
    {0x1ff3, 0, 1710, 0, 2},
    {0x1ff4, 0, 1712, 0, 2},
    {0x1ff6, 0, 1714, 0, 2},
    {0x1ff7, 0, 1716, 0, 3},
    {0x1ff8, 1719, 0, 1, 0},
    {0x1ff9, 1720, 0, 1, 0},
    {0x1ffa, 1721, 0, 1, 0},
    {0x1ffb, 1722, 0, 1, 0},
    {0x1ffc, 1723, 1710, 1, 2},
    {0x2126, 515, 0, 1, 0},
    {0x212a, 10, 0, 1, 0},
    {0x212b, 58, 0, 1, 0},
    {0x2132, 1724, 0, 1, 0},
    {0x214e, 0, 1725, 0, 1},
    {0x2160, 1726, 0, 1, 0},
    {0x2161, 1727, 0, 1, 0},
    {0x2162, 1728, 0, 1, 0},
    {0x2163, 1729, 0, 1, 0},
    {0x2164, 1730, 0, 1, 0},
    {0x2165, 1731, 0, 1, 0},
    {0x2166, 1732, 0, 1, 0},
    {0x2167, 1733, 0, 1, 0},
    {0x2168, 1734, 0, 1, 0},
    {0x2169, 1735, 0, 1, 0},
    {0x216a, 1736, 0, 1, 0},
    {0x216b, 1737, 0, 1, 0},
    {0x216c, 1738, 0, 1, 0},
    {0x216d, 1739, 0, 1, 0},
    {0x216e, 1740, 0, 1, 0},
    {0x216f, 1741, 0, 1, 0},
    {0x2170, 0, 1742, 0, 1},
    {0x2171, 0, 1743, 0, 1},
    {0x2172, 0, 1744, 0, 1},
    {0x2173, 0, 1745, 0, 1},
    {0x2174, 0, 1746, 0, 1},
    {0x2175, 0, 1747, 0, 1},
    {0x2176, 0, 1748, 0, 1},
    {0x2177, 0, 1749, 0, 1},
    {0x2178, 0, 1750, 0, 1},
    {0x2179, 0, 1751, 0, 1},
    {0x217a, 0, 1752, 0, 1},
    {0x217b, 0, 1753, 0, 1},
    {0x217c, 0, 1754, 0, 1},
    {0x217d, 0, 1755, 0, 1},
    {0x217e, 0, 1756, 0, 1},
    {0x217f, 0, 1757, 0, 1},
    {0x2183, 1758, 0, 1, 0},
    {0x2184, 0, 1759, 0, 1},
    {0x24b6, 1760, 0, 1, 0},
    {0x24b7, 1761, 0, 1, 0},
    {0x24b8, 1762, 0, 1, 0},
    {0x24b9, 1763, 0, 1, 0},
    {0x24ba, 1764, 0, 1, 0},
    {0x24bb, 1765, 0, 1, 0},
    {0x24bc, 1766, 0, 1, 0},
    {0x24bd, 1767, 0, 1, 0},
    {0x24be, 1768, 0, 1, 0},
    {0x24bf, 1769, 0, 1, 0},
    {0x24c0, 1770, 0, 1, 0},
    {0x24c1, 1771, 0, 1, 0},
    {0x24c2, 1772, 0, 1, 0},
    {0x24c3, 1773, 0, 1, 0},
    {0x24c4, 1774, 0, 1, 0},
    {0x24c5, 1775, 0, 1, 0},
    {0x24c6, 1776, 0, 1, 0},
    {0x24c7, 1777, 0, 1, 0},
    {0x24c8, 1778, 0, 1, 0},
    {0x24c9, 1779, 0, 1, 0},
    {0x24ca, 1780, 0, 1, 0},
    {0x24cb, 1781, 0, 1, 0},
    {0x24cc, 1782, 0, 1, 0},
    {0x24cd, 1783, 0, 1, 0},
    {0x24ce, 1784, 0, 1, 0},
    {0x24cf, 1785, 0, 1, 0},
    {0x24d0, 0, 1786, 0, 1},
    {0x24d1, 0, 1787, 0, 1},
    {0x24d2, 0, 1788, 0, 1},
    {0x24d3, 0, 1789, 0, 1},
    {0x24d4, 0, 1790, 0, 1},
    {0x24d5, 0, 1791, 0, 1},
    {0x24d6, 0, 1792, 0, 1},
    {0x24d7, 0, 1793, 0, 1},
    {0x24d8, 0, 1794, 0, 1},
    {0x24d9, 0, 1795, 0, 1},
    {0x24da, 0, 1796, 0, 1},
    {0x24db, 0, 1797, 0, 1},
    {0x24dc, 0, 1798, 0, 1},
    {0x24dd, 0, 1799, 0, 1},
    {0x24de, 0, 1800, 0, 1},
    {0x24df, 0, 1801, 0, 1},
    {0x24e0, 0, 1802, 0, 1},
    {0x24e1, 0, 1803, 0, 1},
    {0x24e2, 0, 1804, 0, 1},
    {0x24e3, 0, 1805, 0, 1},
    {0x24e4, 0, 1806, 0, 1},
    {0x24e5, 0, 1807, 0, 1},
    {0x24e6, 0, 1808, 0, 1},
    {0x24e7, 0, 1809, 0, 1},
    {0x24e8, 0, 1810, 0, 1},
    {0x24e9, 0, 1811, 0, 1},
    {0x2c00, 1812, 0, 1, 0},
    {0x2c01, 1813, 0, 1, 0},
    {0x2c02, 1814, 0, 1, 0},
    {0x2c03, 1815, 0, 1, 0},
    {0x2c04, 1816, 0, 1, 0},
    {0x2c05, 1817, 0, 1, 0},
    {0x2c06, 1818, 0, 1, 0},
    {0x2c07, 1819, 0, 1, 0},
    {0x2c08, 1820, 0, 1, 0},
    {0x2c09, 1821, 0, 1, 0},
    {0x2c0a, 1822, 0, 1, 0},
    {0x2c0b, 1823, 0, 1, 0},
    {0x2c0c, 1824, 0, 1, 0},
    {0x2c0d, 1825, 0, 1, 0},
    {0x2c0e, 1826, 0, 1, 0},
    {0x2c0f, 1827, 0, 1, 0},
    {0x2c10, 1828, 0, 1, 0},
    {0x2c11, 1829, 0, 1, 0},
    {0x2c12, 1830, 0, 1, 0},
    {0x2c13, 1831, 0, 1, 0},
    {0x2c14, 1832, 0, 1, 0},
    {0x2c15, 1833, 0, 1, 0},
    {0x2c16, 1834, 0, 1, 0},
    {0x2c17, 1835, 0, 1, 0},
    {0x2c18, 1836, 0, 1, 0},
    {0x2c19, 1837, 0, 1, 0},
    {0x2c1a, 1838, 0, 1, 0},
    {0x2c1b, 1839, 0, 1, 0},
    {0x2c1c, 1840, 0, 1, 0},
    {0x2c1d, 1841, 0, 1, 0},
    {0x2c1e, 1842, 0, 1, 0},
    {0x2c1f, 1843, 0, 1, 0},
    {0x2c20, 1844, 0, 1, 0},
    {0x2c21, 1845, 0, 1, 0},
    {0x2c22, 1846, 0, 1, 0},
    {0x2c23, 1847, 0, 1, 0},
    {0x2c24, 1848, 0, 1, 0},
    {0x2c25, 1849, 0, 1, 0},
    {0x2c26, 1850, 0, 1, 0},
    {0x2c27, 1851, 0, 1, 0},
    {0x2c28, 1852, 0, 1, 0},
    {0x2c29, 1853, 0, 1, 0},
    {0x2c2a, 1854, 0, 1, 0},
    {0x2c2b, 1855, 0, 1, 0},
    {0x2c2c, 1856, 0, 1, 0},
    {0x2c2d, 1857, 0, 1, 0},
    {0x2c2e, 1858, 0, 1, 0},
    {0x2c2f, 1859, 0, 1, 0},
    {0x2c30, 0, 1860, 0, 1},
    {0x2c31, 0, 1861, 0, 1},
    {0x2c32, 0, 1862, 0, 1},
    {0x2c33, 0, 1863, 0, 1},
    {0x2c34, 0, 1864, 0, 1},
    {0x2c35, 0, 1865, 0, 1},
    {0x2c36, 0, 1866, 0, 1},
    {0x2c37, 0, 1867, 0, 1},
    {0x2c38, 0, 1868, 0, 1},
    {0x2c39, 0, 1869, 0, 1},
    {0x2c3a, 0, 1870, 0, 1},
    {0x2c3b, 0, 1871, 0, 1},
    {0x2c3c, 0, 1872, 0, 1},
    {0x2c3d, 0, 1873, 0, 1},
    {0x2c3e, 0, 1874, 0, 1},
    {0x2c3f, 0, 1875, 0, 1},
    {0x2c40, 0, 1876, 0, 1},
    {0x2c41, 0, 1877, 0, 1},
    {0x2c42, 0, 1878, 0, 1},
    {0x2c43, 0, 1879, 0, 1},
    {0x2c44, 0, 1880, 0, 1},
    {0x2c45, 0, 1881, 0, 1},
    {0x2c46, 0, 1882, 0, 1},
    {0x2c47, 0, 1883, 0, 1},
    {0x2c48, 0, 1884, 0, 1},
    {0x2c49, 0, 1885, 0, 1},
    {0x2c4a, 0, 1886, 0, 1},
    {0x2c4b, 0, 1887, 0, 1},
    {0x2c4c, 0, 1888, 0, 1},
    {0x2c4d, 0, 1889, 0, 1},
    {0x2c4e, 0, 1890, 0, 1},
    {0x2c4f, 0, 1891, 0, 1},
    {0x2c50, 0, 1892, 0, 1},
    {0x2c51, 0, 1893, 0, 1},
    {0x2c52, 0, 1894, 0, 1},
    {0x2c53, 0, 1895, 0, 1},
    {0x2c54, 0, 1896, 0, 1},
    {0x2c55, 0, 1897, 0, 1},
    {0x2c56, 0, 1898, 0, 1},
    {0x2c57, 0, 1899, 0, 1},
    {0x2c58, 0, 1900, 0, 1},
    {0x2c59, 0, 1901, 0, 1},
    {0x2c5a, 0, 1902, 0, 1},
    {0x2c5b, 0, 1903, 0, 1},
    {0x2c5c, 0, 1904, 0, 1},
    {0x2c5d, 0, 1905, 0, 1},
    {0x2c5e, 0, 1906, 0, 1},
    {0x2c5f, 0, 1907, 0, 1},
    {0x2c60, 1908, 0, 1, 0},
    {0x2c61, 0, 1909, 0, 1},
    {0x2c62, 1910, 0, 1, 0},
    {0x2c63, 1911, 0, 1, 0},
    {0x2c64, 1912, 0, 1, 0},
    {0x2c65, 0, 1913, 0, 1},
    {0x2c66, 0, 1914, 0, 1},
    {0x2c67, 1915, 0, 1, 0},
    {0x2c68, 0, 1916, 0, 1},
    {0x2c69, 1917, 0, 1, 0},
    {0x2c6a, 0, 1918, 0, 1},
    {0x2c6b, 1919, 0, 1, 0},
    {0x2c6c, 0, 1920, 0, 1},
    {0x2c6d, 1921, 0, 1, 0},
    {0x2c6e, 1922, 0, 1, 0},
    {0x2c6f, 1923, 0, 1, 0},
    {0x2c70, 1924, 0, 1, 0},
    {0x2c72, 1925, 0, 1, 0},
    {0x2c73, 0, 1926, 0, 1},
    {0x2c75, 1927, 0, 1, 0},
    {0x2c76, 0, 1928, 0, 1},
    {0x2c7e, 1929, 0, 1, 0},
    {0x2c7f, 1930, 0, 1, 0},
    {0x2c80, 1931, 0, 1, 0},
    {0x2c81, 0, 1932, 0, 1},
    {0x2c82, 1933, 0, 1, 0},
    {0x2c83, 0, 1934, 0, 1},
    {0x2c84, 1935, 0, 1, 0},
    {0x2c85, 0, 1936, 0, 1},
    {0x2c86, 1937, 0, 1, 0},
    {0x2c87, 0, 1938, 0, 1},
    {0x2c88, 1939, 0, 1, 0},
    {0x2c89, 0, 1940, 0, 1},
    {0x2c8a, 1941, 0, 1, 0},
    {0x2c8b, 0, 1942, 0, 1},
    {0x2c8c, 1943, 0, 1, 0},
    {0x2c8d, 0, 1944, 0, 1},
    {0x2c8e, 1945, 0, 1, 0},
    {0x2c8f, 0, 1946, 0, 1},
    {0x2c90, 1947, 0, 1, 0},
    {0x2c91, 0, 1948, 0, 1},
    {0x2c92, 1949, 0, 1, 0},
    {0x2c93, 0, 1950, 0, 1},
    {0x2c94, 1951, 0, 1, 0},
    {0x2c95, 0, 1952, 0, 1},
    {0x2c96, 1953, 0, 1, 0},
    {0x2c97, 0, 1954, 0, 1},
    {0x2c98, 1955, 0, 1, 0},
    {0x2c99, 0, 1956, 0, 1},
    {0x2c9a, 1957, 0, 1, 0},
    {0x2c9b, 0, 1958, 0, 1},
    {0x2c9c, 1959, 0, 1, 0},
    {0x2c9d, 0, 1960, 0, 1},
    {0x2c9e, 1961, 0, 1, 0},
    {0x2c9f, 0, 1962, 0, 1},
    {0x2ca0, 1963, 0, 1, 0},
    {0x2ca1, 0, 1964, 0, 1},
    {0x2ca2, 1965, 0, 1, 0},
    {0x2ca3, 0, 1966, 0, 1},
    {0x2ca4, 1967, 0, 1, 0},
    {0x2ca5, 0, 1968, 0, 1},
    {0x2ca6, 1969, 0, 1, 0},
    {0x2ca7, 0, 1970, 0, 1},
    {0x2ca8, 1971, 0, 1, 0},
    {0x2ca9, 0, 1972, 0, 1},
    {0x2caa, 1973, 0, 1, 0},
    {0x2cab, 0, 1974, 0, 1},
    {0x2cac, 1975, 0, 1, 0},
    {0x2cad, 0, 1976, 0, 1},
    {0x2cae, 1977, 0, 1, 0},
    {0x2caf, 0, 1978, 0, 1},
    {0x2cb0, 1979, 0, 1, 0},
    {0x2cb1, 0, 1980, 0, 1},
    {0x2cb2, 1981, 0, 1, 0},
    {0x2cb3, 0, 1982, 0, 1},
    {0x2cb4, 1983, 0, 1, 0},
    {0x2cb5, 0, 1984, 0, 1},
    {0x2cb6, 1985, 0, 1, 0},
    {0x2cb7, 0, 1986, 0, 1},
    {0x2cb8, 1987, 0, 1, 0},
    {0x2cb9, 0, 1988, 0, 1},
    {0x2cba, 1989, 0, 1, 0},
    {0x2cbb, 0, 1990, 0, 1},
    {0x2cbc, 1991, 0, 1, 0},
    {0x2cbd, 0, 1992, 0, 1},
    {0x2cbe, 1993, 0, 1, 0},
    {0x2cbf, 0, 1994, 0, 1},
    {0x2cc0, 1995, 0, 1, 0},
    {0x2cc1, 0, 1996, 0, 1},
    {0x2cc2, 1997, 0, 1, 0},
    {0x2cc3, 0, 1998, 0, 1},
    {0x2cc4, 1999, 0, 1, 0},
    {0x2cc5, 0, 2000, 0, 1},
    {0x2cc6, 2001, 0, 1, 0},
    {0x2cc7, 0, 2002, 0, 1},
    {0x2cc8, 2003, 0, 1, 0},
    {0x2cc9, 0, 2004, 0, 1},
    {0x2cca, 2005, 0, 1, 0},
    {0x2ccb, 0, 2006, 0, 1},
    {0x2ccc, 2007, 0, 1, 0},
    {0x2ccd, 0, 2008, 0, 1},
    {0x2cce, 2009, 0, 1, 0},
    {0x2ccf, 0, 2010, 0, 1},
    {0x2cd0, 2011, 0, 1, 0},
    {0x2cd1, 0, 2012, 0, 1},
    {0x2cd2, 2013, 0, 1, 0},
    {0x2cd3, 0, 2014, 0, 1},
    {0x2cd4, 2015, 0, 1, 0},
    {0x2cd5, 0, 2016, 0, 1},
    {0x2cd6, 2017, 0, 1, 0},
    {0x2cd7, 0, 2018, 0, 1},
    {0x2cd8, 2019, 0, 1, 0},
    {0x2cd9, 0, 2020, 0, 1},
    {0x2cda, 2021, 0, 1, 0},
    {0x2cdb, 0, 2022, 0, 1},
    {0x2cdc, 2023, 0, 1, 0},
    {0x2cdd, 0, 2024, 0, 1},
    {0x2cde, 2025, 0, 1, 0},
    {0x2cdf, 0, 2026, 0, 1},
    {0x2ce0, 2027, 0, 1, 0},
    {0x2ce1, 0, 2028, 0, 1},
    {0x2ce2, 2029, 0, 1, 0},
    {0x2ce3, 0, 2030, 0, 1},
    {0x2ceb, 2031, 0, 1, 0},
    {0x2cec, 0, 2032, 0, 1},
    {0x2ced, 2033, 0, 1, 0},
    {0x2cee, 0, 2034, 0, 1},
    {0x2cf2, 2035, 0, 1, 0},
    {0x2cf3, 0, 2036, 0, 1},
    {0x2d00, 0, 2037, 0, 1},
    {0x2d01, 0, 2038, 0, 1},
    {0x2d02, 0, 2039, 0, 1},
    {0x2d03, 0, 2040, 0, 1},
    {0x2d04, 0, 2041, 0, 1},
    {0x2d05, 0, 2042, 0, 1},
    {0x2d06, 0, 2043, 0, 1},
    {0x2d07, 0, 2044, 0, 1},
    {0x2d08, 0, 2045, 0, 1},
    {0x2d09, 0, 2046, 0, 1},
    {0x2d0a, 0, 2047, 0, 1},
    {0x2d0b, 0, 2048, 0, 1},
    {0x2d0c, 0, 2049, 0, 1},
    {0x2d0d, 0, 2050, 0, 1},
    {0x2d0e, 0, 2051, 0, 1},
    {0x2d0f, 0, 2052, 0, 1},
    {0x2d10, 0, 2053, 0, 1},
    {0x2d11, 0, 2054, 0, 1},
    {0x2d12, 0, 2055, 0, 1},
    {0x2d13, 0, 2056, 0, 1},
    {0x2d14, 0, 2057, 0, 1},
    {0x2d15, 0, 2058, 0, 1},
    {0x2d16, 0, 2059, 0, 1},
    {0x2d17, 0, 2060, 0, 1},
    {0x2d18, 0, 2061, 0, 1},
    {0x2d19, 0, 2062, 0, 1},
    {0x2d1a, 0, 2063, 0, 1},
    {0x2d1b, 0, 2064, 0, 1},
    {0x2d1c, 0, 2065, 0, 1},
    {0x2d1d, 0, 2066, 0, 1},
    {0x2d1e, 0, 2067, 0, 1},
    {0x2d1f, 0, 2068, 0, 1},
    {0x2d20, 0, 2069, 0, 1},
    {0x2d21, 0, 2070, 0, 1},
    {0x2d22, 0, 2071, 0, 1},
    {0x2d23, 0, 2072, 0, 1},
    {0x2d24, 0, 2073, 0, 1},
    {0x2d25, 0, 2074, 0, 1},
    {0x2d27, 0, 2075, 0, 1},
    {0x2d2d, 0, 2076, 0, 1},
    {0xa640, 2077, 0, 1, 0},
    {0xa641, 0, 2078, 0, 1},
    {0xa642, 2079, 0, 1, 0},
    {0xa643, 0, 2080, 0, 1},
    {0xa644, 2081, 0, 1, 0},
    {0xa645, 0, 2082, 0, 1},
    {0xa646, 2083, 0, 1, 0},
    {0xa647, 0, 2084, 0, 1},
    {0xa648, 2085, 0, 1, 0},
    {0xa649, 0, 2086, 0, 1},
    {0xa64a, 2087, 0, 1, 0},
    {0xa64b, 0, 1140, 0, 1},
    {0xa64c, 2088, 0, 1, 0},
    {0xa64d, 0, 2089, 0, 1},
    {0xa64e, 2090, 0, 1, 0},
    {0xa64f, 0, 2091, 0, 1},
    {0xa650, 2092, 0, 1, 0},
    {0xa651, 0, 2093, 0, 1},
    {0xa652, 2094, 0, 1, 0},
    {0xa653, 0, 2095, 0, 1},
    {0xa654, 2096, 0, 1, 0},
    {0xa655, 0, 2097, 0, 1},
    {0xa656, 2098, 0, 1, 0},
    {0xa657, 0, 2099, 0, 1},
    {0xa658, 2100, 0, 1, 0},
    {0xa659, 0, 2101, 0, 1},
    {0xa65a, 2102, 0, 1, 0},
    {0xa65b, 0, 2103, 0, 1},
    {0xa65c, 2104, 0, 1, 0},
    {0xa65d, 0, 2105, 0, 1},
    {0xa65e, 2106, 0, 1, 0},
    {0xa65f, 0, 2107, 0, 1},
    {0xa660, 2108, 0, 1, 0},
    {0xa661, 0, 2109, 0, 1},
    {0xa662, 2110, 0, 1, 0},
    {0xa663, 0, 2111, 0, 1},
    {0xa664, 2112, 0, 1, 0},
    {0xa665, 0, 2113, 0, 1},
    {0xa666, 2114, 0, 1, 0},
    {0xa667, 0, 2115, 0, 1},
    {0xa668, 2116, 0, 1, 0},
    {0xa669, 0, 2117, 0, 1},
    {0xa66a, 2118, 0, 1, 0},
    {0xa66b, 0, 2119, 0, 1},
    {0xa66c, 2120, 0, 1, 0},
    {0xa66d, 0, 2121, 0, 1},
    {0xa680, 2122, 0, 1, 0},
    {0xa681, 0, 2123, 0, 1},
    {0xa682, 2124, 0, 1, 0},
    {0xa683, 0, 2125, 0, 1},
    {0xa684, 2126, 0, 1, 0},
    {0xa685, 0, 2127, 0, 1},
    {0xa686, 2128, 0, 1, 0},
    {0xa687, 0, 2129, 0, 1},
    {0xa688, 2130, 0, 1, 0},
    {0xa689, 0, 2131, 0, 1},
    {0xa68a, 2132, 0, 1, 0},
    {0xa68b, 0, 2133, 0, 1},
    {0xa68c, 2134, 0, 1, 0},
    {0xa68d, 0, 2135, 0, 1},
    {0xa68e, 2136, 0, 1, 0},
    {0xa68f, 0, 2137, 0, 1},
    {0xa690, 2138, 0, 1, 0},
    {0xa691, 0, 2139, 0, 1},
    {0xa692, 2140, 0, 1, 0},
    {0xa693, 0, 2141, 0, 1},
    {0xa694, 2142, 0, 1, 0},
    {0xa695, 0, 2143, 0, 1},
    {0xa696, 2144, 0, 1, 0},
    {0xa697, 0, 2145, 0, 1},
    {0xa698, 2146, 0, 1, 0},
    {0xa699, 0, 2147, 0, 1},
    {0xa69a, 2148, 0, 1, 0},
    {0xa69b, 0, 2149, 0, 1},
    {0xa722, 2150, 0, 1, 0},
    {0xa723, 0, 2151, 0, 1},
    {0xa724, 2152, 0, 1, 0},
    {0xa725, 0, 2153, 0, 1},
    {0xa726, 2154, 0, 1, 0},
    {0xa727, 0, 2155, 0, 1},
    {0xa728, 2156, 0, 1, 0},
    {0xa729, 0, 2157, 0, 1},
    {0xa72a, 2158, 0, 1, 0},
    {0xa72b, 0, 2159, 0, 1},
    {0xa72c, 2160, 0, 1, 0},
    {0xa72d, 0, 2161, 0, 1},
    {0xa72e, 2162, 0, 1, 0},
    {0xa72f, 0, 2163, 0, 1},
    {0xa732, 2164, 0, 1, 0},
    {0xa733, 0, 2165, 0, 1},
    {0xa734, 2166, 0, 1, 0},
    {0xa735, 0, 2167, 0, 1},
    {0xa736, 2168, 0, 1, 0},
    {0xa737, 0, 2169, 0, 1},
    {0xa738, 2170, 0, 1, 0},
    {0xa739, 0, 2171, 0, 1},
    {0xa73a, 2172, 0, 1, 0},
    {0xa73b, 0, 2173, 0, 1},
    {0xa73c, 2174, 0, 1, 0},
    {0xa73d, 0, 2175, 0, 1},
    {0xa73e, 2176, 0, 1, 0},
    {0xa73f, 0, 2177, 0, 1},
    {0xa740, 2178, 0, 1, 0},
    {0xa741, 0, 2179, 0, 1},
    {0xa742, 2180, 0, 1, 0},
    {0xa743, 0, 2181, 0, 1},
    {0xa744, 2182, 0, 1, 0},
    {0xa745, 0, 2183, 0, 1},
    {0xa746, 2184, 0, 1, 0},
    {0xa747, 0, 2185, 0, 1},
    {0xa748, 2186, 0, 1, 0},
    {0xa749, 0, 2187, 0, 1},
    {0xa74a, 2188, 0, 1, 0},
    {0xa74b, 0, 2189, 0, 1},
    {0xa74c, 2190, 0, 1, 0},
    {0xa74d, 0, 2191, 0, 1},
    {0xa74e, 2192, 0, 1, 0},
    {0xa74f, 0, 2193, 0, 1},
    {0xa750, 2194, 0, 1, 0},
    {0xa751, 0, 2195, 0, 1},
    {0xa752, 2196, 0, 1, 0},
    {0xa753, 0, 2197, 0, 1},
    {0xa754, 2198, 0, 1, 0},
    {0xa755, 0, 2199, 0, 1},
    {0xa756, 2200, 0, 1, 0},
    {0xa757, 0, 2201, 0, 1},
    {0xa758, 2202, 0, 1, 0},
    {0xa759, 0, 2203, 0, 1},
    {0xa75a, 2204, 0, 1, 0},
    {0xa75b, 0, 2205, 0, 1},
    {0xa75c, 2206, 0, 1, 0},
    {0xa75d, 0, 2207, 0, 1},
    {0xa75e, 2208, 0, 1, 0},
    {0xa75f, 0, 2209, 0, 1},
    {0xa760, 2210, 0, 1, 0},
    {0xa761, 0, 2211, 0, 1},
    {0xa762, 2212, 0, 1, 0},
    {0xa763, 0, 2213, 0, 1},
    {0xa764, 2214, 0, 1, 0},
    {0xa765, 0, 2215, 0, 1},
    {0xa766, 2216, 0, 1, 0},
    {0xa767, 0, 2217, 0, 1},
    {0xa768, 2218, 0, 1, 0},
    {0xa769, 0, 2219, 0, 1},
    {0xa76a, 2220, 0, 1, 0},
    {0xa76b, 0, 2221, 0, 1},
    {0xa76c, 2222, 0, 1, 0},
    {0xa76d, 0, 2223, 0, 1},
    {0xa76e, 2224, 0, 1, 0},
    {0xa76f, 0, 2225, 0, 1},
    {0xa779, 2226, 0, 1, 0},
    {0xa77a, 0, 2227, 0, 1},
    {0xa77b, 2228, 0, 1, 0},
    {0xa77c, 0, 2229, 0, 1},
    {0xa77d, 2230, 0, 1, 0},
    {0xa77e, 2231, 0, 1, 0},
    {0xa77f, 0, 2232, 0, 1},
    {0xa780, 2233, 0, 1, 0},
    {0xa781, 0, 2234, 0, 1},
    {0xa782, 2235, 0, 1, 0},
    {0xa783, 0, 2236, 0, 1},
    {0xa784, 2237, 0, 1, 0},
    {0xa785, 0, 2238, 0, 1},
    {0xa786, 2239, 0, 1, 0},
    {0xa787, 0, 2240, 0, 1},
    {0xa78b, 2241, 0, 1, 0},
    {0xa78c, 0, 2242, 0, 1},
    {0xa78d, 2243, 0, 1, 0},
    {0xa790, 2244, 0, 1, 0},
    {0xa791, 0, 2245, 0, 1},
    {0xa792, 2246, 0, 1, 0},
    {0xa793, 0, 2247, 0, 1},
    {0xa794, 0, 2248, 0, 1},
    {0xa796, 2249, 0, 1, 0},
    {0xa797, 0, 2250, 0, 1},
    {0xa798, 2251, 0, 1, 0},
    {0xa799, 0, 2252, 0, 1},
    {0xa79a, 2253, 0, 1, 0},
    {0xa79b, 0, 2254, 0, 1},
    {0xa79c, 2255, 0, 1, 0},
    {0xa79d, 0, 2256, 0, 1},
    {0xa79e, 2257, 0, 1, 0},
    {0xa79f, 0, 2258, 0, 1},
    {0xa7a0, 2259, 0, 1, 0},
    {0xa7a1, 0, 2260, 0, 1},
    {0xa7a2, 2261, 0, 1, 0},
    {0xa7a3, 0, 2262, 0, 1},
    {0xa7a4, 2263, 0, 1, 0},
    {0xa7a5, 0, 2264, 0, 1},
    {0xa7a6, 2265, 0, 1, 0},
    {0xa7a7, 0, 2266, 0, 1},
    {0xa7a8, 2267, 0, 1, 0},
    {0xa7a9, 0, 2268, 0, 1},
    {0xa7aa, 2269, 0, 1, 0},
    {0xa7ab, 2270, 0, 1, 0},
    {0xa7ac, 2271, 0, 1, 0},
    {0xa7ad, 2272, 0, 1, 0},
    {0xa7ae, 2273, 0, 1, 0},
    {0xa7b0, 2274, 0, 1, 0},
    {0xa7b1, 2275, 0, 1, 0},
    {0xa7b2, 2276, 0, 1, 0},
    {0xa7b3, 2277, 0, 1, 0},
    {0xa7b4, 2278, 0, 1, 0},
    {0xa7b5, 0, 2279, 0, 1},
    {0xa7b6, 2280, 0, 1, 0},
    {0xa7b7, 0, 2281, 0, 1},
    {0xa7b8, 2282, 0, 1, 0},
    {0xa7b9, 0, 2283, 0, 1},
    {0xa7ba, 2284, 0, 1, 0},
    {0xa7bb, 0, 2285, 0, 1},
    {0xa7bc, 2286, 0, 1, 0},
    {0xa7bd, 0, 2287, 0, 1},
    {0xa7be, 2288, 0, 1, 0},
    {0xa7bf, 0, 2289, 0, 1},
    {0xa7c0, 2290, 0, 1, 0},
    {0xa7c1, 0, 2291, 0, 1},
    {0xa7c2, 2292, 0, 1, 0},
    {0xa7c3, 0, 2293, 0, 1},
    {0xa7c4, 2294, 0, 1, 0},
    {0xa7c5, 2295, 0, 1, 0},
    {0xa7c6, 2296, 0, 1, 0},
    {0xa7c7, 2297, 0, 1, 0},
    {0xa7c8, 0, 2298, 0, 1},
    {0xa7c9, 2299, 0, 1, 0},
    {0xa7ca, 0, 2300, 0, 1},
    {0xa7cb, 2301, 0, 1, 0},
    {0xa7cc, 2302, 0, 1, 0},
    {0xa7cd, 0, 2303, 0, 1},
    {0xa7ce, 2304, 0, 1, 0},
    {0xa7cf, 0, 2305, 0, 1},
    {0xa7d0, 2306, 0, 1, 0},
    {0xa7d1, 0, 2307, 0, 1},
    {0xa7d2, 2308, 0, 1, 0},
    {0xa7d3, 0, 2309, 0, 1},
    {0xa7d4, 2310, 0, 1, 0},
    {0xa7d5, 0, 2311, 0, 1},
    {0xa7d6, 2312, 0, 1, 0},
    {0xa7d7, 0, 2313, 0, 1},
    {0xa7d8, 2314, 0, 1, 0},
    {0xa7d9, 0, 2315, 0, 1},
    {0xa7da, 2316, 0, 1, 0},
    {0xa7db, 0, 2317, 0, 1},
    {0xa7dc, 2318, 0, 1, 0},
    {0xa7dd, 2319, 0, 1, 0},
    {0xa7e2, 2320, 0, 1, 0},
    {0xa7f5, 2321, 0, 1, 0},
    {0xa7f6, 0, 2322, 0, 1},
    {0xab4b, 0, 2323, 0, 1},
    {0xab4c, 0, 2324, 0, 1},
    {0xab53, 0, 2325, 0, 1},
    {0xab6c, 2326, 0, 1, 0},
    {0xab6d, 2327, 0, 1, 0},
    {0xab70, 0, 2328, 0, 1},
    {0xab71, 0, 2329, 0, 1},
    {0xab72, 0, 2330, 0, 1},
    {0xab73, 0, 2331, 0, 1},
    {0xab74, 0, 2332, 0, 1},
    {0xab75, 0, 2333, 0, 1},
    {0xab76, 0, 2334, 0, 1},
    {0xab77, 0, 2335, 0, 1},
    {0xab78, 0, 2336, 0, 1},
    {0xab79, 0, 2337, 0, 1},
    {0xab7a, 0, 2338, 0, 1},
    {0xab7b, 0, 2339, 0, 1},
    {0xab7c, 0, 2340, 0, 1},
    {0xab7d, 0, 2341, 0, 1},
    {0xab7e, 0, 2342, 0, 1},
    {0xab7f, 0, 2343, 0, 1},
    {0xab80, 0, 2344, 0, 1},
    {0xab81, 0, 2345, 0, 1},
    {0xab82, 0, 2346, 0, 1},
    {0xab83, 0, 2347, 0, 1},
    {0xab84, 0, 2348, 0, 1},
    {0xab85, 0, 2349, 0, 1},
    {0xab86, 0, 2350, 0, 1},
    {0xab87, 0, 2351, 0, 1},
    {0xab88, 0, 2352, 0, 1},
    {0xab89, 0, 2353, 0, 1},
    {0xab8a, 0, 2354, 0, 1},
    {0xab8b, 0, 2355, 0, 1},
    {0xab8c, 0, 2356, 0, 1},
    {0xab8d, 0, 2357, 0, 1},
    {0xab8e, 0, 2358, 0, 1},
    {0xab8f, 0, 2359, 0, 1},
    {0xab90, 0, 2360, 0, 1},
    {0xab91, 0, 2361, 0, 1},
    {0xab92, 0, 2362, 0, 1},
    {0xab93, 0, 2363, 0, 1},
    {0xab94, 0, 2364, 0, 1},
    {0xab95, 0, 2365, 0, 1},
    {0xab96, 0, 2366, 0, 1},
    {0xab97, 0, 2367, 0, 1},
    {0xab98, 0, 2368, 0, 1},
    {0xab99, 0, 2369, 0, 1},
    {0xab9a, 0, 2370, 0, 1},
    {0xab9b, 0, 2371, 0, 1},
    {0xab9c, 0, 2372, 0, 1},
    {0xab9d, 0, 2373, 0, 1},
    {0xab9e, 0, 2374, 0, 1},
    {0xab9f, 0, 2375, 0, 1},
    {0xaba0, 0, 2376, 0, 1},
    {0xaba1, 0, 2377, 0, 1},
    {0xaba2, 0, 2378, 0, 1},
    {0xaba3, 0, 2379, 0, 1},
    {0xaba4, 0, 2380, 0, 1},
    {0xaba5, 0, 2381, 0, 1},
    {0xaba6, 0, 2382, 0, 1},
    {0xaba7, 0, 2383, 0, 1},
    {0xaba8, 0, 2384, 0, 1},
    {0xaba9, 0, 2385, 0, 1},
    {0xabaa, 0, 2386, 0, 1},
    {0xabab, 0, 2387, 0, 1},
    {0xabac, 0, 2388, 0, 1},
    {0xabad, 0, 2389, 0, 1},
    {0xabae, 0, 2390, 0, 1},
    {0xabaf, 0, 2391, 0, 1},
    {0xabb0, 0, 2392, 0, 1},
    {0xabb1, 0, 2393, 0, 1},
    {0xabb2, 0, 2394, 0, 1},
    {0xabb3, 0, 2395, 0, 1},
    {0xabb4, 0, 2396, 0, 1},
    {0xabb5, 0, 2397, 0, 1},
    {0xabb6, 0, 2398, 0, 1},
    {0xabb7, 0, 2399, 0, 1},
    {0xabb8, 0, 2400, 0, 1},
    {0xabb9, 0, 2401, 0, 1},
    {0xabba, 0, 2402, 0, 1},
    {0xabbb, 0, 2403, 0, 1},
    {0xabbc, 0, 2404, 0, 1},
    {0xabbd, 0, 2405, 0, 1},
    {0xabbe, 0, 2406, 0, 1},
    {0xabbf, 0, 2407, 0, 1},
    {0xfb00, 0, 2408, 0, 2},
    {0xfb01, 0, 2410, 0, 2},
    {0xfb02, 0, 2412, 0, 2},
    {0xfb03, 0, 2414, 0, 3},
    {0xfb04, 0, 2417, 0, 3},
    {0xfb05, 0, 2420, 0, 2},
    {0xfb06, 0, 2420, 0, 2},
    {0xfb13, 0, 2422, 0, 2},
    {0xfb14, 0, 2424, 0, 2},
    {0xfb15, 0, 2426, 0, 2},
    {0xfb16, 0, 2428, 0, 2},
    {0xfb17, 0, 2430, 0, 2},
    {0xff21, 2432, 0, 1, 0},
    {0xff22, 2433, 0, 1, 0},
    {0xff23, 2434, 0, 1, 0},
    {0xff24, 2435, 0, 1, 0},
    {0xff25, 2436, 0, 1, 0},
    {0xff26, 2437, 0, 1, 0},
    {0xff27, 2438, 0, 1, 0},
    {0xff28, 2439, 0, 1, 0},
    {0xff29, 2440, 0, 1, 0},
    {0xff2a, 2441, 0, 1, 0},
    {0xff2b, 2442, 0, 1, 0},
    {0xff2c, 2443, 0, 1, 0},
    {0xff2d, 2444, 0, 1, 0},
    {0xff2e, 2445, 0, 1, 0},
    {0xff2f, 2446, 0, 1, 0},
    {0xff30, 2447, 0, 1, 0},
    {0xff31, 2448, 0, 1, 0},
    {0xff32, 2449, 0, 1, 0},
    {0xff33, 2450, 0, 1, 0},
    {0xff34, 2451, 0, 1, 0},
    {0xff35, 2452, 0, 1, 0},
    {0xff36, 2453, 0, 1, 0},
    {0xff37, 2454, 0, 1, 0},
    {0xff38, 2455, 0, 1, 0},
    {0xff39, 2456, 0, 1, 0},
    {0xff3a, 2457, 0, 1, 0},
    {0xff41, 0, 2458, 0, 1},
    {0xff42, 0, 2459, 0, 1},
    {0xff43, 0, 2460, 0, 1},
    {0xff44, 0, 2461, 0, 1},
    {0xff45, 0, 2462, 0, 1},
    {0xff46, 0, 2463, 0, 1},
    {0xff47, 0, 2464, 0, 1},
    {0xff48, 0, 2465, 0, 1},
    {0xff49, 0, 2466, 0, 1},
    {0xff4a, 0, 2467, 0, 1},
    {0xff4b, 0, 2468, 0, 1},
    {0xff4c, 0, 2469, 0, 1},
    {0xff4d, 0, 2470, 0, 1},
    {0xff4e, 0, 2471, 0, 1},
    {0xff4f, 0, 2472, 0, 1},
    {0xff50, 0, 2473, 0, 1},
    {0xff51, 0, 2474, 0, 1},
    {0xff52, 0, 2475, 0, 1},
    {0xff53, 0, 2476, 0, 1},
    {0xff54, 0, 2477, 0, 1},
    {0xff55, 0, 2478, 0, 1},
    {0xff56, 0, 2479, 0, 1},
    {0xff57, 0, 2480, 0, 1},
    {0xff58, 0, 2481, 0, 1},
    {0xff59, 0, 2482, 0, 1},
    {0xff5a, 0, 2483, 0, 1},
    {0x10400, 2484, 0, 1, 0},
    {0x10401, 2485, 0, 1, 0},
    {0x10402, 2486, 0, 1, 0},
    {0x10403, 2487, 0, 1, 0},
    {0x10404, 2488, 0, 1, 0},
    {0x10405, 2489, 0, 1, 0},
    {0x10406, 2490, 0, 1, 0},
    {0x10407, 2491, 0, 1, 0},
    {0x10408, 2492, 0, 1, 0},
    {0x10409, 2493, 0, 1, 0},
    {0x1040a, 2494, 0, 1, 0},
    {0x1040b, 2495, 0, 1, 0},
    {0x1040c, 2496, 0, 1, 0},
    {0x1040d, 2497, 0, 1, 0},
    {0x1040e, 2498, 0, 1, 0},
    {0x1040f, 2499, 0, 1, 0},
    {0x10410, 2500, 0, 1, 0},
    {0x10411, 2501, 0, 1, 0},
    {0x10412, 2502, 0, 1, 0},
    {0x10413, 2503, 0, 1, 0},
    {0x10414, 2504, 0, 1, 0},
    {0x10415, 2505, 0, 1, 0},
    {0x10416, 2506, 0, 1, 0},
    {0x10417, 2507, 0, 1, 0},
    {0x10418, 2508, 0, 1, 0},
    {0x10419, 2509, 0, 1, 0},
    {0x1041a, 2510, 0, 1, 0},
    {0x1041b, 2511, 0, 1, 0},
    {0x1041c, 2512, 0, 1, 0},
    {0x1041d, 2513, 0, 1, 0},
    {0x1041e, 2514, 0, 1, 0},
    {0x1041f, 2515, 0, 1, 0},
    {0x10420, 2516, 0, 1, 0},
    {0x10421, 2517, 0, 1, 0},
    {0x10422, 2518, 0, 1, 0},
    {0x10423, 2519, 0, 1, 0},
    {0x10424, 2520, 0, 1, 0},
    {0x10425, 2521, 0, 1, 0},
    {0x10426, 2522, 0, 1, 0},
    {0x10427, 2523, 0, 1, 0},
    {0x10428, 0, 2524, 0, 1},
    {0x10429, 0, 2525, 0, 1},
    {0x1042a, 0, 2526, 0, 1},
    {0x1042b, 0, 2527, 0, 1},
    {0x1042c, 0, 2528, 0, 1},
    {0x1042d, 0, 2529, 0, 1},
    {0x1042e, 0, 2530, 0, 1},
    {0x1042f, 0, 2531, 0, 1},
    {0x10430, 0, 2532, 0, 1},
    {0x10431, 0, 2533, 0, 1},
    {0x10432, 0, 2534, 0, 1},
    {0x10433, 0, 2535, 0, 1},
    {0x10434, 0, 2536, 0, 1},
    {0x10435, 0, 2537, 0, 1},
    {0x10436, 0, 2538, 0, 1},
    {0x10437, 0, 2539, 0, 1},
    {0x10438, 0, 2540, 0, 1},
    {0x10439, 0, 2541, 0, 1},
    {0x1043a, 0, 2542, 0, 1},
    {0x1043b, 0, 2543, 0, 1},
    {0x1043c, 0, 2544, 0, 1},
    {0x1043d, 0, 2545, 0, 1},
    {0x1043e, 0, 2546, 0, 1},
    {0x1043f, 0, 2547, 0, 1},
    {0x10440, 0, 2548, 0, 1},
    {0x10441, 0, 2549, 0, 1},
    {0x10442, 0, 2550, 0, 1},
    {0x10443, 0, 2551, 0, 1},
    {0x10444, 0, 2552, 0, 1},
    {0x10445, 0, 2553, 0, 1},
    {0x10446, 0, 2554, 0, 1},
    {0x10447, 0, 2555, 0, 1},
    {0x10448, 0, 2556, 0, 1},
    {0x10449, 0, 2557, 0, 1},
    {0x1044a, 0, 2558, 0, 1},
    {0x1044b, 0, 2559, 0, 1},
    {0x1044c, 0, 2560, 0, 1},
    {0x1044d, 0, 2561, 0, 1},
    {0x1044e, 0, 2562, 0, 1},
    {0x1044f, 0, 2563, 0, 1},
    {0x104b0, 2564, 0, 1, 0},
    {0x104b1, 2565, 0, 1, 0},
    {0x104b2, 2566, 0, 1, 0},
    {0x104b3, 2567, 0, 1, 0},
    {0x104b4, 2568, 0, 1, 0},
    {0x104b5, 2569, 0, 1, 0},
    {0x104b6, 2570, 0, 1, 0},
    {0x104b7, 2571, 0, 1, 0},
    {0x104b8, 2572, 0, 1, 0},
    {0x104b9, 2573, 0, 1, 0},
    {0x104ba, 2574, 0, 1, 0},
    {0x104bb, 2575, 0, 1, 0},
    {0x104bc, 2576, 0, 1, 0},
    {0x104bd, 2577, 0, 1, 0},
    {0x104be, 2578, 0, 1, 0},
    {0x104bf, 2579, 0, 1, 0},
    {0x104c0, 2580, 0, 1, 0},
    {0x104c1, 2581, 0, 1, 0},
    {0x104c2, 2582, 0, 1, 0},
    {0x104c3, 2583, 0, 1, 0},
    {0x104c4, 2584, 0, 1, 0},
    {0x104c5, 2585, 0, 1, 0},
    {0x104c6, 2586, 0, 1, 0},
    {0x104c7, 2587, 0, 1, 0},
    {0x104c8, 2588, 0, 1, 0},
    {0x104c9, 2589, 0, 1, 0},
    {0x104ca, 2590, 0, 1, 0},
    {0x104cb, 2591, 0, 1, 0},
    {0x104cc, 2592, 0, 1, 0},
    {0x104cd, 2593, 0, 1, 0},
    {0x104ce, 2594, 0, 1, 0},
    {0x104cf, 2595, 0, 1, 0},
    {0x104d0, 2596, 0, 1, 0},
    {0x104d1, 2597, 0, 1, 0},
    {0x104d2, 2598, 0, 1, 0},
    {0x104d3, 2599, 0, 1, 0},
    {0x104d8, 0, 2600, 0, 1},
    {0x104d9, 0, 2601, 0, 1},
    {0x104da, 0, 2602, 0, 1},
    {0x104db, 0, 2603, 0, 1},
    {0x104dc, 0, 2604, 0, 1},
    {0x104dd, 0, 2605, 0, 1},
    {0x104de, 0, 2606, 0, 1},
    {0x104df, 0, 2607, 0, 1},
    {0x104e0, 0, 2608, 0, 1},
    {0x104e1, 0, 2609, 0, 1},
    {0x104e2, 0, 2610, 0, 1},
    {0x104e3, 0, 2611, 0, 1},
    {0x104e4, 0, 2612, 0, 1},
    {0x104e5, 0, 2613, 0, 1},
    {0x104e6, 0, 2614, 0, 1},
    {0x104e7, 0, 2615, 0, 1},
    {0x104e8, 0, 2616, 0, 1},
    {0x104e9, 0, 2617, 0, 1},
    {0x104ea, 0, 2618, 0, 1},
    {0x104eb, 0, 2619, 0, 1},
    {0x104ec, 0, 2620, 0, 1},
    {0x104ed, 0, 2621, 0, 1},
    {0x104ee, 0, 2622, 0, 1},
    {0x104ef, 0, 2623, 0, 1},
    {0x104f0, 0, 2624, 0, 1},
    {0x104f1, 0, 2625, 0, 1},
    {0x104f2, 0, 2626, 0, 1},
    {0x104f3, 0, 2627, 0, 1},
    {0x104f4, 0, 2628, 0, 1},
    {0x104f5, 0, 2629, 0, 1},
    {0x104f6, 0, 2630, 0, 1},
    {0x104f7, 0, 2631, 0, 1},
    {0x104f8, 0, 2632, 0, 1},
    {0x104f9, 0, 2633, 0, 1},
    {0x104fa, 0, 2634, 0, 1},
    {0x104fb, 0, 2635, 0, 1},
    {0x10570, 2636, 0, 1, 0},
    {0x10571, 2637, 0, 1, 0},
    {0x10572, 2638, 0, 1, 0},
    {0x10573, 2639, 0, 1, 0},
    {0x10574, 2640, 0, 1, 0},
    {0x10575, 2641, 0, 1, 0},
    {0x10576, 2642, 0, 1, 0},
    {0x10577, 2643, 0, 1, 0},
    {0x10578, 2644, 0, 1, 0},
    {0x10579, 2645, 0, 1, 0},
    {0x1057a, 2646, 0, 1, 0},
    {0x1057c, 2647, 0, 1, 0},
    {0x1057d, 2648, 0, 1, 0},
    {0x1057e, 2649, 0, 1, 0},
    {0x1057f, 2650, 0, 1, 0},
    {0x10580, 2651, 0, 1, 0},
    {0x10581, 2652, 0, 1, 0},
    {0x10582, 2653, 0, 1, 0},
    {0x10583, 2654, 0, 1, 0},
    {0x10584, 2655, 0, 1, 0},
    {0x10585, 2656, 0, 1, 0},
    {0x10586, 2657, 0, 1, 0},
    {0x10587, 2658, 0, 1, 0},
    {0x10588, 2659, 0, 1, 0},
    {0x10589, 2660, 0, 1, 0},
    {0x1058a, 2661, 0, 1, 0},
    {0x1058c, 2662, 0, 1, 0},
    {0x1058d, 2663, 0, 1, 0},
    {0x1058e, 2664, 0, 1, 0},
    {0x1058f, 2665, 0, 1, 0},
    {0x10590, 2666, 0, 1, 0},
    {0x10591, 2667, 0, 1, 0},
    {0x10592, 2668, 0, 1, 0},
    {0x10594, 2669, 0, 1, 0},
    {0x10595, 2670, 0, 1, 0},
    {0x10597, 0, 2671, 0, 1},
    {0x10598, 0, 2672, 0, 1},
    {0x10599, 0, 2673, 0, 1},
    {0x1059a, 0, 2674, 0, 1},
    {0x1059b, 0, 2675, 0, 1},
    {0x1059c, 0, 2676, 0, 1},
    {0x1059d, 0, 2677, 0, 1},
    {0x1059e, 0, 2678, 0, 1},
    {0x1059f, 0, 2679, 0, 1},
    {0x105a0, 0, 2680, 0, 1},
    {0x105a1, 0, 2681, 0, 1},
    {0x105a3, 0, 2682, 0, 1},
    {0x105a4, 0, 2683, 0, 1},
    {0x105a5, 0, 2684, 0, 1},
    {0x105a6, 0, 2685, 0, 1},
    {0x105a7, 0, 2686, 0, 1},
    {0x105a8, 0, 2687, 0, 1},
    {0x105a9, 0, 2688, 0, 1},
    {0x105aa, 0, 2689, 0, 1},
    {0x105ab, 0, 2690, 0, 1},
    {0x105ac, 0, 2691, 0, 1},
    {0x105ad, 0, 2692, 0, 1},
    {0x105ae, 0, 2693, 0, 1},
    {0x105af, 0, 2694, 0, 1},
    {0x105b0, 0, 2695, 0, 1},
    {0x105b1, 0, 2696, 0, 1},
    {0x105b3, 0, 2697, 0, 1},
    {0x105b4, 0, 2698, 0, 1},
    {0x105b5, 0, 2699, 0, 1},
    {0x105b6, 0, 2700, 0, 1},
    {0x105b7, 0, 2701, 0, 1},
    {0x105b8, 0, 2702, 0, 1},
    {0x105b9, 0, 2703, 0, 1},
    {0x105bb, 0, 2704, 0, 1},
    {0x105bc, 0, 2705, 0, 1},
    {0x10c80, 2706, 0, 1, 0},
    {0x10c81, 2707, 0, 1, 0},
    {0x10c82, 2708, 0, 1, 0},
    {0x10c83, 2709, 0, 1, 0},
    {0x10c84, 2710, 0, 1, 0},
    {0x10c85, 2711, 0, 1, 0},
    {0x10c86, 2712, 0, 1, 0},
    {0x10c87, 2713, 0, 1, 0},
    {0x10c88, 2714, 0, 1, 0},
    {0x10c89, 2715, 0, 1, 0},
    {0x10c8a, 2716, 0, 1, 0},
    {0x10c8b, 2717, 0, 1, 0},
    {0x10c8c, 2718, 0, 1, 0},
    {0x10c8d, 2719, 0, 1, 0},
    {0x10c8e, 2720, 0, 1, 0},
    {0x10c8f, 2721, 0, 1, 0},
    {0x10c90, 2722, 0, 1, 0},
    {0x10c91, 2723, 0, 1, 0},
    {0x10c92, 2724, 0, 1, 0},
    {0x10c93, 2725, 0, 1, 0},
    {0x10c94, 2726, 0, 1, 0},
    {0x10c95, 2727, 0, 1, 0},
    {0x10c96, 2728, 0, 1, 0},
    {0x10c97, 2729, 0, 1, 0},
    {0x10c98, 2730, 0, 1, 0},
    {0x10c99, 2731, 0, 1, 0},
    {0x10c9a, 2732, 0, 1, 0},
    {0x10c9b, 2733, 0, 1, 0},
    {0x10c9c, 2734, 0, 1, 0},
    {0x10c9d, 2735, 0, 1, 0},
    {0x10c9e, 2736, 0, 1, 0},
    {0x10c9f, 2737, 0, 1, 0},
    {0x10ca0, 2738, 0, 1, 0},
    {0x10ca1, 2739, 0, 1, 0},
    {0x10ca2, 2740, 0, 1, 0},
    {0x10ca3, 2741, 0, 1, 0},
    {0x10ca4, 2742, 0, 1, 0},
    {0x10ca5, 2743, 0, 1, 0},
    {0x10ca6, 2744, 0, 1, 0},
    {0x10ca7, 2745, 0, 1, 0},
    {0x10ca8, 2746, 0, 1, 0},
    {0x10ca9, 2747, 0, 1, 0},
    {0x10caa, 2748, 0, 1, 0},
    {0x10cab, 2749, 0, 1, 0},
    {0x10cac, 2750, 0, 1, 0},
    {0x10cad, 2751, 0, 1, 0},
    {0x10cae, 2752, 0, 1, 0},
    {0x10caf, 2753, 0, 1, 0},
    {0x10cb0, 2754, 0, 1, 0},
    {0x10cb1, 2755, 0, 1, 0},
    {0x10cb2, 2756, 0, 1, 0},
    {0x10cc0, 0, 2757, 0, 1},
    {0x10cc1, 0, 2758, 0, 1},
    {0x10cc2, 0, 2759, 0, 1},
    {0x10cc3, 0, 2760, 0, 1},
    {0x10cc4, 0, 2761, 0, 1},
    {0x10cc5, 0, 2762, 0, 1},
    {0x10cc6, 0, 2763, 0, 1},
    {0x10cc7, 0, 2764, 0, 1},
    {0x10cc8, 0, 2765, 0, 1},
    {0x10cc9, 0, 2766, 0, 1},
    {0x10cca, 0, 2767, 0, 1},
    {0x10ccb, 0, 2768, 0, 1},
    {0x10ccc, 0, 2769, 0, 1},
    {0x10ccd, 0, 2770, 0, 1},
    {0x10cce, 0, 2771, 0, 1},
    {0x10ccf, 0, 2772, 0, 1},
    {0x10cd0, 0, 2773, 0, 1},
    {0x10cd1, 0, 2774, 0, 1},
    {0x10cd2, 0, 2775, 0, 1},
    {0x10cd3, 0, 2776, 0, 1},
    {0x10cd4, 0, 2777, 0, 1},
    {0x10cd5, 0, 2778, 0, 1},
    {0x10cd6, 0, 2779, 0, 1},
    {0x10cd7, 0, 2780, 0, 1},
    {0x10cd8, 0, 2781, 0, 1},
    {0x10cd9, 0, 2782, 0, 1},
    {0x10cda, 0, 2783, 0, 1},
    {0x10cdb, 0, 2784, 0, 1},
    {0x10cdc, 0, 2785, 0, 1},
    {0x10cdd, 0, 2786, 0, 1},
    {0x10cde, 0, 2787, 0, 1},
    {0x10cdf, 0, 2788, 0, 1},
    {0x10ce0, 0, 2789, 0, 1},
    {0x10ce1, 0, 2790, 0, 1},
    {0x10ce2, 0, 2791, 0, 1},
    {0x10ce3, 0, 2792, 0, 1},
    {0x10ce4, 0, 2793, 0, 1},
    {0x10ce5, 0, 2794, 0, 1},
    {0x10ce6, 0, 2795, 0, 1},
    {0x10ce7, 0, 2796, 0, 1},
    {0x10ce8, 0, 2797, 0, 1},
    {0x10ce9, 0, 2798, 0, 1},
    {0x10cea, 0, 2799, 0, 1},
    {0x10ceb, 0, 2800, 0, 1},
    {0x10cec, 0, 2801, 0, 1},
    {0x10ced, 0, 2802, 0, 1},
    {0x10cee, 0, 2803, 0, 1},
    {0x10cef, 0, 2804, 0, 1},
    {0x10cf0, 0, 2805, 0, 1},
    {0x10cf1, 0, 2806, 0, 1},
    {0x10cf2, 0, 2807, 0, 1},
    {0x10d50, 2808, 0, 1, 0},
    {0x10d51, 2809, 0, 1, 0},
    {0x10d52, 2810, 0, 1, 0},
    {0x10d53, 2811, 0, 1, 0},
    {0x10d54, 2812, 0, 1, 0},
    {0x10d55, 2813, 0, 1, 0},
    {0x10d56, 2814, 0, 1, 0},
    {0x10d57, 2815, 0, 1, 0},
    {0x10d58, 2816, 0, 1, 0},
    {0x10d59, 2817, 0, 1, 0},
    {0x10d5a, 2818, 0, 1, 0},
    {0x10d5b, 2819, 0, 1, 0},
    {0x10d5c, 2820, 0, 1, 0},
    {0x10d5d, 2821, 0, 1, 0},
    {0x10d5e, 2822, 0, 1, 0},
    {0x10d5f, 2823, 0, 1, 0},
    {0x10d60, 2824, 0, 1, 0},
    {0x10d61, 2825, 0, 1, 0},
    {0x10d62, 2826, 0, 1, 0},
    {0x10d63, 2827, 0, 1, 0},
    {0x10d64, 2828, 0, 1, 0},
    {0x10d65, 2829, 0, 1, 0},
    {0x10d70, 0, 2830, 0, 1},
    {0x10d71, 0, 2831, 0, 1},
    {0x10d72, 0, 2832, 0, 1},
    {0x10d73, 0, 2833, 0, 1},
    {0x10d74, 0, 2834, 0, 1},
    {0x10d75, 0, 2835, 0, 1},
    {0x10d76, 0, 2836, 0, 1},
    {0x10d77, 0, 2837, 0, 1},
    {0x10d78, 0, 2838, 0, 1},
    {0x10d79, 0, 2839, 0, 1},
    {0x10d7a, 0, 2840, 0, 1},
    {0x10d7b, 0, 2841, 0, 1},
    {0x10d7c, 0, 2842, 0, 1},
    {0x10d7d, 0, 2843, 0, 1},
    {0x10d7e, 0, 2844, 0, 1},
    {0x10d7f, 0, 2845, 0, 1},
    {0x10d80, 0, 2846, 0, 1},
    {0x10d81, 0, 2847, 0, 1},
    {0x10d82, 0, 2848, 0, 1},
    {0x10d83, 0, 2849, 0, 1},
    {0x10d84, 0, 2850, 0, 1},
    {0x10d85, 0, 2851, 0, 1},
    {0x118a0, 2852, 0, 1, 0},
    {0x118a1, 2853, 0, 1, 0},
    {0x118a2, 2854, 0, 1, 0},
    {0x118a3, 2855, 0, 1, 0},
    {0x118a4, 2856, 0, 1, 0},
    {0x118a5, 2857, 0, 1, 0},
    {0x118a6, 2858, 0, 1, 0},
    {0x118a7, 2859, 0, 1, 0},
    {0x118a8, 2860, 0, 1, 0},
    {0x118a9, 2861, 0, 1, 0},
    {0x118aa, 2862, 0, 1, 0},
    {0x118ab, 2863, 0, 1, 0},
    {0x118ac, 2864, 0, 1, 0},
    {0x118ad, 2865, 0, 1, 0},
    {0x118ae, 2866, 0, 1, 0},
    {0x118af, 2867, 0, 1, 0},
    {0x118b0, 2868, 0, 1, 0},
    {0x118b1, 2869, 0, 1, 0},
    {0x118b2, 2870, 0, 1, 0},
    {0x118b3, 2871, 0, 1, 0},
    {0x118b4, 2872, 0, 1, 0},
    {0x118b5, 2873, 0, 1, 0},
    {0x118b6, 2874, 0, 1, 0},
    {0x118b7, 2875, 0, 1, 0},
    {0x118b8, 2876, 0, 1, 0},
    {0x118b9, 2877, 0, 1, 0},
    {0x118ba, 2878, 0, 1, 0},
    {0x118bb, 2879, 0, 1, 0},
    {0x118bc, 2880, 0, 1, 0},
    {0x118bd, 2881, 0, 1, 0},
    {0x118be, 2882, 0, 1, 0},
    {0x118bf, 2883, 0, 1, 0},
    {0x118c0, 0, 2884, 0, 1},
    {0x118c1, 0, 2885, 0, 1},
    {0x118c2, 0, 2886, 0, 1},
    {0x118c3, 0, 2887, 0, 1},
    {0x118c4, 0, 2888, 0, 1},
    {0x118c5, 0, 2889, 0, 1},
    {0x118c6, 0, 2890, 0, 1},
    {0x118c7, 0, 2891, 0, 1},
    {0x118c8, 0, 2892, 0, 1},
    {0x118c9, 0, 2893, 0, 1},
    {0x118ca, 0, 2894, 0, 1},
    {0x118cb, 0, 2895, 0, 1},
    {0x118cc, 0, 2896, 0, 1},
    {0x118cd, 0, 2897, 0, 1},
    {0x118ce, 0, 2898, 0, 1},
    {0x118cf, 0, 2899, 0, 1},
    {0x118d0, 0, 2900, 0, 1},
    {0x118d1, 0, 2901, 0, 1},
    {0x118d2, 0, 2902, 0, 1},
    {0x118d3, 0, 2903, 0, 1},
    {0x118d4, 0, 2904, 0, 1},
    {0x118d5, 0, 2905, 0, 1},
    {0x118d6, 0, 2906, 0, 1},
    {0x118d7, 0, 2907, 0, 1},
    {0x118d8, 0, 2908, 0, 1},
    {0x118d9, 0, 2909, 0, 1},
    {0x118da, 0, 2910, 0, 1},
    {0x118db, 0, 2911, 0, 1},
    {0x118dc, 0, 2912, 0, 1},
    {0x118dd, 0, 2913, 0, 1},
    {0x118de, 0, 2914, 0, 1},
    {0x118df, 0, 2915, 0, 1},
    {0x16e40, 2916, 0, 1, 0},
    {0x16e41, 2917, 0, 1, 0},
    {0x16e42, 2918, 0, 1, 0},
    {0x16e43, 2919, 0, 1, 0},
    {0x16e44, 2920, 0, 1, 0},
    {0x16e45, 2921, 0, 1, 0},
    {0x16e46, 2922, 0, 1, 0},
    {0x16e47, 2923, 0, 1, 0},
    {0x16e48, 2924, 0, 1, 0},
    {0x16e49, 2925, 0, 1, 0},
    {0x16e4a, 2926, 0, 1, 0},
    {0x16e4b, 2927, 0, 1, 0},
    {0x16e4c, 2928, 0, 1, 0},
    {0x16e4d, 2929, 0, 1, 0},
    {0x16e4e, 2930, 0, 1, 0},
    {0x16e4f, 2931, 0, 1, 0},
    {0x16e50, 2932, 0, 1, 0},
    {0x16e51, 2933, 0, 1, 0},
    {0x16e52, 2934, 0, 1, 0},
    {0x16e53, 2935, 0, 1, 0},
    {0x16e54, 2936, 0, 1, 0},
    {0x16e55, 2937, 0, 1, 0},
    {0x16e56, 2938, 0, 1, 0},
    {0x16e57, 2939, 0, 1, 0},
    {0x16e58, 2940, 0, 1, 0},
    {0x16e59, 2941, 0, 1, 0},
    {0x16e5a, 2942, 0, 1, 0},
    {0x16e5b, 2943, 0, 1, 0},
    {0x16e5c, 2944, 0, 1, 0},
    {0x16e5d, 2945, 0, 1, 0},
    {0x16e5e, 2946, 0, 1, 0},
    {0x16e5f, 2947, 0, 1, 0},
    {0x16e60, 0, 2948, 0, 1},
    {0x16e61, 0, 2949, 0, 1},
    {0x16e62, 0, 2950, 0, 1},
    {0x16e63, 0, 2951, 0, 1},
    {0x16e64, 0, 2952, 0, 1},
    {0x16e65, 0, 2953, 0, 1},
    {0x16e66, 0, 2954, 0, 1},
    {0x16e67, 0, 2955, 0, 1},
    {0x16e68, 0, 2956, 0, 1},
    {0x16e69, 0, 2957, 0, 1},
    {0x16e6a, 0, 2958, 0, 1},
    {0x16e6b, 0, 2959, 0, 1},
    {0x16e6c, 0, 2960, 0, 1},
    {0x16e6d, 0, 2961, 0, 1},
    {0x16e6e, 0, 2962, 0, 1},
    {0x16e6f, 0, 2963, 0, 1},
    {0x16e70, 0, 2964, 0, 1},
    {0x16e71, 0, 2965, 0, 1},
    {0x16e72, 0, 2966, 0, 1},
    {0x16e73, 0, 2967, 0, 1},
    {0x16e74, 0, 2968, 0, 1},
    {0x16e75, 0, 2969, 0, 1},
    {0x16e76, 0, 2970, 0, 1},
    {0x16e77, 0, 2971, 0, 1},
    {0x16e78, 0, 2972, 0, 1},
    {0x16e79, 0, 2973, 0, 1},
    {0x16e7a, 0, 2974, 0, 1},
    {0x16e7b, 0, 2975, 0, 1},
    {0x16e7c, 0, 2976, 0, 1},
    {0x16e7d, 0, 2977, 0, 1},
    {0x16e7e, 0, 2978, 0, 1},
    {0x16e7f, 0, 2979, 0, 1},
    {0x16ea0, 2980, 0, 1, 0},
    {0x16ea1, 2981, 0, 1, 0},
    {0x16ea2, 2982, 0, 1, 0},
    {0x16ea3, 2983, 0, 1, 0},
    {0x16ea4, 2984, 0, 1, 0},
    {0x16ea5, 2985, 0, 1, 0},
    {0x16ea6, 2986, 0, 1, 0},
    {0x16ea7, 2987, 0, 1, 0},
    {0x16ea8, 2988, 0, 1, 0},
    {0x16ea9, 2989, 0, 1, 0},
    {0x16eaa, 2990, 0, 1, 0},
    {0x16eab, 2991, 0, 1, 0},
    {0x16eac, 2992, 0, 1, 0},
    {0x16ead, 2993, 0, 1, 0},
    {0x16eae, 2994, 0, 1, 0},
    {0x16eaf, 2995, 0, 1, 0},
    {0x16eb0, 2996, 0, 1, 0},
    {0x16eb1, 2997, 0, 1, 0},
    {0x16eb2, 2998, 0, 1, 0},
    {0x16eb3, 2999, 0, 1, 0},
    {0x16eb4, 3000, 0, 1, 0},
    {0x16eb5, 3001, 0, 1, 0},
    {0x16eb6, 3002, 0, 1, 0},
    {0x16eb7, 3003, 0, 1, 0},
    {0x16eb8, 3004, 0, 1, 0},
    {0x16ebb, 0, 3005, 0, 1},
    {0x16ebc, 0, 3006, 0, 1},
    {0x16ebd, 0, 3007, 0, 1},
    {0x16ebe, 0, 3008, 0, 1},
    {0x16ebf, 0, 3009, 0, 1},
    {0x16ec0, 0, 3010, 0, 1},
    {0x16ec1, 0, 3011, 0, 1},
    {0x16ec2, 0, 3012, 0, 1},
    {0x16ec3, 0, 3013, 0, 1},
    {0x16ec4, 0, 3014, 0, 1},
    {0x16ec5, 0, 3015, 0, 1},
    {0x16ec6, 0, 3016, 0, 1},
    {0x16ec7, 0, 3017, 0, 1},
    {0x16ec8, 0, 3018, 0, 1},
    {0x16ec9, 0, 3019, 0, 1},
    {0x16eca, 0, 3020, 0, 1},
    {0x16ecb, 0, 3021, 0, 1},
    {0x16ecc, 0, 3022, 0, 1},
    {0x16ecd, 0, 3023, 0, 1},
    {0x16ece, 0, 3024, 0, 1},
    {0x16ecf, 0, 3025, 0, 1},
    {0x16ed0, 0, 3026, 0, 1},
    {0x16ed1, 0, 3027, 0, 1},
    {0x16ed2, 0, 3028, 0, 1},
    {0x16ed3, 0, 3029, 0, 1},
    {0x1df40, 3030, 0, 1, 0},
    {0x1df41, 0, 3031, 0, 1},
    {0x1df48, 3032, 0, 1, 0},
    {0x1df49, 0, 3033, 0, 1},
    {0x1df4a, 3034, 0, 1, 0},
    {0x1df4b, 0, 3035, 0, 1},
    {0x1df4d, 3036, 0, 1, 0},
    {0x1df4e, 0, 3037, 0, 1},
    {0x1df51, 3038, 0, 1, 0},
    {0x1df52, 0, 3039, 0, 1},
    {0x1df68, 3040, 0, 1, 0},
    {0x1df69, 0, 3041, 0, 1},
    {0x1df6a, 3042, 0, 1, 0},
    {0x1df6b, 0, 3043, 0, 1},
    {0x1df6c, 3044, 0, 1, 0},
    {0x1df6d, 0, 3045, 0, 1},
    {0x1df6e, 3046, 0, 1, 0},
    {0x1df6f, 0, 3047, 0, 1},
    {0x1df72, 3048, 0, 1, 0},
    {0x1df73, 0, 3049, 0, 1},
    {0x1df74, 3050, 0, 1, 0},
    {0x1df75, 0, 3051, 0, 1},
    {0x1df76, 3052, 0, 1, 0},
    {0x1df77, 0, 3053, 0, 1},
    {0x1df78, 3054, 0, 1, 0},
    {0x1df79, 0, 3055, 0, 1},
    {0x1df7a, 3056, 0, 1, 0},
    {0x1df7b, 0, 3057, 0, 1},
    {0x1df7c, 3058, 0, 1, 0},
    {0x1df7d, 0, 3059, 0, 1},
    {0x1df7e, 3060, 0, 1, 0},
    {0x1df7f, 0, 3061, 0, 1},
    {0x1df95, 0, 83, 0, 2},
    {0x1e900, 3062, 0, 1, 0},
    {0x1e901, 3063, 0, 1, 0},
    {0x1e902, 3064, 0, 1, 0},
    {0x1e903, 3065, 0, 1, 0},
    {0x1e904, 3066, 0, 1, 0},
    {0x1e905, 3067, 0, 1, 0},
    {0x1e906, 3068, 0, 1, 0},
    {0x1e907, 3069, 0, 1, 0},
    {0x1e908, 3070, 0, 1, 0},
    {0x1e909, 3071, 0, 1, 0},
    {0x1e90a, 3072, 0, 1, 0},
    {0x1e90b, 3073, 0, 1, 0},
    {0x1e90c, 3074, 0, 1, 0},
    {0x1e90d, 3075, 0, 1, 0},
    {0x1e90e, 3076, 0, 1, 0},
    {0x1e90f, 3077, 0, 1, 0},
    {0x1e910, 3078, 0, 1, 0},
    {0x1e911, 3079, 0, 1, 0},
    {0x1e912, 3080, 0, 1, 0},
    {0x1e913, 3081, 0, 1, 0},
    {0x1e914, 3082, 0, 1, 0},
    {0x1e915, 3083, 0, 1, 0},
    {0x1e916, 3084, 0, 1, 0},
    {0x1e917, 3085, 0, 1, 0},
    {0x1e918, 3086, 0, 1, 0},
    {0x1e919, 3087, 0, 1, 0},
    {0x1e91a, 3088, 0, 1, 0},
    {0x1e91b, 3089, 0, 1, 0},
    {0x1e91c, 3090, 0, 1, 0},
    {0x1e91d, 3091, 0, 1, 0},
    {0x1e91e, 3092, 0, 1, 0},
    {0x1e91f, 3093, 0, 1, 0},
    {0x1e920, 3094, 0, 1, 0},
    {0x1e921, 3095, 0, 1, 0},
    {0x1e922, 0, 3096, 0, 1},
    {0x1e923, 0, 3097, 0, 1},
    {0x1e924, 0, 3098, 0, 1},
    {0x1e925, 0, 3099, 0, 1},
    {0x1e926, 0, 3100, 0, 1},
    {0x1e927, 0, 3101, 0, 1},
    {0x1e928, 0, 3102, 0, 1},
    {0x1e929, 0, 3103, 0, 1},
    {0x1e92a, 0, 3104, 0, 1},
    {0x1e92b, 0, 3105, 0, 1},
    {0x1e92c, 0, 3106, 0, 1},
    {0x1e92d, 0, 3107, 0, 1},
    {0x1e92e, 0, 3108, 0, 1},
    {0x1e92f, 0, 3109, 0, 1},
    {0x1e930, 0, 3110, 0, 1},
    {0x1e931, 0, 3111, 0, 1},
    {0x1e932, 0, 3112, 0, 1},
    {0x1e933, 0, 3113, 0, 1},
    {0x1e934, 0, 3114, 0, 1},
    {0x1e935, 0, 3115, 0, 1},
    {0x1e936, 0, 3116, 0, 1},
    {0x1e937, 0, 3117, 0, 1},
    {0x1e938, 0, 3118, 0, 1},
    {0x1e939, 0, 3119, 0, 1},
    {0x1e93a, 0, 3120, 0, 1},
    {0x1e93b, 0, 3121, 0, 1},
    {0x1e93c, 0, 3122, 0, 1},
    {0x1e93d, 0, 3123, 0, 1},
    {0x1e93e, 0, 3124, 0, 1},
    {0x1e93f, 0, 3125, 0, 1},
    {0x1e940, 0, 3126, 0, 1},
    {0x1e941, 0, 3127, 0, 1},
    {0x1e942, 0, 3128, 0, 1},
    {0x1e943, 0, 3129, 0, 1},
};
static const CasingRange casingCased[] = {
    {0x41, 0x5a},
    {0x61, 0x7a},
    {0xaa, 0xaa},
    {0xb5, 0xb5},
    {0xba, 0xba},
    {0xc0, 0xd6},
    {0xd8, 0xf6},
    {0xf8, 0x1ba},
    {0x1bc, 0x1bf},
    {0x1c4, 0x293},
    {0x296, 0x2b8},
    {0x2c0, 0x2c1},
    {0x2e0, 0x2e4},
    {0x345, 0x345},
    {0x370, 0x373},
    {0x376, 0x377},
    {0x37a, 0x37d},
    {0x37f, 0x37f},
    {0x386, 0x386},
    {0x388, 0x38a},
    {0x38c, 0x38c},
    {0x38e, 0x3a1},
    {0x3a3, 0x3f5},
    {0x3f7, 0x481},
    {0x48a, 0x52f},
    {0x531, 0x556},
    {0x558, 0x558},
    {0x560, 0x588},
    {0x58b, 0x58c},
    {0x10a0, 0x10c5},
    {0x10c7, 0x10c7},
    {0x10cd, 0x10cd},
    {0x10d0, 0x10fa},
    {0x10fc, 0x10ff},
    {0x13a0, 0x13f5},
    {0x13f8, 0x13fd},
    {0x1c80, 0x1c8a},
    {0x1c90, 0x1cba},
    {0x1cbd, 0x1cbf},
    {0x1d00, 0x1dbf},
    {0x1e00, 0x1f15},
    {0x1f18, 0x1f1d},
    {0x1f20, 0x1f45},
    {0x1f48, 0x1f4d},
    {0x1f50, 0x1f57},
    {0x1f59, 0x1f59},
    {0x1f5b, 0x1f5b},
    {0x1f5d, 0x1f5d},
    {0x1f5f, 0x1f7d},
    {0x1f80, 0x1fb4},
    {0x1fb6, 0x1fbc},
    {0x1fbe, 0x1fbe},
    {0x1fc2, 0x1fc4},
    {0x1fc6, 0x1fcc},
    {0x1fd0, 0x1fd3},
    {0x1fd6, 0x1fdb},
    {0x1fe0, 0x1fec},
    {0x1ff2, 0x1ff4},
    {0x1ff6, 0x1ffc},
    {0x2071, 0x2071},
    {0x207f, 0x207f},
    {0x2090, 0x209f},
    {0x2102, 0x2102},
    {0x2107, 0x2107},
    {0x210a, 0x2113},
    {0x2115, 0x2115},
    {0x2119, 0x211d},
    {0x2124, 0x2124},
    {0x2126, 0x2126},
    {0x2128, 0x2128},
    {0x212a, 0x212d},
    {0x212f, 0x2134},
    {0x2139, 0x2139},
    {0x213c, 0x213f},
    {0x2145, 0x2149},
    {0x214e, 0x214e},
    {0x2160, 0x217f},
    {0x2183, 0x2184},
    {0x24b6, 0x24e9},
    {0x2c00, 0x2ce4},
    {0x2ceb, 0x2cee},
    {0x2cf2, 0x2cf3},
    {0x2d00, 0x2d25},
    {0x2d27, 0x2d27},
    {0x2d2d, 0x2d2d},
    {0xa640, 0xa66d},
    {0xa680, 0xa69d},
    {0xa722, 0xa787},
    {0xa78b, 0xa78e},
    {0xa790, 0xa7dd},
    {0xa7e2, 0xa7e2},
    {0xa7f1, 0xa7f6},
    {0xa7f8, 0xa7fa},
    {0xab30, 0xab5a},
    {0xab5c, 0xab69},
    {0xab6c, 0xab6d},
    {0xab70, 0xabbf},
    {0xfb00, 0xfb06},
    {0xfb13, 0xfb17},
    {0xff21, 0xff3a},
    {0xff41, 0xff5a},
    {0x10400, 0x1044f},
    {0x104b0, 0x104d3},
    {0x104d8, 0x104fb},
    {0x10570, 0x1057a},
    {0x1057c, 0x1058a},
    {0x1058c, 0x10592},
    {0x10594, 0x10595},
    {0x10597, 0x105a1},
    {0x105a3, 0x105b1},
    {0x105b3, 0x105b9},
    {0x105bb, 0x105bc},
    {0x10780, 0x10780},
    {0x10783, 0x10785},
    {0x10787, 0x107b0},
    {0x107b2, 0x107bf},
    {0x10c80, 0x10cb2},
    {0x10cc0, 0x10cf2},
    {0x10d50, 0x10d65},
    {0x10d70, 0x10d85},
    {0x118a0, 0x118df},
    {0x16e40, 0x16e7f},
    {0x16ea0, 0x16eb8},
    {0x16ebb, 0x16ed3},
    {0x1d400, 0x1d454},
    {0x1d456, 0x1d49c},
    {0x1d49e, 0x1d49f},
    {0x1d4a2, 0x1d4a2},
    {0x1d4a5, 0x1d4a6},
    {0x1d4a9, 0x1d4ac},
    {0x1d4ae, 0x1d4b9},
    {0x1d4bb, 0x1d4bb},
    {0x1d4bd, 0x1d4c3},
    {0x1d4c5, 0x1d505},
    {0x1d507, 0x1d50a},
    {0x1d50d, 0x1d514},
    {0x1d516, 0x1d51c},
    {0x1d51e, 0x1d539},
    {0x1d53b, 0x1d53e},
    {0x1d540, 0x1d544},
    {0x1d546, 0x1d546},
    {0x1d54a, 0x1d550},
    {0x1d552, 0x1d6a6},
    {0x1d6a8, 0x1d6c0},
    {0x1d6c2, 0x1d6da},
    {0x1d6dc, 0x1d6fa},
    {0x1d6fc, 0x1d714},
    {0x1d716, 0x1d734},
    {0x1d736, 0x1d74e},
    {0x1d750, 0x1d76e},
    {0x1d770, 0x1d788},
    {0x1d78a, 0x1d7a8},
    {0x1d7aa, 0x1d7c2},
    {0x1d7c4, 0x1d7cb},
    {0x1df00, 0x1df09},
    {0x1df0b, 0x1df7f},
    {0x1df90, 0x1df96},
    {0x1dfcd, 0x1dfff},
    {0x1e030, 0x1e06d},
    {0x1e900, 0x1e943},
    {0x1f130, 0x1f149},
    {0x1f150, 0x1f169},
    {0x1f170, 0x1f189},
};
static const CasingRange casingCase_Ignorable[] = {
    {0x27, 0x27},
    {0x2e, 0x2e},
    {0x3a, 0x3a},
    {0x5e, 0x5e},
    {0x60, 0x60},
    {0xa8, 0xa8},
    {0xad, 0xad},
    {0xaf, 0xaf},
    {0xb4, 0xb4},
    {0xb7, 0xb8},
    {0x2b0, 0x36f},
    {0x374, 0x375},
    {0x37a, 0x37a},
    {0x384, 0x385},
    {0x387, 0x387},
    {0x483, 0x489},
    {0x558, 0x559},
    {0x55f, 0x55f},
    {0x58b, 0x58c},
    {0x591, 0x5bd},
    {0x5bf, 0x5bf},
    {0x5c1, 0x5c2},
    {0x5c4, 0x5c5},
    {0x5c7, 0x5c9},
    {0x5f4, 0x5f4},
    {0x600, 0x605},
    {0x610, 0x61a},
    {0x61c, 0x61c},
    {0x640, 0x640},
    {0x64b, 0x65f},
    {0x670, 0x670},
    {0x6d6, 0x6dd},
    {0x6df, 0x6e8},
    {0x6ea, 0x6ed},
    {0x70f, 0x70f},
    {0x711, 0x711},
    {0x730, 0x74a},
    {0x7a6, 0x7b0},
    {0x7eb, 0x7f5},
    {0x7fa, 0x7fa},
    {0x7fd, 0x7fd},
    {0x816, 0x82d},
    {0x859, 0x85b},
    {0x888, 0x888},
    {0x890, 0x891},
    {0x897, 0x89f},
    {0x8c9, 0x902},
    {0x93a, 0x93a},
    {0x93c, 0x93c},
    {0x941, 0x948},
    {0x94d, 0x94d},
    {0x951, 0x957},
    {0x962, 0x963},
    {0x971, 0x971},
    {0x981, 0x981},
    {0x9bc, 0x9bc},
    {0x9c1, 0x9c4},
    {0x9cd, 0x9cd},
    {0x9e2, 0x9e3},
    {0x9fe, 0x9fe},
    {0xa01, 0xa02},
    {0xa3c, 0xa3c},
    {0xa41, 0xa42},
    {0xa47, 0xa48},
    {0xa4b, 0xa4d},
    {0xa51, 0xa51},
    {0xa70, 0xa71},
    {0xa75, 0xa75},
    {0xa81, 0xa82},
    {0xabc, 0xabc},
    {0xac1, 0xac5},
    {0xac7, 0xac8},
    {0xacd, 0xacd},
    {0xae2, 0xae3},
    {0xafa, 0xaff},
    {0xb01, 0xb01},
    {0xb3c, 0xb3c},
    {0xb3f, 0xb3f},
    {0xb41, 0xb44},
    {0xb4d, 0xb4d},
    {0xb53, 0xb56},
    {0xb62, 0xb63},
    {0xb82, 0xb82},
    {0xbc0, 0xbc0},
    {0xbcd, 0xbcd},
    {0xc00, 0xc00},
    {0xc04, 0xc04},
    {0xc3c, 0xc3c},
    {0xc3e, 0xc40},
    {0xc46, 0xc48},
    {0xc4a, 0xc4d},
    {0xc55, 0xc56},
    {0xc62, 0xc63},
    {0xc81, 0xc81},
    {0xcbc, 0xcbc},
    {0xcbf, 0xcbf},
    {0xcc6, 0xcc6},
    {0xccc, 0xccd},
    {0xce2, 0xce3},
    {0xd00, 0xd01},
    {0xd3b, 0xd3c},
    {0xd41, 0xd44},
    {0xd4d, 0xd4d},
    {0xd62, 0xd63},
    {0xd81, 0xd81},
    {0xdca, 0xdca},
    {0xdd2, 0xdd4},
    {0xdd6, 0xdd6},
    {0xe31, 0xe31},
    {0xe34, 0xe3a},
    {0xe46, 0xe4e},
    {0xeb1, 0xeb1},
    {0xeb4, 0xebc},
    {0xec6, 0xec6},
    {0xec8, 0xece},
    {0xf18, 0xf19},
    {0xf35, 0xf35},
    {0xf37, 0xf37},
    {0xf39, 0xf39},
    {0xf71, 0xf7e},
    {0xf80, 0xf84},
    {0xf86, 0xf87},
    {0xf8d, 0xf97},
    {0xf99, 0xfbc},
    {0xfc6, 0xfc6},
    {0x102d, 0x1030},
    {0x1032, 0x1037},
    {0x1039, 0x103a},
    {0x103d, 0x103e},
    {0x1058, 0x1059},
    {0x105e, 0x1060},
    {0x1071, 0x1074},
    {0x1082, 0x1082},
    {0x1085, 0x1086},
    {0x108d, 0x108d},
    {0x109d, 0x109d},
    {0x10fc, 0x10fc},
    {0x135d, 0x135f},
    {0x1712, 0x1714},
    {0x1732, 0x1733},
    {0x1752, 0x1753},
    {0x1772, 0x1773},
    {0x17b4, 0x17b5},
    {0x17b7, 0x17bd},
    {0x17c6, 0x17c6},
    {0x17c9, 0x17d3},
    {0x17d7, 0x17d7},
    {0x17dd, 0x17dd},
    {0x180b, 0x180f},
    {0x1843, 0x1843},
    {0x1885, 0x1886},
    {0x18a9, 0x18a9},
    {0x1920, 0x1922},
    {0x1927, 0x1928},
    {0x1932, 0x1932},
    {0x1939, 0x193b},
    {0x1a17, 0x1a18},
    {0x1a1b, 0x1a1b},
    {0x1a56, 0x1a56},
    {0x1a58, 0x1a5e},
    {0x1a60, 0x1a60},
    {0x1a62, 0x1a62},
    {0x1a65, 0x1a6c},
    {0x1a73, 0x1a7c},
    {0x1a7f, 0x1a7f},
    {0x1aa7, 0x1aa7},
    {0x1ab0, 0x1af0},
    {0x1b00, 0x1b03},
    {0x1b34, 0x1b34},
    {0x1b36, 0x1b3a},
    {0x1b3c, 0x1b3c},
    {0x1b42, 0x1b42},
    {0x1b6b, 0x1b73},
    {0x1b80, 0x1b81},
    {0x1ba2, 0x1ba5},
    {0x1ba8, 0x1ba9},
    {0x1bab, 0x1bad},
    {0x1be6, 0x1be6},
    {0x1be8, 0x1be9},
    {0x1bed, 0x1bed},
    {0x1bef, 0x1bf1},
    {0x1c2c, 0x1c33},
    {0x1c36, 0x1c37},
    {0x1c78, 0x1c7d},
    {0x1cd0, 0x1cd2},
    {0x1cd4, 0x1ce0},
    {0x1ce2, 0x1ce8},
    {0x1ced, 0x1ced},
    {0x1cf4, 0x1cf4},
    {0x1cf8, 0x1cf9},
    {0x1d2c, 0x1d6a},
    {0x1d78, 0x1d78},
    {0x1d9b, 0x1dff},
    {0x1fbd, 0x1fbd},
    {0x1fbf, 0x1fc1},
    {0x1fcd, 0x1fcf},
    {0x1fdd, 0x1fdf},
    {0x1fed, 0x1fef},
    {0x1ffd, 0x1ffe},
    {0x200b, 0x200f},
    {0x2018, 0x2019},
    {0x2024, 0x2024},
    {0x2027, 0x2027},
    {0x202a, 0x202e},
    {0x2060, 0x2064},
    {0x2066, 0x206f},
    {0x2071, 0x2071},
    {0x207f, 0x207f},
    {0x208f, 0x209f},
    {0x20d0, 0x20f0},
    {0x2c7c, 0x2c7d},
    {0x2cef, 0x2cf1},
    {0x2d6f, 0x2d6f},
    {0x2d7f, 0x2d7f},
    {0x2de0, 0x2dff},
    {0x2e2f, 0x2e2f},
    {0x3005, 0x3005},
    {0x302a, 0x302d},
    {0x3031, 0x3035},
    {0x303b, 0x303b},
    {0x3099, 0x309e},
    {0x30fc, 0x30fe},
    {0xa015, 0xa015},
    {0xa4f8, 0xa4fd},
    {0xa60c, 0xa60c},
    {0xa66f, 0xa672},
    {0xa674, 0xa67d},
    {0xa67f, 0xa67f},
    {0xa69c, 0xa69f},
    {0xa6f0, 0xa6f1},
    {0xa700, 0xa721},
    {0xa770, 0xa770},
    {0xa788, 0xa78a},
    {0xa7f1, 0xa7f4},
    {0xa7f8, 0xa7f9},
    {0xa802, 0xa802},
    {0xa806, 0xa806},
    {0xa80b, 0xa80b},
    {0xa825, 0xa826},
    {0xa82c, 0xa82c},
    {0xa8c4, 0xa8c5},
    {0xa8e0, 0xa8f1},
    {0xa8ff, 0xa8ff},
    {0xa926, 0xa92d},
    {0xa947, 0xa951},
    {0xa980, 0xa982},
    {0xa9b3, 0xa9b3},
    {0xa9b6, 0xa9b9},
    {0xa9bc, 0xa9bd},
    {0xa9cf, 0xa9cf},
    {0xa9e5, 0xa9e6},
    {0xaa29, 0xaa2e},
    {0xaa31, 0xaa32},
    {0xaa35, 0xaa36},
    {0xaa43, 0xaa43},
    {0xaa4c, 0xaa4c},
    {0xaa70, 0xaa70},
    {0xaa7c, 0xaa7c},
    {0xaab0, 0xaab0},
    {0xaab2, 0xaab4},
    {0xaab7, 0xaab8},
    {0xaabe, 0xaabf},
    {0xaac1, 0xaac1},
    {0xaadd, 0xaadd},
    {0xaaec, 0xaaed},
    {0xaaf3, 0xaaf4},
    {0xaaf6, 0xaaf6},
    {0xab5b, 0xab5f},
    {0xab69, 0xab6b},
    {0xabe5, 0xabe5},
    {0xabe8, 0xabe8},
    {0xabed, 0xabed},
    {0xfb1e, 0xfb1e},
    {0xfbb2, 0xfbc2},
    {0xfe00, 0xfe0f},
    {0xfe13, 0xfe13},
    {0xfe20, 0xfe2f},
    {0xfe52, 0xfe52},
    {0xfe55, 0xfe55},
    {0xfeff, 0xfeff},
    {0xff07, 0xff07},
    {0xff0e, 0xff0e},
    {0xff1a, 0xff1a},
    {0xff3e, 0xff3e},
    {0xff40, 0xff40},
    {0xff70, 0xff70},
    {0xff9e, 0xff9f},
    {0xffe3, 0xffe3},
    {0xfff9, 0xfffb},
    {0x101fd, 0x101fd},
    {0x102e0, 0x102e0},
    {0x10376, 0x1037a},
    {0x10780, 0x10785},
    {0x10787, 0x107b0},
    {0x107b2, 0x107bf},
    {0x10a01, 0x10a03},
    {0x10a05, 0x10a06},
    {0x10a0c, 0x10a0f},
    {0x10a38, 0x10a3a},
    {0x10a3f, 0x10a3f},
    {0x10ae5, 0x10ae6},
    {0x10d24, 0x10d27},
    {0x10d4e, 0x10d4e},
    {0x10d69, 0x10d6d},
    {0x10d6f, 0x10d6f},
    {0x10eab, 0x10eac},
    {0x10ec5, 0x10ec5},
    {0x10ec9, 0x10ecf},
    {0x10ef0, 0x10eff},
    {0x10f46, 0x10f50},
    {0x10f82, 0x10f85},
    {0x11001, 0x11001},
    {0x11038, 0x11046},
    {0x11070, 0x11070},
    {0x11073, 0x11074},
    {0x1107f, 0x11081},
    {0x110b3, 0x110b6},
    {0x110b9, 0x110ba},
    {0x110bd, 0x110bd},
    {0x110c2, 0x110c2},
    {0x110cd, 0x110cd},
    {0x11100, 0x11102},
    {0x11127, 0x1112b},
    {0x1112d, 0x11134},
    {0x11173, 0x11173},
    {0x11180, 0x11181},
    {0x111b6, 0x111be},
    {0x111c9, 0x111cc},
    {0x111cf, 0x111cf},
    {0x1122f, 0x11231},
    {0x11234, 0x11234},
    {0x11236, 0x11237},
    {0x1123e, 0x1123e},
    {0x11241, 0x11241},
    {0x112df, 0x112df},
    {0x112e3, 0x112ea},
    {0x11300, 0x11301},
    {0x1133b, 0x1133c},
    {0x11340, 0x11340},
    {0x11366, 0x1136c},
    {0x11370, 0x11374},
    {0x113bb, 0x113c0},
    {0x113ce, 0x113ce},
    {0x113d0, 0x113d0},
    {0x113d2, 0x113d2},
    {0x113e1, 0x113e2},
    {0x11438, 0x1143f},
    {0x11442, 0x11444},
    {0x11446, 0x11446},
    {0x1145e, 0x1145e},
    {0x114b3, 0x114b8},
    {0x114ba, 0x114ba},
    {0x114bf, 0x114c0},
    {0x114c2, 0x114c3},
    {0x115b2, 0x115b5},
    {0x115bc, 0x115bd},
    {0x115bf, 0x115c0},
    {0x115dc, 0x115dd},
    {0x11633, 0x1163a},
    {0x1163d, 0x1163d},
    {0x1163f, 0x11640},
    {0x116ab, 0x116ab},
    {0x116ad, 0x116ad},
    {0x116b0, 0x116b5},
    {0x116b7, 0x116b7},
    {0x1171d, 0x1171d},
    {0x1171f, 0x1171f},
    {0x11722, 0x11725},
    {0x11727, 0x1172b},
    {0x1182f, 0x11837},
    {0x11839, 0x1183a},
    {0x1193b, 0x1193c},
    {0x1193e, 0x1193e},
    {0x11943, 0x11943},
    {0x119d4, 0x119d7},
    {0x119da, 0x119db},
    {0x119e0, 0x119e0},
    {0x11a01, 0x11a0a},
    {0x11a33, 0x11a38},
    {0x11a3b, 0x11a3e},
    {0x11a47, 0x11a47},
    {0x11a51, 0x11a56},
    {0x11a59, 0x11a5b},
    {0x11a8a, 0x11a96},
    {0x11a98, 0x11a99},
    {0x11b60, 0x11b60},
    {0x11b62, 0x11b64},
    {0x11b66, 0x11b66},
    {0x11c30, 0x11c36},
    {0x11c38, 0x11c3d},
    {0x11c3f, 0x11c3f},
    {0x11c92, 0x11ca7},
    {0x11caa, 0x11cb0},
    {0x11cb2, 0x11cb3},
    {0x11cb5, 0x11cb6},
    {0x11d31, 0x11d36},
    {0x11d3a, 0x11d3a},
    {0x11d3c, 0x11d3d},
    {0x11d3f, 0x11d45},
    {0x11d47, 0x11d47},
    {0x11d90, 0x11d91},
    {0x11d95, 0x11d95},
    {0x11d97, 0x11d97},
    {0x11dd9, 0x11dd9},
    {0x11df0, 0x11df0},
    {0x11ef3, 0x11ef4},
    {0x11f00, 0x11f01},
    {0x11f36, 0x11f3a},
    {0x11f40, 0x11f40},
    {0x11f42, 0x11f42},
    {0x11f5a, 0x11f5a},
    {0x13430, 0x13440},
    {0x13447, 0x13455},
    {0x1611e, 0x16129},
    {0x1612d, 0x1612f},
    {0x16af0, 0x16af4},
    {0x16b30, 0x16b36},
    {0x16b40, 0x16b43},
    {0x16d40, 0x16d42},
    {0x16d6b, 0x16d6c},
    {0x16f4f, 0x16f4f},
    {0x16f8f, 0x16f9f},
    {0x16fe0, 0x16fe1},
    {0x16fe3, 0x16fe4},
    {0x16ff2, 0x16ff3},
    {0x1aff0, 0x1aff3},
    {0x1aff5, 0x1affb},
    {0x1affd, 0x1affe},
    {0x1bc9d, 0x1bc9e},
    {0x1bca0, 0x1bca3},
    {0x1cf00, 0x1cf2d},
    {0x1cf30, 0x1cf46},
    {0x1d127, 0x1d128},
    {0x1d167, 0x1d169},
    {0x1d173, 0x1d182},
    {0x1d185, 0x1d18b},
    {0x1d1aa, 0x1d1ad},
    {0x1d242, 0x1d244},
    {0x1d25b, 0x1d25c},
    {0x1da00, 0x1da36},
    {0x1da3b, 0x1da6c},
    {0x1da75, 0x1da75},
    {0x1da84, 0x1da84},
    {0x1da9b, 0x1da9f},
    {0x1daa1, 0x1daaf},
    {0x1dfcd, 0x1e006},
    {0x1e008, 0x1e018},
    {0x1e01b, 0x1e021},
    {0x1e023, 0x1e024},
    {0x1e026, 0x1e02a},
    {0x1e030, 0x1e06d},
    {0x1e08f, 0x1e08f},
    {0x1e130, 0x1e13d},
    {0x1e2ae, 0x1e2ae},
    {0x1e2ec, 0x1e2ef},
    {0x1e4eb, 0x1e4ef},
    {0x1e5ee, 0x1e5ef},
    {0x1e6e3, 0x1e6e3},
    {0x1e6e6, 0x1e6e6},
    {0x1e6ee, 0x1e6ef},
    {0x1e6f5, 0x1e6f5},
    {0x1e6ff, 0x1e6ff},
    {0x1e8d0, 0x1e8d6},
    {0x1e944, 0x1e94b},
    {0x1f3fb, 0x1f3ff},
    {0xe0001, 0xe0001},
    {0xe0020, 0xe007f},
    {0xe0100, 0xe01ef},
};
