/* Generated by generate-normalization.py; do not edit.
 * Unicode 18.0.0 data: Copyright (c) 1991-2026 Unicode, Inc.
 * Distributed under Unicode License V3; see unicode/LICENSE.txt.
 * Source: https://www.unicode.org/Public/18.0.0/ucd/
 */
#ifndef jsnormalization_data_h___
#define jsnormalization_data_h___

/* UnicodeData.txt SHA-256: 0736451de439ae7baf1425136617da495e09ee5afbe6e394374db7009ea08950 */
/* DerivedNormalizationProps.txt SHA-256: 98ac7f67d985fe781e317f6182e885e94cabb0c314769e6dd73e48b226931ccd */

static const uint32 normalizationSequence[] = {
    0x20, 0x20, 0x308, 0x61, 0x20, 0x304, 0x32, 0x33,
    0x20, 0x301, 0x3bc, 0x20, 0x327, 0x31, 0x6f, 0x31,
    0x2044, 0x34, 0x31, 0x2044, 0x32, 0x33, 0x2044, 0x34,
    0x41, 0x300, 0x41, 0x301, 0x41, 0x302, 0x41, 0x303,
    0x41, 0x308, 0x41, 0x30a, 0x43, 0x327, 0x45, 0x300,
    0x45, 0x301, 0x45, 0x302, 0x45, 0x308, 0x49, 0x300,
    0x49, 0x301, 0x49, 0x302, 0x49, 0x308, 0x4e, 0x303,
    0x4f, 0x300, 0x4f, 0x301, 0x4f, 0x302, 0x4f, 0x303,
    0x4f, 0x308, 0x55, 0x300, 0x55, 0x301, 0x55, 0x302,
    0x55, 0x308, 0x59, 0x301, 0x61, 0x300, 0x61, 0x301,
    0x61, 0x302, 0x61, 0x303, 0x61, 0x308, 0x61, 0x30a,
    0x63, 0x327, 0x65, 0x300, 0x65, 0x301, 0x65, 0x302,
    0x65, 0x308, 0x69, 0x300, 0x69, 0x301, 0x69, 0x302,
    0x69, 0x308, 0x6e, 0x303, 0x6f, 0x300, 0x6f, 0x301,
    0x6f, 0x302, 0x6f, 0x303, 0x6f, 0x308, 0x75, 0x300,
    0x75, 0x301, 0x75, 0x302, 0x75, 0x308, 0x79, 0x301,
    0x79, 0x308, 0x41, 0x304, 0x61, 0x304, 0x41, 0x306,
    0x61, 0x306, 0x41, 0x328, 0x61, 0x328, 0x43, 0x301,
    0x63, 0x301, 0x43, 0x302, 0x63, 0x302, 0x43, 0x307,
    0x63, 0x307, 0x43, 0x30c, 0x63, 0x30c, 0x44, 0x30c,
    0x64, 0x30c, 0x45, 0x304, 0x65, 0x304, 0x45, 0x306,
    0x65, 0x306, 0x45, 0x307, 0x65, 0x307, 0x45, 0x328,
    0x65, 0x328, 0x45, 0x30c, 0x65, 0x30c, 0x47, 0x302,
    0x67, 0x302, 0x47, 0x306, 0x67, 0x306, 0x47, 0x307,
    0x67, 0x307, 0x47, 0x327, 0x67, 0x327, 0x48, 0x302,
    0x68, 0x302, 0x49, 0x303, 0x69, 0x303, 0x49, 0x304,
    0x69, 0x304, 0x49, 0x306, 0x69, 0x306, 0x49, 0x328,
    0x69, 0x328, 0x49, 0x307, 0x49, 0x4a, 0x69, 0x6a,
    0x4a, 0x302, 0x6a, 0x302, 0x4b, 0x327, 0x6b, 0x327,
    0x4c, 0x301, 0x6c, 0x301, 0x4c, 0x327, 0x6c, 0x327,
    0x4c, 0x30c, 0x6c, 0x30c, 0x4c, 0xb7, 0x6c, 0xb7,
    0x4e, 0x301, 0x6e, 0x301, 0x4e, 0x327, 0x6e, 0x327,
    0x4e, 0x30c, 0x6e, 0x30c, 0x2bc, 0x6e, 0x4f, 0x304,
    0x6f, 0x304, 0x4f, 0x306, 0x6f, 0x306, 0x4f, 0x30b,
    0x6f, 0x30b, 0x52, 0x301, 0x72, 0x301, 0x52, 0x327,
    0x72, 0x327, 0x52, 0x30c, 0x72, 0x30c, 0x53, 0x301,
    0x73, 0x301, 0x53, 0x302, 0x73, 0x302, 0x53, 0x327,
    0x73, 0x327, 0x53, 0x30c, 0x73, 0x30c, 0x54, 0x327,
    0x74, 0x327, 0x54, 0x30c, 0x74, 0x30c, 0x55, 0x303,
    0x75, 0x303, 0x55, 0x304, 0x75, 0x304, 0x55, 0x306,
    0x75, 0x306, 0x55, 0x30a, 0x75, 0x30a, 0x55, 0x30b,
    0x75, 0x30b, 0x55, 0x328, 0x75, 0x328, 0x57, 0x302,
    0x77, 0x302, 0x59, 0x302, 0x79, 0x302, 0x59, 0x308,
    0x5a, 0x301, 0x7a, 0x301, 0x5a, 0x307, 0x7a, 0x307,
    0x5a, 0x30c, 0x7a, 0x30c, 0x73, 0x4f, 0x31b, 0x6f,
    0x31b, 0x55, 0x31b, 0x75, 0x31b, 0x44, 0x5a, 0x30c,
    0x44, 0x7a, 0x30c, 0x64, 0x7a, 0x30c, 0x4c, 0x4a,
    0x4c, 0x6a, 0x6c, 0x6a, 0x4e, 0x4a, 0x4e, 0x6a,
    0x6e, 0x6a, 0x41, 0x30c, 0x61, 0x30c, 0x49, 0x30c,
    0x69, 0x30c, 0x4f, 0x30c, 0x6f, 0x30c, 0x55, 0x30c,
    0x75, 0x30c, 0x55, 0x308, 0x304, 0x75, 0x308, 0x304,
    0x55, 0x308, 0x301, 0x75, 0x308, 0x301, 0x55, 0x308,
    0x30c, 0x75, 0x308, 0x30c, 0x55, 0x308, 0x300, 0x75,
    0x308, 0x300, 0x41, 0x308, 0x304, 0x61, 0x308, 0x304,
    0x41, 0x307, 0x304, 0x61, 0x307, 0x304, 0xc6, 0x304,
    0xe6, 0x304, 0x47, 0x30c, 0x67, 0x30c, 0x4b, 0x30c,
    0x6b, 0x30c, 0x4f, 0x328, 0x6f, 0x328, 0x4f, 0x328,
    0x304, 0x6f, 0x328, 0x304, 0x1b7, 0x30c, 0x292, 0x30c,
    0x6a, 0x30c, 0x44, 0x5a, 0x44, 0x7a, 0x64, 0x7a,
    0x47, 0x301, 0x67, 0x301, 0x4e, 0x300, 0x6e, 0x300,
    0x41, 0x30a, 0x301, 0x61, 0x30a, 0x301, 0xc6, 0x301,
    0xe6, 0x301, 0xd8, 0x301, 0xf8, 0x301, 0x41, 0x30f,
    0x61, 0x30f, 0x41, 0x311, 0x61, 0x311, 0x45, 0x30f,
    0x65, 0x30f, 0x45, 0x311, 0x65, 0x311, 0x49, 0x30f,
    0x69, 0x30f, 0x49, 0x311, 0x69, 0x311, 0x4f, 0x30f,
    0x6f, 0x30f, 0x4f, 0x311, 0x6f, 0x311, 0x52, 0x30f,
    0x72, 0x30f, 0x52, 0x311, 0x72, 0x311, 0x55, 0x30f,
    0x75, 0x30f, 0x55, 0x311, 0x75, 0x311, 0x53, 0x326,
    0x73, 0x326, 0x54, 0x326, 0x74, 0x326, 0x48, 0x30c,
    0x68, 0x30c, 0x41, 0x307, 0x61, 0x307, 0x45, 0x327,
    0x65, 0x327, 0x4f, 0x308, 0x304, 0x6f, 0x308, 0x304,
    0x4f, 0x303, 0x304, 0x6f, 0x303, 0x304, 0x4f, 0x307,
    0x6f, 0x307, 0x4f, 0x307, 0x304, 0x6f, 0x307, 0x304,
    0x59, 0x304, 0x79, 0x304, 0x68, 0x266, 0x6a, 0x72,
    0x279, 0x27b, 0x281, 0x77, 0x79, 0x20, 0x306, 0x20,
    0x307, 0x20, 0x30a, 0x20, 0x328, 0x20, 0x303, 0x20,
    0x30b, 0x263, 0x6c, 0x78, 0x295, 0x300, 0x301, 0x313,
    0x308, 0x301, 0x2b9, 0x20, 0x345, 0x3b, 0xa8, 0x301,
    0x20, 0x308, 0x301, 0x391, 0x301, 0xb7, 0x395, 0x301,
    0x397, 0x301, 0x399, 0x301, 0x39f, 0x301, 0x3a5, 0x301,
    0x3a9, 0x301, 0x3b9, 0x308, 0x301, 0x399, 0x308, 0x3a5,
    0x308, 0x3b1, 0x301, 0x3b5, 0x301, 0x3b7, 0x301, 0x3b9,
    0x301, 0x3c5, 0x308, 0x301, 0x3b9, 0x308, 0x3c5, 0x308,
    0x3bf, 0x301, 0x3c5, 0x301, 0x3c9, 0x301, 0x3b2, 0x3b8,
    0x3a5, 0x3d2, 0x301, 0x3d2, 0x308, 0x3c6, 0x3c0, 0x3ba,
    0x3c1, 0x3c2, 0x398, 0x3b5, 0x3a3, 0x415, 0x300, 0x415,
    0x308, 0x413, 0x301, 0x406, 0x308, 0x41a, 0x301, 0x418,
    0x300, 0x423, 0x306, 0x418, 0x306, 0x438, 0x306, 0x435,
    0x300, 0x435, 0x308, 0x433, 0x301, 0x456, 0x308, 0x43a,
    0x301, 0x438, 0x300, 0x443, 0x306, 0x474, 0x30f, 0x475,
    0x30f, 0x416, 0x306, 0x436, 0x306, 0x410, 0x306, 0x430,
    0x306, 0x410, 0x308, 0x430, 0x308, 0x415, 0x306, 0x435,
    0x306, 0x4d8, 0x308, 0x4d9, 0x308, 0x416, 0x308, 0x436,
    0x308, 0x417, 0x308, 0x437, 0x308, 0x418, 0x304, 0x438,
    0x304, 0x418, 0x308, 0x438, 0x308, 0x41e, 0x308, 0x43e,
    0x308, 0x4e8, 0x308, 0x4e9, 0x308, 0x42d, 0x308, 0x44d,
    0x308, 0x423, 0x304, 0x443, 0x304, 0x423, 0x308, 0x443,
    0x308, 0x423, 0x30b, 0x443, 0x30b, 0x427, 0x308, 0x447,
    0x308, 0x42b, 0x308, 0x44b, 0x308, 0x567, 0x565, 0x582,
    0x56b, 0x575, 0x627, 0x653, 0x627, 0x654, 0x648, 0x654,
    0x627, 0x655, 0x64a, 0x654, 0x627, 0x674, 0x648, 0x674,
    0x6c7, 0x674, 0x64a, 0x674, 0x6d5, 0x654, 0x6c1, 0x654,
    0x6d2, 0x654, 0x928, 0x93c, 0x930, 0x93c, 0x933, 0x93c,
    0x915, 0x93c, 0x916, 0x93c, 0x917, 0x93c, 0x91c, 0x93c,
    0x921, 0x93c, 0x922, 0x93c, 0x92b, 0x93c, 0x92f, 0x93c,
    0x9c7, 0x9be, 0x9c7, 0x9d7, 0x9a1, 0x9bc, 0x9a2, 0x9bc,
    0x9af, 0x9bc, 0xa32, 0xa3c, 0xa38, 0xa3c, 0xa16, 0xa3c,
    0xa17, 0xa3c, 0xa1c, 0xa3c, 0xa2b, 0xa3c, 0xb47, 0xb56,
    0xb47, 0xb3e, 0xb47, 0xb57, 0xb21, 0xb3c, 0xb22, 0xb3c,
    0xb92, 0xbd7, 0xbc6, 0xbbe, 0xbc7, 0xbbe, 0xbc6, 0xbd7,
    0xc46, 0xc56, 0xcbf, 0xcd5, 0xcc6, 0xcd5, 0xcc6, 0xcd6,
    0xcc6, 0xcc2, 0xcc6, 0xcc2, 0xcd5, 0xd46, 0xd3e, 0xd47,
    0xd3e, 0xd46, 0xd57, 0xdd9, 0xdca, 0xdd9, 0xdcf, 0xdd9,
    0xdcf, 0xdca, 0xdd9, 0xddf, 0xe4d, 0xe32, 0xecd, 0xeb2,
    0xeab, 0xe99, 0xeab, 0xea1, 0xf0b, 0xf42, 0xfb7, 0xf4c,
    0xfb7, 0xf51, 0xfb7, 0xf56, 0xfb7, 0xf5b, 0xfb7, 0xf40,
    0xfb5, 0xf71, 0xf72, 0xf71, 0xf74, 0xfb2, 0xf80, 0xfb2,
    0xf71, 0xf80, 0xfb3, 0xf80, 0xfb3, 0xf71, 0xf80, 0xf71,
    0xf80, 0xf92, 0xfb7, 0xf9c, 0xfb7, 0xfa1, 0xfb7, 0xfa6,
    0xfb7, 0xfab, 0xfb7, 0xf90, 0xfb5, 0x1025, 0x102e, 0x10dc,
    0x1b05, 0x1b35, 0x1b07, 0x1b35, 0x1b09, 0x1b35, 0x1b0b, 0x1b35,
    0x1b0d, 0x1b35, 0x1b11, 0x1b35, 0x1b3a, 0x1b35, 0x1b3c, 0x1b35,
    0x1b3e, 0x1b35, 0x1b3f, 0x1b35, 0x1b42, 0x1b35, 0x41, 0xc6,
    0x42, 0x44, 0x45, 0x18e, 0x47, 0x48, 0x49, 0x4a,
    0x4b, 0x4c, 0x4d, 0x4e, 0x4f, 0x222, 0x50, 0x52,
    0x54, 0x55, 0x57, 0x250, 0x251, 0x1d02, 0x62, 0x64,
    0x65, 0x259, 0x25b, 0x25c, 0x67, 0x6b, 0x6d, 0x14b,
    0x254, 0x1d16, 0x1d17, 0x70, 0x74, 0x75, 0x1d1d, 0x26f,
    0x76, 0x1d25, 0x3b3, 0x3b4, 0x3c7, 0x69, 0x43d, 0x252,
    0x63, 0x255, 0xf0, 0x66, 0x25f, 0x261, 0x265, 0x268,
    0x269, 0x26a, 0x1d7b, 0x29d, 0x26d, 0x1d85, 0x29f, 0x271,
    0x270, 0x272, 0x273, 0x274, 0x275, 0x278, 0x282, 0x283,
    0x1ab, 0x289, 0x28a, 0x1d1c, 0x28b, 0x28c, 0x7a, 0x290,
    0x291, 0x292, 0x41, 0x325, 0x61, 0x325, 0x42, 0x307,
    0x62, 0x307, 0x42, 0x323, 0x62, 0x323, 0x42, 0x331,
    0x62, 0x331, 0x43, 0x327, 0x301, 0x63, 0x327, 0x301,
    0x44, 0x307, 0x64, 0x307, 0x44, 0x323, 0x64, 0x323,
    0x44, 0x331, 0x64, 0x331, 0x44, 0x327, 0x64, 0x327,
    0x44, 0x32d, 0x64, 0x32d, 0x45, 0x304, 0x300, 0x65,
    0x304, 0x300, 0x45, 0x304, 0x301, 0x65, 0x304, 0x301,
    0x45, 0x32d, 0x65, 0x32d, 0x45, 0x330, 0x65, 0x330,
    0x45, 0x327, 0x306, 0x65, 0x327, 0x306, 0x46, 0x307,
    0x66, 0x307, 0x47, 0x304, 0x67, 0x304, 0x48, 0x307,
    0x68, 0x307, 0x48, 0x323, 0x68, 0x323, 0x48, 0x308,
    0x68, 0x308, 0x48, 0x327, 0x68, 0x327, 0x48, 0x32e,
    0x68, 0x32e, 0x49, 0x330, 0x69, 0x330, 0x49, 0x308,
    0x301, 0x69, 0x308, 0x301, 0x4b, 0x301, 0x6b, 0x301,
    0x4b, 0x323, 0x6b, 0x323, 0x4b, 0x331, 0x6b, 0x331,
    0x4c, 0x323, 0x6c, 0x323, 0x4c, 0x323, 0x304, 0x6c,
    0x323, 0x304, 0x4c, 0x331, 0x6c, 0x331, 0x4c, 0x32d,
    0x6c, 0x32d, 0x4d, 0x301, 0x6d, 0x301, 0x4d, 0x307,
    0x6d, 0x307, 0x4d, 0x323, 0x6d, 0x323, 0x4e, 0x307,
    0x6e, 0x307, 0x4e, 0x323, 0x6e, 0x323, 0x4e, 0x331,
    0x6e, 0x331, 0x4e, 0x32d, 0x6e, 0x32d, 0x4f, 0x303,
    0x301, 0x6f, 0x303, 0x301, 0x4f, 0x303, 0x308, 0x6f,
    0x303, 0x308, 0x4f, 0x304, 0x300, 0x6f, 0x304, 0x300,
    0x4f, 0x304, 0x301, 0x6f, 0x304, 0x301, 0x50, 0x301,
    0x70, 0x301, 0x50, 0x307, 0x70, 0x307, 0x52, 0x307,
    0x72, 0x307, 0x52, 0x323, 0x72, 0x323, 0x52, 0x323,
    0x304, 0x72, 0x323, 0x304, 0x52, 0x331, 0x72, 0x331,
    0x53, 0x307, 0x73, 0x307, 0x53, 0x323, 0x73, 0x323,
    0x53, 0x301, 0x307, 0x73, 0x301, 0x307, 0x53, 0x30c,
    0x307, 0x73, 0x30c, 0x307, 0x53, 0x323, 0x307, 0x73,
    0x323, 0x307, 0x54, 0x307, 0x74, 0x307, 0x54, 0x323,
    0x74, 0x323, 0x54, 0x331, 0x74, 0x331, 0x54, 0x32d,
    0x74, 0x32d, 0x55, 0x324, 0x75, 0x324, 0x55, 0x330,
    0x75, 0x330, 0x55, 0x32d, 0x75, 0x32d, 0x55, 0x303,
    0x301, 0x75, 0x303, 0x301, 0x55, 0x304, 0x308, 0x75,
    0x304, 0x308, 0x56, 0x303, 0x76, 0x303, 0x56, 0x323,
    0x76, 0x323, 0x57, 0x300, 0x77, 0x300, 0x57, 0x301,
    0x77, 0x301, 0x57, 0x308, 0x77, 0x308, 0x57, 0x307,
    0x77, 0x307, 0x57, 0x323, 0x77, 0x323, 0x58, 0x307,
    0x78, 0x307, 0x58, 0x308, 0x78, 0x308, 0x59, 0x307,
    0x79, 0x307, 0x5a, 0x302, 0x7a, 0x302, 0x5a, 0x323,
    0x7a, 0x323, 0x5a, 0x331, 0x7a, 0x331, 0x68, 0x331,
    0x74, 0x308, 0x77, 0x30a, 0x79, 0x30a, 0x61, 0x2be,
    0x17f, 0x307, 0x41, 0x323, 0x61, 0x323, 0x41, 0x309,
    0x61, 0x309, 0x41, 0x302, 0x301, 0x61, 0x302, 0x301,
    0x41, 0x302, 0x300, 0x61, 0x302, 0x300, 0x41, 0x302,
    0x309, 0x61, 0x302, 0x309, 0x41, 0x302, 0x303, 0x61,
    0x302, 0x303, 0x41, 0x323, 0x302, 0x61, 0x323, 0x302,
    0x41, 0x306, 0x301, 0x61, 0x306, 0x301, 0x41, 0x306,
    0x300, 0x61, 0x306, 0x300, 0x41, 0x306, 0x309, 0x61,
    0x306, 0x309, 0x41, 0x306, 0x303, 0x61, 0x306, 0x303,
    0x41, 0x323, 0x306, 0x61, 0x323, 0x306, 0x45, 0x323,
    0x65, 0x323, 0x45, 0x309, 0x65, 0x309, 0x45, 0x303,
    0x65, 0x303, 0x45, 0x302, 0x301, 0x65, 0x302, 0x301,
    0x45, 0x302, 0x300, 0x65, 0x302, 0x300, 0x45, 0x302,
    0x309, 0x65, 0x302, 0x309, 0x45, 0x302, 0x303, 0x65,
    0x302, 0x303, 0x45, 0x323, 0x302, 0x65, 0x323, 0x302,
    0x49, 0x309, 0x69, 0x309, 0x49, 0x323, 0x69, 0x323,
    0x4f, 0x323, 0x6f, 0x323, 0x4f, 0x309, 0x6f, 0x309,
    0x4f, 0x302, 0x301, 0x6f, 0x302, 0x301, 0x4f, 0x302,
    0x300, 0x6f, 0x302, 0x300, 0x4f, 0x302, 0x309, 0x6f,
    0x302, 0x309, 0x4f, 0x302, 0x303, 0x6f, 0x302, 0x303,
    0x4f, 0x323, 0x302, 0x6f, 0x323, 0x302, 0x4f, 0x31b,
    0x301, 0x6f, 0x31b, 0x301, 0x4f, 0x31b, 0x300, 0x6f,
    0x31b, 0x300, 0x4f, 0x31b, 0x309, 0x6f, 0x31b, 0x309,
    0x4f, 0x31b, 0x303, 0x6f, 0x31b, 0x303, 0x4f, 0x31b,
    0x323, 0x6f, 0x31b, 0x323, 0x55, 0x323, 0x75, 0x323,
    0x55, 0x309, 0x75, 0x309, 0x55, 0x31b, 0x301, 0x75,
    0x31b, 0x301, 0x55, 0x31b, 0x300, 0x75, 0x31b, 0x300,
    0x55, 0x31b, 0x309, 0x75, 0x31b, 0x309, 0x55, 0x31b,
    0x303, 0x75, 0x31b, 0x303, 0x55, 0x31b, 0x323, 0x75,
    0x31b, 0x323, 0x59, 0x300, 0x79, 0x300, 0x59, 0x323,
    0x79, 0x323, 0x59, 0x309, 0x79, 0x309, 0x59, 0x303,
    0x79, 0x303, 0x3b1, 0x313, 0x3b1, 0x314, 0x3b1, 0x313,
    0x300, 0x3b1, 0x314, 0x300, 0x3b1, 0x313, 0x301, 0x3b1,
    0x314, 0x301, 0x3b1, 0x313, 0x342, 0x3b1, 0x314, 0x342,
    0x391, 0x313, 0x391, 0x314, 0x391, 0x313, 0x300, 0x391,
    0x314, 0x300, 0x391, 0x313, 0x301, 0x391, 0x314, 0x301,
    0x391, 0x313, 0x342, 0x391, 0x314, 0x342, 0x3b5, 0x313,
    0x3b5, 0x314, 0x3b5, 0x313, 0x300, 0x3b5, 0x314, 0x300,
    0x3b5, 0x313, 0x301, 0x3b5, 0x314, 0x301, 0x395, 0x313,
    0x395, 0x314, 0x395, 0x313, 0x300, 0x395, 0x314, 0x300,
    0x395, 0x313, 0x301, 0x395, 0x314, 0x301, 0x3b7, 0x313,
    0x3b7, 0x314, 0x3b7, 0x313, 0x300, 0x3b7, 0x314, 0x300,
    0x3b7, 0x313, 0x301, 0x3b7, 0x314, 0x301, 0x3b7, 0x313,
    0x342, 0x3b7, 0x314, 0x342, 0x397, 0x313, 0x397, 0x314,
    0x397, 0x313, 0x300, 0x397, 0x314, 0x300, 0x397, 0x313,
    0x301, 0x397, 0x314, 0x301, 0x397, 0x313, 0x342, 0x397,
    0x314, 0x342, 0x3b9, 0x313, 0x3b9, 0x314, 0x3b9, 0x313,
    0x300, 0x3b9, 0x314, 0x300, 0x3b9, 0x313, 0x301, 0x3b9,
    0x314, 0x301, 0x3b9, 0x313, 0x342, 0x3b9, 0x314, 0x342,
    0x399, 0x313, 0x399, 0x314, 0x399, 0x313, 0x300, 0x399,
    0x314, 0x300, 0x399, 0x313, 0x301, 0x399, 0x314, 0x301,
    0x399, 0x313, 0x342, 0x399, 0x314, 0x342, 0x3bf, 0x313,
    0x3bf, 0x314, 0x3bf, 0x313, 0x300, 0x3bf, 0x314, 0x300,
    0x3bf, 0x313, 0x301, 0x3bf, 0x314, 0x301, 0x39f, 0x313,
    0x39f, 0x314, 0x39f, 0x313, 0x300, 0x39f, 0x314, 0x300,
    0x39f, 0x313, 0x301, 0x39f, 0x314, 0x301, 0x3c5, 0x313,
    0x3c5, 0x314, 0x3c5, 0x313, 0x300, 0x3c5, 0x314, 0x300,
    0x3c5, 0x313, 0x301, 0x3c5, 0x314, 0x301, 0x3c5, 0x313,
    0x342, 0x3c5, 0x314, 0x342, 0x3a5, 0x314, 0x3a5, 0x314,
    0x300, 0x3a5, 0x314, 0x301, 0x3a5, 0x314, 0x342, 0x3c9,
    0x313, 0x3c9, 0x314, 0x3c9, 0x313, 0x300, 0x3c9, 0x314,
    0x300, 0x3c9, 0x313, 0x301, 0x3c9, 0x314, 0x301, 0x3c9,
    0x313, 0x342, 0x3c9, 0x314, 0x342, 0x3a9, 0x313, 0x3a9,
    0x314, 0x3a9, 0x313, 0x300, 0x3a9, 0x314, 0x300, 0x3a9,
    0x313, 0x301, 0x3a9, 0x314, 0x301, 0x3a9, 0x313, 0x342,
    0x3a9, 0x314, 0x342, 0x3b1, 0x300, 0x3b5, 0x300, 0x3b7,
    0x300, 0x3b9, 0x300, 0x3bf, 0x300, 0x3c5, 0x300, 0x3c9,
    0x300, 0x3b1, 0x313, 0x345, 0x3b1, 0x314, 0x345, 0x3b1,
    0x313, 0x300, 0x345, 0x3b1, 0x314, 0x300, 0x345, 0x3b1,
    0x313, 0x301, 0x345, 0x3b1, 0x314, 0x301, 0x345, 0x3b1,
    0x313, 0x342, 0x345, 0x3b1, 0x314, 0x342, 0x345, 0x391,
    0x313, 0x345, 0x391, 0x314, 0x345, 0x391, 0x313, 0x300,
    0x345, 0x391, 0x314, 0x300, 0x345, 0x391, 0x313, 0x301,
    0x345, 0x391, 0x314, 0x301, 0x345, 0x391, 0x313, 0x342,
    0x345, 0x391, 0x314, 0x342, 0x345, 0x3b7, 0x313, 0x345,
    0x3b7, 0x314, 0x345, 0x3b7, 0x313, 0x300, 0x345, 0x3b7,
    0x314, 0x300, 0x345, 0x3b7, 0x313, 0x301, 0x345, 0x3b7,
    0x314, 0x301, 0x345, 0x3b7, 0x313, 0x342, 0x345, 0x3b7,
    0x314, 0x342, 0x345, 0x397, 0x313, 0x345, 0x397, 0x314,
    0x345, 0x397, 0x313, 0x300, 0x345, 0x397, 0x314, 0x300,
    0x345, 0x397, 0x313, 0x301, 0x345, 0x397, 0x314, 0x301,
    0x345, 0x397, 0x313, 0x342, 0x345, 0x397, 0x314, 0x342,
    0x345, 0x3c9, 0x313, 0x345, 0x3c9, 0x314, 0x345, 0x3c9,
    0x313, 0x300, 0x345, 0x3c9, 0x314, 0x300, 0x345, 0x3c9,
    0x313, 0x301, 0x345, 0x3c9, 0x314, 0x301, 0x345, 0x3c9,
    0x313, 0x342, 0x345, 0x3c9, 0x314, 0x342, 0x345, 0x3a9,
    0x313, 0x345, 0x3a9, 0x314, 0x345, 0x3a9, 0x313, 0x300,
    0x345, 0x3a9, 0x314, 0x300, 0x345, 0x3a9, 0x313, 0x301,
    0x345, 0x3a9, 0x314, 0x301, 0x345, 0x3a9, 0x313, 0x342,
    0x345, 0x3a9, 0x314, 0x342, 0x345, 0x3b1, 0x306, 0x3b1,
    0x304, 0x3b1, 0x300, 0x345, 0x3b1, 0x345, 0x3b1, 0x301,
    0x345, 0x3b1, 0x342, 0x3b1, 0x342, 0x345, 0x391, 0x306,
    0x391, 0x304, 0x391, 0x300, 0x391, 0x345, 0x20, 0x313,
    0x3b9, 0x20, 0x342, 0xa8, 0x342, 0x20, 0x308, 0x342,
    0x3b7, 0x300, 0x345, 0x3b7, 0x345, 0x3b7, 0x301, 0x345,
    0x3b7, 0x342, 0x3b7, 0x342, 0x345, 0x395, 0x300, 0x397,
    0x300, 0x397, 0x345, 0x1fbf, 0x300, 0x20, 0x313, 0x300,
    0x1fbf, 0x301, 0x20, 0x313, 0x301, 0x1fbf, 0x342, 0x20,
    0x313, 0x342, 0x3b9, 0x306, 0x3b9, 0x304, 0x3b9, 0x308,
    0x300, 0x3b9, 0x342, 0x3b9, 0x308, 0x342, 0x399, 0x306,
    0x399, 0x304, 0x399, 0x300, 0x1ffe, 0x300, 0x20, 0x314,
    0x300, 0x1ffe, 0x301, 0x20, 0x314, 0x301, 0x1ffe, 0x342,
    0x20, 0x314, 0x342, 0x3c5, 0x306, 0x3c5, 0x304, 0x3c5,
    0x308, 0x300, 0x3c1, 0x313, 0x3c1, 0x314, 0x3c5, 0x342,
    0x3c5, 0x308, 0x342, 0x3a5, 0x306, 0x3a5, 0x304, 0x3a5,
    0x300, 0x3a1, 0x314, 0xa8, 0x300, 0x20, 0x308, 0x300,
    0x60, 0x3c9, 0x300, 0x345, 0x3c9, 0x345, 0x3c9, 0x301,
    0x345, 0x3c9, 0x342, 0x3c9, 0x342, 0x345, 0x39f, 0x300,
    0x3a9, 0x300, 0x3a9, 0x345, 0xb4, 0x20, 0x314, 0x2002,
    0x2003, 0x2010, 0x20, 0x333, 0x2e, 0x2e, 0x2e, 0x2e,
    0x2e, 0x2e, 0x2032, 0x2032, 0x2032, 0x2032, 0x2032, 0x2035,
    0x2035, 0x2035, 0x2035, 0x2035, 0x21, 0x21, 0x20, 0x305,
    0x3f, 0x3f, 0x3f, 0x21, 0x21, 0x3f, 0x2032, 0x2032,
    0x2032, 0x2032, 0x30, 0x34, 0x35, 0x36, 0x37, 0x38,
    0x39, 0x2b, 0x2212, 0x3d, 0x28, 0x29, 0x6e, 0x52,
    0x73, 0x61, 0x2f, 0x63, 0x61, 0x2f, 0x73, 0x43,
    0xb0, 0x43, 0x63, 0x2f, 0x6f, 0x63, 0x2f, 0x75,
    0x190, 0xb0, 0x46, 0x127, 0x4e, 0x6f, 0x51, 0x53,
    0x4d, 0x54, 0x45, 0x4c, 0x54, 0x4d, 0x5a, 0x3a9,
    0x46, 0x5d0, 0x5d1, 0x5d2, 0x5d3, 0x46, 0x41, 0x58,
    0x393, 0x3a0, 0x2211, 0x31, 0x2044, 0x37, 0x31, 0x2044,
    0x39, 0x31, 0x2044, 0x31, 0x30, 0x31, 0x2044, 0x33,
    0x32, 0x2044, 0x33, 0x31, 0x2044, 0x35, 0x32, 0x2044,
    0x35, 0x33, 0x2044, 0x35, 0x34, 0x2044, 0x35, 0x31,
    0x2044, 0x36, 0x35, 0x2044, 0x36, 0x31, 0x2044, 0x38,
    0x33, 0x2044, 0x38, 0x35, 0x2044, 0x38, 0x37, 0x2044,
    0x38, 0x31, 0x2044, 0x49, 0x49, 0x49, 0x49, 0x49,
    0x49, 0x56, 0x56, 0x56, 0x49, 0x56, 0x49, 0x49,
    0x56, 0x49, 0x49, 0x49, 0x49, 0x58, 0x58, 0x58,
    0x49, 0x58, 0x49, 0x49, 0x69, 0x69, 0x69, 0x69,
    0x69, 0x69, 0x76, 0x76, 0x69, 0x76, 0x69, 0x69,
    0x76, 0x69, 0x69, 0x69, 0x69, 0x78, 0x78, 0x69,
    0x78, 0x69, 0x69, 0x30, 0x2044, 0x33, 0x2190, 0x338,
    0x2192, 0x338, 0x2194, 0x338, 0x21d0, 0x338, 0x21d4, 0x338,
    0x21d2, 0x338, 0x2203, 0x338, 0x2208, 0x338, 0x220b, 0x338,
    0x2223, 0x338, 0x2225, 0x338, 0x222b, 0x222b, 0x222b, 0x222b,
    0x222b, 0x222e, 0x222e, 0x222e, 0x222e, 0x222e, 0x223c, 0x338,
    0x2243, 0x338, 0x2245, 0x338, 0x2248, 0x338, 0x3d, 0x338,
    0x2261, 0x338, 0x224d, 0x338, 0x3c, 0x338, 0x3e, 0x338,
    0x2264, 0x338, 0x2265, 0x338, 0x2272, 0x338, 0x2273, 0x338,
    0x2276, 0x338, 0x2277, 0x338, 0x227a, 0x338, 0x227b, 0x338,
    0x2282, 0x338, 0x2283, 0x338, 0x2286, 0x338, 0x2287, 0x338,
    0x22a2, 0x338, 0x22a8, 0x338, 0x22a9, 0x338, 0x22ab, 0x338,
    0x227c, 0x338, 0x227d, 0x338, 0x2291, 0x338, 0x2292, 0x338,
    0x22b2, 0x338, 0x22b3, 0x338, 0x22b4, 0x338, 0x22b5, 0x338,
    0x3008, 0x3009, 0x31, 0x30, 0x31, 0x31, 0x31, 0x32,
    0x31, 0x33, 0x31, 0x34, 0x31, 0x35, 0x31, 0x36,
    0x31, 0x37, 0x31, 0x38, 0x31, 0x39, 0x32, 0x30,
    0x28, 0x31, 0x29, 0x28, 0x32, 0x29, 0x28, 0x33,
    0x29, 0x28, 0x34, 0x29, 0x28, 0x35, 0x29, 0x28,
    0x36, 0x29, 0x28, 0x37, 0x29, 0x28, 0x38, 0x29,
    0x28, 0x39, 0x29, 0x28, 0x31, 0x30, 0x29, 0x28,
    0x31, 0x31, 0x29, 0x28, 0x31, 0x32, 0x29, 0x28,
    0x31, 0x33, 0x29, 0x28, 0x31, 0x34, 0x29, 0x28,
    0x31, 0x35, 0x29, 0x28, 0x31, 0x36, 0x29, 0x28,
    0x31, 0x37, 0x29, 0x28, 0x31, 0x38, 0x29, 0x28,
    0x31, 0x39, 0x29, 0x28, 0x32, 0x30, 0x29, 0x31,
    0x2e, 0x32, 0x2e, 0x33, 0x2e, 0x34, 0x2e, 0x35,
    0x2e, 0x36, 0x2e, 0x37, 0x2e, 0x38, 0x2e, 0x39,
    0x2e, 0x31, 0x30, 0x2e, 0x31, 0x31, 0x2e, 0x31,
    0x32, 0x2e, 0x31, 0x33, 0x2e, 0x31, 0x34, 0x2e,
    0x31, 0x35, 0x2e, 0x31, 0x36, 0x2e, 0x31, 0x37,
    0x2e, 0x31, 0x38, 0x2e, 0x31, 0x39, 0x2e, 0x32,
    0x30, 0x2e, 0x28, 0x61, 0x29, 0x28, 0x62, 0x29,
    0x28, 0x63, 0x29, 0x28, 0x64, 0x29, 0x28, 0x65,
    0x29, 0x28, 0x66, 0x29, 0x28, 0x67, 0x29, 0x28,
    0x68, 0x29, 0x28, 0x69, 0x29, 0x28, 0x6a, 0x29,
    0x28, 0x6b, 0x29, 0x28, 0x6c, 0x29, 0x28, 0x6d,
    0x29, 0x28, 0x6e, 0x29, 0x28, 0x6f, 0x29, 0x28,
    0x70, 0x29, 0x28, 0x71, 0x29, 0x28, 0x72, 0x29,
    0x28, 0x73, 0x29, 0x28, 0x74, 0x29, 0x28, 0x75,
    0x29, 0x28, 0x76, 0x29, 0x28, 0x77, 0x29, 0x28,
    0x78, 0x29, 0x28, 0x79, 0x29, 0x28, 0x7a, 0x29,
    0x53, 0x59, 0x71, 0x222b, 0x222b, 0x222b, 0x222b, 0x3a,
    0x3a, 0x3d, 0x3d, 0x3d, 0x3d, 0x3d, 0x3d, 0x2add,
    0x338, 0x2d61, 0x6bcd, 0x9f9f, 0x4e00, 0x4e28, 0x4e36, 0x4e3f,
    0x4e59, 0x4e85, 0x4e8c, 0x4ea0, 0x4eba, 0x513f, 0x5165, 0x516b,
    0x5182, 0x5196, 0x51ab, 0x51e0, 0x51f5, 0x5200, 0x529b, 0x52f9,
    0x5315, 0x531a, 0x5338, 0x5341, 0x535c, 0x5369, 0x5382, 0x53b6,
    0x53c8, 0x53e3, 0x56d7, 0x571f, 0x58eb, 0x5902, 0x590a, 0x5915,
    0x5927, 0x5973, 0x5b50, 0x5b80, 0x5bf8, 0x5c0f, 0x5c22, 0x5c38,
    0x5c6e, 0x5c71, 0x5ddb, 0x5de5, 0x5df1, 0x5dfe, 0x5e72, 0x5e7a,
    0x5e7f, 0x5ef4, 0x5efe, 0x5f0b, 0x5f13, 0x5f50, 0x5f61, 0x5f73,
    0x5fc3, 0x6208, 0x6236, 0x624b, 0x652f, 0x6534, 0x6587, 0x6597,
    0x65a4, 0x65b9, 0x65e0, 0x65e5, 0x66f0, 0x6708, 0x6728, 0x6b20,
    0x6b62, 0x6b79, 0x6bb3, 0x6bcb, 0x6bd4, 0x6bdb, 0x6c0f, 0x6c14,
    0x6c34, 0x706b, 0x722a, 0x7236, 0x723b, 0x723f, 0x7247, 0x7259,
    0x725b, 0x72ac, 0x7384, 0x7389, 0x74dc, 0x74e6, 0x7518, 0x751f,
    0x7528, 0x7530, 0x758b, 0x7592, 0x7676, 0x767d, 0x76ae, 0x76bf,
    0x76ee, 0x77db, 0x77e2, 0x77f3, 0x793a, 0x79b8, 0x79be, 0x7a74,
    0x7acb, 0x7af9, 0x7c73, 0x7cf8, 0x7f36, 0x7f51, 0x7f8a, 0x7fbd,
    0x8001, 0x800c, 0x8012, 0x8033, 0x807f, 0x8089, 0x81e3, 0x81ea,
    0x81f3, 0x81fc, 0x820c, 0x821b, 0x821f, 0x826e, 0x8272, 0x8278,
    0x864d, 0x866b, 0x8840, 0x884c, 0x8863, 0x897e, 0x898b, 0x89d2,
    0x8a00, 0x8c37, 0x8c46, 0x8c55, 0x8c78, 0x8c9d, 0x8d64, 0x8d70,
    0x8db3, 0x8eab, 0x8eca, 0x8f9b, 0x8fb0, 0x8fb5, 0x9091, 0x9149,
    0x91c6, 0x91cc, 0x91d1, 0x9577, 0x9580, 0x961c, 0x96b6, 0x96b9,
    0x96e8, 0x9751, 0x975e, 0x9762, 0x9769, 0x97cb, 0x97ed, 0x97f3,
    0x9801, 0x98a8, 0x98db, 0x98df, 0x9996, 0x9999, 0x99ac, 0x9aa8,
    0x9ad8, 0x9adf, 0x9b25, 0x9b2f, 0x9b32, 0x9b3c, 0x9b5a, 0x9ce5,
    0x9e75, 0x9e7f, 0x9ea5, 0x9ebb, 0x9ec3, 0x9ecd, 0x9ed1, 0x9ef9,
    0x9efd, 0x9f0e, 0x9f13, 0x9f20, 0x9f3b, 0x9f4a, 0x9f52, 0x9f8d,
    0x9f9c, 0x9fa0, 0x3012, 0x5344, 0x5345, 0x304b, 0x3099, 0x304d,
    0x3099, 0x304f, 0x3099, 0x3051, 0x3099, 0x3053, 0x3099, 0x3055,
    0x3099, 0x3057, 0x3099, 0x3059, 0x3099, 0x305b, 0x3099, 0x305d,
    0x3099, 0x305f, 0x3099, 0x3061, 0x3099, 0x3064, 0x3099, 0x3066,
    0x3099, 0x3068, 0x3099, 0x306f, 0x3099, 0x306f, 0x309a, 0x3072,
    0x3099, 0x3072, 0x309a, 0x3075, 0x3099, 0x3075, 0x309a, 0x3078,
    0x3099, 0x3078, 0x309a, 0x307b, 0x3099, 0x307b, 0x309a, 0x3046,
    0x3099, 0x20, 0x3099, 0x20, 0x309a, 0x309d, 0x3099, 0x3088,
    0x308a, 0x30ab, 0x3099, 0x30ad, 0x3099, 0x30af, 0x3099, 0x30b1,
    0x3099, 0x30b3, 0x3099, 0x30b5, 0x3099, 0x30b7, 0x3099, 0x30b9,
    0x3099, 0x30bb, 0x3099, 0x30bd, 0x3099, 0x30bf, 0x3099, 0x30c1,
    0x3099, 0x30c4, 0x3099, 0x30c6, 0x3099, 0x30c8, 0x3099, 0x30cf,
    0x3099, 0x30cf, 0x309a, 0x30d2, 0x3099, 0x30d2, 0x309a, 0x30d5,
    0x3099, 0x30d5, 0x309a, 0x30d8, 0x3099, 0x30d8, 0x309a, 0x30db,
    0x3099, 0x30db, 0x309a, 0x30a6, 0x3099, 0x30ef, 0x3099, 0x30f0,
    0x3099, 0x30f1, 0x3099, 0x30f2, 0x3099, 0x30fd, 0x3099, 0x30b3,
    0x30c8, 0x1100, 0x1101, 0x11aa, 0x1102, 0x11ac, 0x11ad, 0x1103,
    0x1104, 0x1105, 0x11b0, 0x11b1, 0x11b2, 0x11b3, 0x11b4, 0x11b5,
    0x111a, 0x1106, 0x1107, 0x1108, 0x1121, 0x1109, 0x110a, 0x110b,
    0x110c, 0x110d, 0x110e, 0x110f, 0x1110, 0x1111, 0x1112, 0x1161,
    0x1162, 0x1163, 0x1164, 0x1165, 0x1166, 0x1167, 0x1168, 0x1169,
    0x116a, 0x116b, 0x116c, 0x116d, 0x116e, 0x116f, 0x1170, 0x1171,
    0x1172, 0x1173, 0x1174, 0x1175, 0x1160, 0x1114, 0x1115, 0x11c7,
    0x11c8, 0x11cc, 0x11ce, 0x11d3, 0x11d7, 0x11d9, 0x111c, 0x11dd,
    0x11df, 0x111d, 0x111e, 0x1120, 0x1122, 0x1123, 0x1127, 0x1129,
    0x112b, 0x112c, 0x112d, 0x112e, 0x112f, 0x1132, 0x1136, 0x1140,
    0x1147, 0x114c, 0x11f1, 0x11f2, 0x1157, 0x1158, 0x1159, 0x1184,
    0x1185, 0x1188, 0x1191, 0x1192, 0x1194, 0x119e, 0x11a1, 0x4e09,
    0x56db, 0x4e0a, 0x4e2d, 0x4e0b, 0x7532, 0x4e19, 0x4e01, 0x5929,
    0x5730, 0x28, 0x1100, 0x29, 0x28, 0x1102, 0x29, 0x28,
    0x1103, 0x29, 0x28, 0x1105, 0x29, 0x28, 0x1106, 0x29,
    0x28, 0x1107, 0x29, 0x28, 0x1109, 0x29, 0x28, 0x110b,
    0x29, 0x28, 0x110c, 0x29, 0x28, 0x110e, 0x29, 0x28,
    0x110f, 0x29, 0x28, 0x1110, 0x29, 0x28, 0x1111, 0x29,
    0x28, 0x1112, 0x29, 0x28, 0x1100, 0x1161, 0x29, 0x28,
    0x1102, 0x1161, 0x29, 0x28, 0x1103, 0x1161, 0x29, 0x28,
    0x1105, 0x1161, 0x29, 0x28, 0x1106, 0x1161, 0x29, 0x28,
    0x1107, 0x1161, 0x29, 0x28, 0x1109, 0x1161, 0x29, 0x28,
    0x110b, 0x1161, 0x29, 0x28, 0x110c, 0x1161, 0x29, 0x28,
    0x110e, 0x1161, 0x29, 0x28, 0x110f, 0x1161, 0x29, 0x28,
    0x1110, 0x1161, 0x29, 0x28, 0x1111, 0x1161, 0x29, 0x28,
    0x1112, 0x1161, 0x29, 0x28, 0x110c, 0x116e, 0x29, 0x28,
    0x110b, 0x1169, 0x110c, 0x1165, 0x11ab, 0x29, 0x28, 0x110b,
    0x1169, 0x1112, 0x116e, 0x29, 0x28, 0x4e00, 0x29, 0x28,
    0x4e8c, 0x29, 0x28, 0x4e09, 0x29, 0x28, 0x56db, 0x29,
    0x28, 0x4e94, 0x29, 0x28, 0x516d, 0x29, 0x28, 0x4e03,
    0x29, 0x28, 0x516b, 0x29, 0x28, 0x4e5d, 0x29, 0x28,
    0x5341, 0x29, 0x28, 0x6708, 0x29, 0x28, 0x706b, 0x29,
    0x28, 0x6c34, 0x29, 0x28, 0x6728, 0x29, 0x28, 0x91d1,
    0x29, 0x28, 0x571f, 0x29, 0x28, 0x65e5, 0x29, 0x28,
    0x682a, 0x29, 0x28, 0x6709, 0x29, 0x28, 0x793e, 0x29,
    0x28, 0x540d, 0x29, 0x28, 0x7279, 0x29, 0x28, 0x8ca1,
    0x29, 0x28, 0x795d, 0x29, 0x28, 0x52b4, 0x29, 0x28,
    0x4ee3, 0x29, 0x28, 0x547c, 0x29, 0x28, 0x5b66, 0x29,
    0x28, 0x76e3, 0x29, 0x28, 0x4f01, 0x29, 0x28, 0x8cc7,
    0x29, 0x28, 0x5354, 0x29, 0x28, 0x796d, 0x29, 0x28,
    0x4f11, 0x29, 0x28, 0x81ea, 0x29, 0x28, 0x81f3, 0x29,
    0x554f, 0x5e7c, 0x7b8f, 0x50, 0x54, 0x45, 0x32, 0x31,
    0x32, 0x32, 0x32, 0x33, 0x32, 0x34, 0x32, 0x35,
    0x32, 0x36, 0x32, 0x37, 0x32, 0x38, 0x32, 0x39,
    0x33, 0x30, 0x33, 0x31, 0x33, 0x32, 0x33, 0x33,
    0x33, 0x34, 0x33, 0x35, 0x1100, 0x1161, 0x1102, 0x1161,
    0x1103, 0x1161, 0x1105, 0x1161, 0x1106, 0x1161, 0x1107, 0x1161,
    0x1109, 0x1161, 0x110b, 0x1161, 0x110c, 0x1161, 0x110e, 0x1161,
    0x110f, 0x1161, 0x1110, 0x1161, 0x1111, 0x1161, 0x1112, 0x1161,
    0x110e, 0x1161, 0x11b7, 0x1100, 0x1169, 0x110c, 0x116e, 0x110b,
    0x1174, 0x110b, 0x116e, 0x4e94, 0x516d, 0x4e03, 0x4e5d, 0x682a,
    0x6709, 0x793e, 0x540d, 0x7279, 0x8ca1, 0x795d, 0x52b4, 0x79d8,
    0x7537, 0x9069, 0x512a, 0x5370, 0x6ce8, 0x9805, 0x4f11, 0x5199,
    0x6b63, 0x5de6, 0x53f3, 0x533b, 0x5b97, 0x5b66, 0x76e3, 0x4f01,
    0x8cc7, 0x5354, 0x591c, 0x33, 0x36, 0x33, 0x37, 0x33,
    0x38, 0x33, 0x39, 0x34, 0x30, 0x34, 0x31, 0x34,
    0x32, 0x34, 0x33, 0x34, 0x34, 0x34, 0x35, 0x34,
    0x36, 0x34, 0x37, 0x34, 0x38, 0x34, 0x39, 0x35,
    0x30, 0x31, 0x6708, 0x32, 0x6708, 0x33, 0x6708, 0x34,
    0x6708, 0x35, 0x6708, 0x36, 0x6708, 0x37, 0x6708, 0x38,
    0x6708, 0x39, 0x6708, 0x31, 0x30, 0x6708, 0x31, 0x31,
    0x6708, 0x31, 0x32, 0x6708, 0x48, 0x67, 0x65, 0x72,
    0x67, 0x65, 0x56, 0x4c, 0x54, 0x44, 0x30a2, 0x30a4,
    0x30a6, 0x30a8, 0x30aa, 0x30ab, 0x30ad, 0x30af, 0x30b1, 0x30b3,
    0x30b5, 0x30b7, 0x30b9, 0x30bb, 0x30bd, 0x30bf, 0x30c1, 0x30c4,
    0x30c6, 0x30c8, 0x30ca, 0x30cb, 0x30cc, 0x30cd, 0x30ce, 0x30cf,
    0x30d2, 0x30d5, 0x30d8, 0x30db, 0x30de, 0x30df, 0x30e0, 0x30e1,
    0x30e2, 0x30e4, 0x30e6, 0x30e8, 0x30e9, 0x30ea, 0x30eb, 0x30ec,
    0x30ed, 0x30ef, 0x30f0, 0x30f1, 0x30f2, 0x4ee4, 0x548c, 0x30a2,
    0x30cf, 0x309a, 0x30fc, 0x30c8, 0x30a2, 0x30eb, 0x30d5, 0x30a1,
    0x30a2, 0x30f3, 0x30d8, 0x309a, 0x30a2, 0x30a2, 0x30fc, 0x30eb,
    0x30a4, 0x30cb, 0x30f3, 0x30af, 0x3099, 0x30a4, 0x30f3, 0x30c1,
    0x30a6, 0x30a9, 0x30f3, 0x30a8, 0x30b9, 0x30af, 0x30fc, 0x30c8,
    0x3099, 0x30a8, 0x30fc, 0x30ab, 0x30fc, 0x30aa, 0x30f3, 0x30b9,
    0x30aa, 0x30fc, 0x30e0, 0x30ab, 0x30a4, 0x30ea, 0x30ab, 0x30e9,
    0x30c3, 0x30c8, 0x30ab, 0x30ed, 0x30ea, 0x30fc, 0x30ab, 0x3099,
    0x30ed, 0x30f3, 0x30ab, 0x3099, 0x30f3, 0x30de, 0x30ad, 0x3099,
    0x30ab, 0x3099, 0x30ad, 0x3099, 0x30cb, 0x30fc, 0x30ad, 0x30e5,
    0x30ea, 0x30fc, 0x30ad, 0x3099, 0x30eb, 0x30bf, 0x3099, 0x30fc,
    0x30ad, 0x30ed, 0x30ad, 0x30ed, 0x30af, 0x3099, 0x30e9, 0x30e0,
    0x30ad, 0x30ed, 0x30e1, 0x30fc, 0x30c8, 0x30eb, 0x30ad, 0x30ed,
    0x30ef, 0x30c3, 0x30c8, 0x30af, 0x3099, 0x30e9, 0x30e0, 0x30af,
    0x3099, 0x30e9, 0x30e0, 0x30c8, 0x30f3, 0x30af, 0x30eb, 0x30bb,
    0x3099, 0x30a4, 0x30ed, 0x30af, 0x30ed, 0x30fc, 0x30cd, 0x30b1,
    0x30fc, 0x30b9, 0x30b3, 0x30eb, 0x30ca, 0x30b3, 0x30fc, 0x30db,
    0x309a, 0x30b5, 0x30a4, 0x30af, 0x30eb, 0x30b5, 0x30f3, 0x30c1,
    0x30fc, 0x30e0, 0x30b7, 0x30ea, 0x30f3, 0x30af, 0x3099, 0x30bb,
    0x30f3, 0x30c1, 0x30bb, 0x30f3, 0x30c8, 0x30bf, 0x3099, 0x30fc,
    0x30b9, 0x30c6, 0x3099, 0x30b7, 0x30c8, 0x3099, 0x30eb, 0x30c8,
    0x30f3, 0x30ca, 0x30ce, 0x30ce, 0x30c3, 0x30c8, 0x30cf, 0x30a4,
    0x30c4, 0x30cf, 0x309a, 0x30fc, 0x30bb, 0x30f3, 0x30c8, 0x30cf,
    0x309a, 0x30fc, 0x30c4, 0x30cf, 0x3099, 0x30fc, 0x30ec, 0x30eb,
    0x30d2, 0x309a, 0x30a2, 0x30b9, 0x30c8, 0x30eb, 0x30d2, 0x309a,
    0x30af, 0x30eb, 0x30d2, 0x309a, 0x30b3, 0x30d2, 0x3099, 0x30eb,
    0x30d5, 0x30a1, 0x30e9, 0x30c3, 0x30c8, 0x3099, 0x30d5, 0x30a3,
    0x30fc, 0x30c8, 0x30d5, 0x3099, 0x30c3, 0x30b7, 0x30a7, 0x30eb,
    0x30d5, 0x30e9, 0x30f3, 0x30d8, 0x30af, 0x30bf, 0x30fc, 0x30eb,
    0x30d8, 0x309a, 0x30bd, 0x30d8, 0x309a, 0x30cb, 0x30d2, 0x30d8,
    0x30eb, 0x30c4, 0x30d8, 0x309a, 0x30f3, 0x30b9, 0x30d8, 0x309a,
    0x30fc, 0x30b7, 0x3099, 0x30d8, 0x3099, 0x30fc, 0x30bf, 0x30db,
    0x309a, 0x30a4, 0x30f3, 0x30c8, 0x30db, 0x3099, 0x30eb, 0x30c8,
    0x30db, 0x30f3, 0x30db, 0x309a, 0x30f3, 0x30c8, 0x3099, 0x30db,
    0x30fc, 0x30eb, 0x30db, 0x30fc, 0x30f3, 0x30de, 0x30a4, 0x30af,
    0x30ed, 0x30de, 0x30a4, 0x30eb, 0x30de, 0x30c3, 0x30cf, 0x30de,
    0x30eb, 0x30af, 0x30de, 0x30f3, 0x30b7, 0x30e7, 0x30f3, 0x30df,
    0x30af, 0x30ed, 0x30f3, 0x30df, 0x30ea, 0x30df, 0x30ea, 0x30cf,
    0x3099, 0x30fc, 0x30eb, 0x30e1, 0x30ab, 0x3099, 0x30e1, 0x30ab,
    0x3099, 0x30c8, 0x30f3, 0x30e1, 0x30fc, 0x30c8, 0x30eb, 0x30e4,
    0x30fc, 0x30c8, 0x3099, 0x30e4, 0x30fc, 0x30eb, 0x30e6, 0x30a2,
    0x30f3, 0x30ea, 0x30c3, 0x30c8, 0x30eb, 0x30ea, 0x30e9, 0x30eb,
    0x30d2, 0x309a, 0x30fc, 0x30eb, 0x30fc, 0x30d5, 0x3099, 0x30eb,
    0x30ec, 0x30e0, 0x30ec, 0x30f3, 0x30c8, 0x30b1, 0x3099, 0x30f3,
    0x30ef, 0x30c3, 0x30c8, 0x30, 0x70b9, 0x31, 0x70b9, 0x32,
    0x70b9, 0x33, 0x70b9, 0x34, 0x70b9, 0x35, 0x70b9, 0x36,
    0x70b9, 0x37, 0x70b9, 0x38, 0x70b9, 0x39, 0x70b9, 0x31,
    0x30, 0x70b9, 0x31, 0x31, 0x70b9, 0x31, 0x32, 0x70b9,
    0x31, 0x33, 0x70b9, 0x31, 0x34, 0x70b9, 0x31, 0x35,
    0x70b9, 0x31, 0x36, 0x70b9, 0x31, 0x37, 0x70b9, 0x31,
    0x38, 0x70b9, 0x31, 0x39, 0x70b9, 0x32, 0x30, 0x70b9,
    0x32, 0x31, 0x70b9, 0x32, 0x32, 0x70b9, 0x32, 0x33,
    0x70b9, 0x32, 0x34, 0x70b9, 0x68, 0x50, 0x61, 0x64,
    0x61, 0x41, 0x55, 0x62, 0x61, 0x72, 0x6f, 0x56,
    0x70, 0x63, 0x64, 0x6d, 0x64, 0x6d, 0x32, 0x64,
    0x6d, 0x33, 0x49, 0x55, 0x5e73, 0x6210, 0x662d, 0x548c,
    0x5927, 0x6b63, 0x660e, 0x6cbb, 0x682a, 0x5f0f, 0x4f1a, 0x793e,
    0x70, 0x41, 0x6e, 0x41, 0x3bc, 0x41, 0x6d, 0x41,
    0x6b, 0x41, 0x4b, 0x42, 0x4d, 0x42, 0x47, 0x42,
    0x63, 0x61, 0x6c, 0x6b, 0x63, 0x61, 0x6c, 0x70,
    0x46, 0x6e, 0x46, 0x3bc, 0x46, 0x3bc, 0x67, 0x6d,
    0x67, 0x6b, 0x67, 0x48, 0x7a, 0x6b, 0x48, 0x7a,
    0x4d, 0x48, 0x7a, 0x47, 0x48, 0x7a, 0x54, 0x48,
    0x7a, 0x3bc, 0x6c, 0x6d, 0x6c, 0x64, 0x6c, 0x6b,
    0x6c, 0x66, 0x6d, 0x6e, 0x6d, 0x3bc, 0x6d, 0x6d,
    0x6d, 0x63, 0x6d, 0x6b, 0x6d, 0x6d, 0x6d, 0x32,
    0x63, 0x6d, 0x32, 0x6d, 0x32, 0x6b, 0x6d, 0x32,
    0x6d, 0x6d, 0x33, 0x63, 0x6d, 0x33, 0x6d, 0x33,
    0x6b, 0x6d, 0x33, 0x6d, 0x2215, 0x73, 0x6d, 0x2215,
    0x73, 0x32, 0x50, 0x61, 0x6b, 0x50, 0x61, 0x4d,
    0x50, 0x61, 0x47, 0x50, 0x61, 0x72, 0x61, 0x64,
    0x72, 0x61, 0x64, 0x2215, 0x73, 0x72, 0x61, 0x64,
    0x2215, 0x73, 0x32, 0x70, 0x73, 0x6e, 0x73, 0x3bc,
    0x73, 0x6d, 0x73, 0x70, 0x56, 0x6e, 0x56, 0x3bc,
    0x56, 0x6d, 0x56, 0x6b, 0x56, 0x4d, 0x56, 0x70,
    0x57, 0x6e, 0x57, 0x3bc, 0x57, 0x6d, 0x57, 0x6b,
    0x57, 0x4d, 0x57, 0x6b, 0x3a9, 0x4d, 0x3a9, 0x61,
    0x2e, 0x6d, 0x2e, 0x42, 0x71, 0x63, 0x63, 0x63,
    0x64, 0x43, 0x2215, 0x6b, 0x67, 0x43, 0x6f, 0x2e,
    0x64, 0x42, 0x47, 0x79, 0x68, 0x61, 0x48, 0x50,
    0x69, 0x6e, 0x4b, 0x4b, 0x4b, 0x4d, 0x6b, 0x74,
    0x6c, 0x6d, 0x6c, 0x6e, 0x6c, 0x6f, 0x67, 0x6c,
    0x78, 0x6d, 0x62, 0x6d, 0x69, 0x6c, 0x6d, 0x6f,
    0x6c, 0x50, 0x48, 0x70, 0x2e, 0x6d, 0x2e, 0x50,
    0x50, 0x4d, 0x50, 0x52, 0x73, 0x72, 0x53, 0x76,
    0x57, 0x62, 0x56, 0x2215, 0x6d, 0x41, 0x2215, 0x6d,
    0x31, 0x65e5, 0x32, 0x65e5, 0x33, 0x65e5, 0x34, 0x65e5,
    0x35, 0x65e5, 0x36, 0x65e5, 0x37, 0x65e5, 0x38, 0x65e5,
    0x39, 0x65e5, 0x31, 0x30, 0x65e5, 0x31, 0x31, 0x65e5,
    0x31, 0x32, 0x65e5, 0x31, 0x33, 0x65e5, 0x31, 0x34,
    0x65e5, 0x31, 0x35, 0x65e5, 0x31, 0x36, 0x65e5, 0x31,
    0x37, 0x65e5, 0x31, 0x38, 0x65e5, 0x31, 0x39, 0x65e5,
    0x32, 0x30, 0x65e5, 0x32, 0x31, 0x65e5, 0x32, 0x32,
    0x65e5, 0x32, 0x33, 0x65e5, 0x32, 0x34, 0x65e5, 0x32,
    0x35, 0x65e5, 0x32, 0x36, 0x65e5, 0x32, 0x37, 0x65e5,
    0x32, 0x38, 0x65e5, 0x32, 0x39, 0x65e5, 0x33, 0x30,
    0x65e5, 0x33, 0x31, 0x65e5, 0x67, 0x61, 0x6c, 0x44a,
    0x44c, 0xa76f, 0x126, 0x153, 0xa727, 0xab37, 0x26b, 0xab52,
    0x28d, 0x8c48, 0x66f4, 0x8cc8, 0x6ed1, 0x4e32, 0x53e5, 0x5951,
    0x5587, 0x5948, 0x61f6, 0x7669, 0x7f85, 0x863f, 0x87ba, 0x88f8,
    0x908f, 0x6a02, 0x6d1b, 0x70d9, 0x73de, 0x843d, 0x916a, 0x99f1,
    0x4e82, 0x5375, 0x6b04, 0x721b, 0x862d, 0x9e1e, 0x5d50, 0x6feb,
    0x85cd, 0x8964, 0x62c9, 0x81d8, 0x881f, 0x5eca, 0x6717, 0x6d6a,
    0x72fc, 0x90ce, 0x4f86, 0x51b7, 0x52de, 0x64c4, 0x6ad3, 0x7210,
    0x76e7, 0x8606, 0x865c, 0x8def, 0x9732, 0x9b6f, 0x9dfa, 0x788c,
    0x797f, 0x7da0, 0x83c9, 0x9304, 0x8ad6, 0x58df, 0x5f04, 0x7c60,
    0x807e, 0x7262, 0x78ca, 0x8cc2, 0x96f7, 0x58d8, 0x5c62, 0x6a13,
    0x6dda, 0x6f0f, 0x7d2f, 0x7e37, 0x964b, 0x52d2, 0x808b, 0x51dc,
    0x51cc, 0x7a1c, 0x7dbe, 0x83f1, 0x9675, 0x8b80, 0x62cf, 0x8afe,
    0x4e39, 0x5be7, 0x6012, 0x7387, 0x7570, 0x5317, 0x78fb, 0x4fbf,
    0x5fa9, 0x4e0d, 0x6ccc, 0x6578, 0x7d22, 0x53c3, 0x585e, 0x7701,
    0x8449, 0x8aaa, 0x6bba, 0x6c88, 0x62fe, 0x82e5, 0x63a0, 0x7565,
    0x4eae, 0x5169, 0x51c9, 0x6881, 0x7ce7, 0x826f, 0x8ad2, 0x91cf,
    0x52f5, 0x5442, 0x5eec, 0x65c5, 0x6ffe, 0x792a, 0x95ad, 0x9a6a,
    0x9e97, 0x9ece, 0x66c6, 0x6b77, 0x8f62, 0x5e74, 0x6190, 0x6200,
    0x649a, 0x6f23, 0x7149, 0x7489, 0x79ca, 0x7df4, 0x806f, 0x8f26,
    0x84ee, 0x9023, 0x934a, 0x5217, 0x52a3, 0x54bd, 0x70c8, 0x88c2,
    0x5ec9, 0x5ff5, 0x637b, 0x6bae, 0x7c3e, 0x7375, 0x4ee4, 0x56f9,
    0x5dba, 0x601c, 0x73b2, 0x7469, 0x7f9a, 0x8046, 0x9234, 0x96f6,
    0x9748, 0x9818, 0x4f8b, 0x79ae, 0x91b4, 0x96b8, 0x60e1, 0x4e86,
    0x50da, 0x5bee, 0x5c3f, 0x6599, 0x71ce, 0x7642, 0x84fc, 0x907c,
    0x6688, 0x962e, 0x5289, 0x677b, 0x67f3, 0x6d41, 0x6e9c, 0x7409,
    0x7559, 0x786b, 0x7d10, 0x985e, 0x622e, 0x9678, 0x502b, 0x5d19,
    0x6dea, 0x8f2a, 0x5f8b, 0x6144, 0x6817, 0x9686, 0x5229, 0x540f,
    0x5c65, 0x6613, 0x674e, 0x68a8, 0x6ce5, 0x7406, 0x75e2, 0x7f79,
    0x88cf, 0x88e1, 0x96e2, 0x533f, 0x6eba, 0x541d, 0x71d0, 0x7498,
    0x85fa, 0x96a3, 0x9c57, 0x9e9f, 0x6797, 0x6dcb, 0x81e8, 0x7b20,
    0x7c92, 0x72c0, 0x7099, 0x8b58, 0x4ec0, 0x8336, 0x523a, 0x5207,
    0x5ea6, 0x62d3, 0x7cd6, 0x5b85, 0x6d1e, 0x66b4, 0x8f3b, 0x964d,
    0x5ed3, 0x5140, 0x55c0, 0x585a, 0x6674, 0x51de, 0x732a, 0x76ca,
    0x793c, 0x795e, 0x7965, 0x798f, 0x9756, 0x7cbe, 0x8612, 0x8af8,
    0x9038, 0x90fd, 0x98ef, 0x98fc, 0x9928, 0x9db4, 0x90de, 0x96b7,
    0x4fae, 0x50e7, 0x514d, 0x52c9, 0x52e4, 0x5351, 0x559d, 0x5606,
    0x5668, 0x5840, 0x58a8, 0x5c64, 0x6094, 0x6168, 0x618e, 0x61f2,
    0x654f, 0x65e2, 0x6691, 0x6885, 0x6d77, 0x6e1a, 0x6f22, 0x716e,
    0x722b, 0x7422, 0x7891, 0x7949, 0x7948, 0x7950, 0x7956, 0x798d,
    0x798e, 0x7a40, 0x7a81, 0x7bc0, 0x7e09, 0x7e41, 0x7f72, 0x8005,
    0x81ed, 0x8279, 0x8457, 0x8910, 0x8996, 0x8b01, 0x8b39, 0x8cd3,
    0x8d08, 0x8fb6, 0x96e3, 0x97ff, 0x983b, 0x6075, 0x242ee, 0x8218,
    0x4e26, 0x51b5, 0x5168, 0x4f80, 0x5145, 0x5180, 0x52c7, 0x52fa,
    0x5555, 0x5599, 0x55e2, 0x58b3, 0x5944, 0x5954, 0x5a62, 0x5b28,
    0x5ed2, 0x5ed9, 0x5f69, 0x5fad, 0x60d8, 0x614e, 0x6108, 0x6160,
    0x6234, 0x63c4, 0x641c, 0x6452, 0x6556, 0x671b, 0x6756, 0x6edb,
    0x6ecb, 0x701e, 0x77a7, 0x7235, 0x72af, 0x7471, 0x7506, 0x753b,
    0x761d, 0x761f, 0x76db, 0x76f4, 0x774a, 0x7740, 0x78cc, 0x7ab1,
    0x7c7b, 0x7d5b, 0x7f3e, 0x8352, 0x83ef, 0x8779, 0x8941, 0x8986,
    0x8abf, 0x8acb, 0x8aed, 0x8b8a, 0x8f38, 0x9072, 0x9199, 0x9276,
    0x967c, 0x97db, 0x980b, 0x9b12, 0x2284a, 0x22844, 0x233d5, 0x3b9d,
    0x4018, 0x4039, 0x25249, 0x25cd0, 0x27ed3, 0x9f43, 0x9f8e, 0x66,
    0x66, 0x66, 0x69, 0x66, 0x6c, 0x66, 0x66, 0x69,
    0x66, 0x66, 0x6c, 0x73, 0x74, 0x574, 0x576, 0x574,
    0x565, 0x574, 0x56b, 0x57e, 0x576, 0x574, 0x56d, 0x5d9,
    0x5b4, 0x5f2, 0x5b7, 0x5e2, 0x5d4, 0x5db, 0x5dc, 0x5dd,
    0x5e8, 0x5ea, 0x5e9, 0x5c1, 0x5e9, 0x5c2, 0x5e9, 0x5bc,
    0x5c1, 0x5e9, 0x5bc, 0x5c2, 0x5d0, 0x5b7, 0x5d0, 0x5b8,
    0x5d0, 0x5bc, 0x5d1, 0x5bc, 0x5d2, 0x5bc, 0x5d3, 0x5bc,
    0x5d4, 0x5bc, 0x5d5, 0x5bc, 0x5d6, 0x5bc, 0x5d8, 0x5bc,
    0x5d9, 0x5bc, 0x5da, 0x5bc, 0x5db, 0x5bc, 0x5dc, 0x5bc,
    0x5de, 0x5bc, 0x5e0, 0x5bc, 0x5e1, 0x5bc, 0x5e3, 0x5bc,
    0x5e4, 0x5bc, 0x5e6, 0x5bc, 0x5e7, 0x5bc, 0x5e8, 0x5bc,
    0x5e9, 0x5bc, 0x5ea, 0x5bc, 0x5d5, 0x5b9, 0x5d1, 0x5bf,
    0x5db, 0x5bf, 0x5e4, 0x5bf, 0x5d0, 0x5dc, 0x671, 0x67b,
    0x67e, 0x680, 0x67a, 0x67f, 0x679, 0x6a4, 0x6a6, 0x684,
    0x683, 0x686, 0x687, 0x68d, 0x68c, 0x68e, 0x688, 0x698,
    0x691, 0x6a9, 0x6af, 0x6b3, 0x6b1, 0x6ba, 0x6bb, 0x6c1,
    0x6be, 0x6d2, 0x6ad, 0x6c7, 0x6c6, 0x6c8, 0x6cb, 0x6c5,
    0x6c9, 0x6d0, 0x649, 0x64a, 0x654, 0x627, 0x64a, 0x654,
    0x6d5, 0x64a, 0x654, 0x648, 0x64a, 0x654, 0x6c7, 0x64a,
    0x654, 0x6c6, 0x64a, 0x654, 0x6c8, 0x64a, 0x654, 0x6d0,
    0x64a, 0x654, 0x649, 0x6cc, 0x64a, 0x654, 0x62c, 0x64a,
    0x654, 0x62d, 0x64a, 0x654, 0x645, 0x64a, 0x654, 0x64a,
    0x628, 0x62c, 0x628, 0x62d, 0x628, 0x62e, 0x628, 0x645,
    0x628, 0x649, 0x628, 0x64a, 0x62a, 0x62c, 0x62a, 0x62d,
    0x62a, 0x62e, 0x62a, 0x645, 0x62a, 0x649, 0x62a, 0x64a,
    0x62b, 0x62c, 0x62b, 0x645, 0x62b, 0x649, 0x62b, 0x64a,
    0x62c, 0x62d, 0x62c, 0x645, 0x62d, 0x62c, 0x62d, 0x645,
    0x62e, 0x62c, 0x62e, 0x62d, 0x62e, 0x645, 0x633, 0x62c,
    0x633, 0x62d, 0x633, 0x62e, 0x633, 0x645, 0x635, 0x62d,
    0x635, 0x645, 0x636, 0x62c, 0x636, 0x62d, 0x636, 0x62e,
    0x636, 0x645, 0x637, 0x62d, 0x637, 0x645, 0x638, 0x645,
    0x639, 0x62c, 0x639, 0x645, 0x63a, 0x62c, 0x63a, 0x645,
    0x641, 0x62c, 0x641, 0x62d, 0x641, 0x62e, 0x641, 0x645,
    0x641, 0x649, 0x641, 0x64a, 0x642, 0x62d, 0x642, 0x645,
    0x642, 0x649, 0x642, 0x64a, 0x643, 0x627, 0x643, 0x62c,
    0x643, 0x62d, 0x643, 0x62e, 0x643, 0x644, 0x643, 0x645,
    0x643, 0x649, 0x643, 0x64a, 0x644, 0x62c, 0x644, 0x62d,
    0x644, 0x62e, 0x644, 0x645, 0x644, 0x649, 0x644, 0x64a,
    0x645, 0x62c, 0x645, 0x62d, 0x645, 0x62e, 0x645, 0x645,
    0x645, 0x649, 0x645, 0x64a, 0x646, 0x62c, 0x646, 0x62d,
    0x646, 0x62e, 0x646, 0x645, 0x646, 0x649, 0x646, 0x64a,
    0x647, 0x62c, 0x647, 0x645, 0x647, 0x649, 0x647, 0x64a,
    0x64a, 0x62c, 0x64a, 0x62d, 0x64a, 0x62e, 0x64a, 0x645,
    0x64a, 0x649, 0x64a, 0x64a, 0x630, 0x670, 0x631, 0x670,
    0x649, 0x670, 0x20, 0x64c, 0x651, 0x20, 0x64d, 0x651,
    0x20, 0x64e, 0x651, 0x20, 0x64f, 0x651, 0x20, 0x650,
    0x651, 0x20, 0x651, 0x670, 0x64a, 0x654, 0x631, 0x64a,
    0x654, 0x632, 0x64a, 0x654, 0x646, 0x628, 0x631, 0x628,
    0x632, 0x628, 0x646, 0x62a, 0x631, 0x62a, 0x632, 0x62a,
    0x646, 0x62b, 0x631, 0x62b, 0x632, 0x62b, 0x646, 0x645,
    0x627, 0x646, 0x631, 0x646, 0x632, 0x646, 0x646, 0x64a,
    0x631, 0x64a, 0x632, 0x64a, 0x646, 0x64a, 0x654, 0x62e,
    0x64a, 0x654, 0x647, 0x628, 0x647, 0x62a, 0x647, 0x635,
    0x62e, 0x644, 0x647, 0x646, 0x647, 0x647, 0x670, 0x64a,
    0x647, 0x62b, 0x647, 0x633, 0x647, 0x634, 0x645, 0x634,
    0x647, 0x640, 0x64e, 0x651, 0x640, 0x64f, 0x651, 0x640,
    0x650, 0x651, 0x637, 0x649, 0x637, 0x64a, 0x639, 0x649,
    0x639, 0x64a, 0x63a, 0x649, 0x63a, 0x64a, 0x633, 0x649,
    0x633, 0x64a, 0x634, 0x649, 0x634, 0x64a, 0x62d, 0x649,
    0x62d, 0x64a, 0x62c, 0x649, 0x62c, 0x64a, 0x62e, 0x649,
    0x62e, 0x64a, 0x635, 0x649, 0x635, 0x64a, 0x636, 0x649,
    0x636, 0x64a, 0x634, 0x62c, 0x634, 0x62d, 0x634, 0x62e,
    0x634, 0x631, 0x633, 0x631, 0x635, 0x631, 0x636, 0x631,
    0x627, 0x64b, 0x62a, 0x62c, 0x645, 0x62a, 0x62d, 0x62c,
    0x62a, 0x62d, 0x645, 0x62a, 0x62e, 0x645, 0x62a, 0x645,
    0x62c, 0x62a, 0x645, 0x62d, 0x62a, 0x645, 0x62e, 0x62c,
    0x645, 0x62d, 0x62d, 0x645, 0x64a, 0x62d, 0x645, 0x649,
    0x633, 0x62d, 0x62c, 0x633, 0x62c, 0x62d, 0x633, 0x62c,
    0x649, 0x633, 0x645, 0x62d, 0x633, 0x645, 0x62c, 0x633,
    0x645, 0x645, 0x635, 0x62d, 0x62d, 0x635, 0x645, 0x645,
    0x634, 0x62d, 0x645, 0x634, 0x62c, 0x64a, 0x634, 0x645,
    0x62e, 0x634, 0x645, 0x645, 0x636, 0x62d, 0x649, 0x636,
    0x62e, 0x645, 0x637, 0x645, 0x62d, 0x637, 0x645, 0x645,
    0x637, 0x645, 0x64a, 0x639, 0x62c, 0x645, 0x639, 0x645,
    0x645, 0x639, 0x645, 0x649, 0x63a, 0x645, 0x645, 0x63a,
    0x645, 0x64a, 0x63a, 0x645, 0x649, 0x641, 0x62e, 0x645,
    0x642, 0x645, 0x62d, 0x642, 0x645, 0x645, 0x644, 0x62d,
    0x645, 0x644, 0x62d, 0x64a, 0x644, 0x62d, 0x649, 0x644,
    0x62c, 0x62c, 0x644, 0x62e, 0x645, 0x644, 0x645, 0x62d,
    0x645, 0x62d, 0x62c, 0x645, 0x62d, 0x645, 0x645, 0x62d,
    0x64a, 0x645, 0x62c, 0x62d, 0x645, 0x62c, 0x645, 0x645,
    0x62e, 0x62c, 0x645, 0x62e, 0x645, 0x645, 0x62c, 0x62e,
    0x647, 0x645, 0x62c, 0x647, 0x645, 0x645, 0x646, 0x62d,
    0x645, 0x646, 0x62d, 0x649, 0x646, 0x62c, 0x645, 0x646,
    0x62c, 0x649, 0x646, 0x645, 0x64a, 0x646, 0x645, 0x649,
    0x64a, 0x645, 0x645, 0x628, 0x62e, 0x64a, 0x62a, 0x62c,
    0x64a, 0x62a, 0x62c, 0x649, 0x62a, 0x62e, 0x64a, 0x62a,
    0x62e, 0x649, 0x62a, 0x645, 0x64a, 0x62a, 0x645, 0x649,
    0x62c, 0x645, 0x64a, 0x62c, 0x62d, 0x649, 0x62c, 0x645,
    0x649, 0x633, 0x62e, 0x649, 0x635, 0x62d, 0x64a, 0x634,
    0x62d, 0x64a, 0x636, 0x62d, 0x64a, 0x644, 0x62c, 0x64a,
    0x644, 0x645, 0x64a, 0x64a, 0x62d, 0x64a, 0x64a, 0x62c,
    0x64a, 0x64a, 0x645, 0x64a, 0x645, 0x645, 0x64a, 0x642,
    0x645, 0x64a, 0x646, 0x62d, 0x64a, 0x639, 0x645, 0x64a,
    0x643, 0x645, 0x64a, 0x646, 0x62c, 0x62d, 0x645, 0x62e,
    0x64a, 0x644, 0x62c, 0x645, 0x643, 0x645, 0x645, 0x62c,
    0x62d, 0x64a, 0x62d, 0x62c, 0x64a, 0x645, 0x62c, 0x64a,
    0x641, 0x645, 0x64a, 0x628, 0x62d, 0x64a, 0x633, 0x62e,
    0x64a, 0x646, 0x62c, 0x64a, 0x635, 0x644, 0x6d2, 0x642,
    0x644, 0x6d2, 0x627, 0x644, 0x644, 0x647, 0x627, 0x643,
    0x628, 0x631, 0x645, 0x62d, 0x645, 0x62f, 0x635, 0x644,
    0x639, 0x645, 0x631, 0x633, 0x648, 0x644, 0x639, 0x644,
    0x64a, 0x647, 0x648, 0x633, 0x644, 0x645, 0x635, 0x644,
    0x649, 0x635, 0x644, 0x649, 0x20, 0x627, 0x644, 0x644,
    0x647, 0x20, 0x639, 0x644, 0x64a, 0x647, 0x20, 0x648,
    0x633, 0x644, 0x645, 0x62c, 0x644, 0x20, 0x62c, 0x644,
    0x627, 0x644, 0x647, 0x631, 0x6cc, 0x627, 0x644, 0x2c,
    0x3001, 0x3002, 0x3a, 0x21, 0x3f, 0x3016, 0x3017, 0x2014,
    0x2013, 0x5f, 0x7b, 0x7d, 0x3014, 0x3015, 0x3010, 0x3011,
    0x300a, 0x300b, 0x300c, 0x300d, 0x300e, 0x300f, 0x5b, 0x5d,
    0x23, 0x26, 0x2a, 0x2d, 0x3c, 0x3e, 0x5c, 0x24,
    0x25, 0x40, 0x20, 0x64b, 0x640, 0x64b, 0x20, 0x64c,
    0x20, 0x64d, 0x20, 0x64e, 0x640, 0x64e, 0x20, 0x64f,
    0x640, 0x64f, 0x20, 0x650, 0x640, 0x650, 0x20, 0x651,
    0x640, 0x651, 0x20, 0x652, 0x640, 0x652, 0x621, 0x627,
    0x628, 0x629, 0x62a, 0x62b, 0x62c, 0x62d, 0x62e, 0x62f,
    0x630, 0x631, 0x632, 0x633, 0x634, 0x635, 0x636, 0x637,
    0x638, 0x639, 0x63a, 0x641, 0x642, 0x643, 0x644, 0x645,
    0x646, 0x647, 0x648, 0x64a, 0x644, 0x627, 0x653, 0x644,
    0x627, 0x654, 0x644, 0x627, 0x655, 0x644, 0x627, 0x22,
    0x27, 0x2f, 0x5e, 0x7c, 0x7e, 0x2985, 0x2986, 0x30fb,
    0x30a1, 0x30a3, 0x30a5, 0x30a7, 0x30a9, 0x30e3, 0x30e5, 0x30e7,
    0x30c3, 0x30fc, 0x30f3, 0x3099, 0x309a, 0xa2, 0xa3, 0xac,
    0xa6, 0xa5, 0x20a9, 0x2502, 0x2190, 0x2191, 0x2192, 0x2193,
    0x25a0, 0x25cb, 0x105d2, 0x307, 0x105da, 0x307, 0x2d0, 0x2d1,
    0xe6, 0x299, 0x253, 0x2a3, 0xab66, 0x2a5, 0x2a4, 0x256,
    0x257, 0x1d91, 0x258, 0x25e, 0x2a9, 0x264, 0x262, 0x260,
    0x29b, 0x29c, 0x267, 0x284, 0x2aa, 0x2ab, 0x26c, 0x1df04,
    0xa78e, 0x26e, 0x1df05, 0x28e, 0x1df06, 0xf8, 0x276, 0x277,
    0x27a, 0x1df08, 0x27d, 0x27e, 0x280, 0x2a8, 0x2a6, 0xab67,
    0x2a7, 0x288, 0x2c71, 0x28f, 0x2a1, 0x2a2, 0x298, 0x1c0,
    0x1c1, 0x1c2, 0x1df0a, 0x1df1e, 0x287, 0x296, 0x297, 0x29e,
    0x1df0b, 0x11099, 0x110ba, 0x1109b, 0x110ba, 0x110a5, 0x110ba, 0x11131,
    0x11127, 0x11132, 0x11127, 0x11347, 0x1133e, 0x11347, 0x11357, 0x11382,
    0x113c9, 0x11384, 0x113bb, 0x1138b, 0x113c2, 0x11390, 0x113c9, 0x113c2,
    0x113c2, 0x113c2, 0x113b8, 0x113c2, 0x113c9, 0x114b9, 0x114ba, 0x114b9,
    0x114b0, 0x114b9, 0x114bd, 0x115b8, 0x115af, 0x115b9, 0x115af, 0x11935,
    0x11930, 0x1611e, 0x1611e, 0x1611e, 0x16129, 0x1611e, 0x1611f, 0x16129,
    0x1611f, 0x1611e, 0x16120, 0x1611e, 0x1611e, 0x1611f, 0x1611e, 0x16129,
    0x1611f, 0x1611e, 0x1611e, 0x16120, 0x16d67, 0x16d67, 0x16d63, 0x16d67,
    0x16d63, 0x16d67, 0x16d67, 0x3053, 0x3068, 0x30c8, 0x30ad, 0x30c8,
    0x30c6, 0x30e8, 0x30ea, 0x1d157, 0x1d165, 0x1d158, 0x1d165, 0x1d158,
    0x1d165, 0x1d16e, 0x1d158, 0x1d165, 0x1d16f, 0x1d158, 0x1d165, 0x1d170,
    0x1d158, 0x1d165, 0x1d171, 0x1d158, 0x1d165, 0x1d172, 0x1d1b9, 0x1d165,
    0x1d1ba, 0x1d165, 0x1d1b9, 0x1d165, 0x1d16e, 0x1d1ba, 0x1d165, 0x1d16e,
    0x1d1b9, 0x1d165, 0x1d16f, 0x1d1ba, 0x1d165, 0x1d16f, 0x131, 0x237,
    0xdf, 0x391, 0x392, 0x394, 0x395, 0x396, 0x397, 0x399,
    0x39a, 0x39b, 0x39c, 0x39d, 0x39e, 0x39f, 0x3a1, 0x3a4,
    0x3a6, 0x3a7, 0x3a8, 0x2207, 0x3b1, 0x3b6, 0x3b7, 0x3bb,
    0x3bd, 0x3be, 0x3bf, 0x3c3, 0x3c4, 0x3c5, 0x3c8, 0x3c9,
    0x2202, 0x3dc, 0x3dd, 0x1df57, 0x1df58, 0x1df59, 0x1d18, 0x180,
    0x111, 0x1e5, 0x142, 0x19a, 0x1df50, 0x1df3e, 0x249, 0x1d7f,
    0x1df3f, 0x19e, 0x27c, 0x238, 0x239, 0x1df2b, 0x1df19, 0x286,
    0x1d98, 0x1df2c, 0x1df1c, 0x293, 0x1d9a, 0x1d05, 0x1d00, 0x1d07,
    0x27f, 0x285, 0x2ae, 0x2af, 0x221, 0x234, 0x235, 0x236,
    0x1d81, 0xa795, 0x1d87, 0x1d8a, 0x1d8e, 0x188, 0x199, 0x1a5,
    0x2a0, 0x1ad, 0x1df09, 0x430, 0x431, 0x432, 0x433, 0x434,
    0x435, 0x436, 0x437, 0x438, 0x43a, 0x43b, 0x43c, 0x43e,
    0x43f, 0x440, 0x441, 0x442, 0x443, 0x444, 0x445, 0x446,
    0x447, 0x448, 0x44b, 0x44d, 0x44e, 0xa689, 0x4d9, 0x456,
    0x458, 0x4e9, 0x4af, 0x4cf, 0x491, 0x455, 0x45f, 0x4ab,
    0xa651, 0x4b1, 0x66e, 0x6a1, 0x66f, 0x30, 0x2e, 0x30,
    0x2c, 0x31, 0x2c, 0x32, 0x2c, 0x33, 0x2c, 0x34,
    0x2c, 0x35, 0x2c, 0x36, 0x2c, 0x37, 0x2c, 0x38,
    0x2c, 0x39, 0x2c, 0x28, 0x41, 0x29, 0x28, 0x42,
    0x29, 0x28, 0x43, 0x29, 0x28, 0x44, 0x29, 0x28,
    0x45, 0x29, 0x28, 0x46, 0x29, 0x28, 0x47, 0x29,
    0x28, 0x48, 0x29, 0x28, 0x49, 0x29, 0x28, 0x4a,
    0x29, 0x28, 0x4b, 0x29, 0x28, 0x4c, 0x29, 0x28,
    0x4d, 0x29, 0x28, 0x4e, 0x29, 0x28, 0x4f, 0x29,
    0x28, 0x50, 0x29, 0x28, 0x51, 0x29, 0x28, 0x52,
    0x29, 0x28, 0x53, 0x29, 0x28, 0x54, 0x29, 0x28,
    0x55, 0x29, 0x28, 0x56, 0x29, 0x28, 0x57, 0x29,
    0x28, 0x58, 0x29, 0x28, 0x59, 0x29, 0x28, 0x5a,
    0x29, 0x3014, 0x53, 0x3015, 0x43, 0x44, 0x57, 0x5a,
    0x48, 0x56, 0x53, 0x44, 0x53, 0x53, 0x50, 0x50,
    0x56, 0x57, 0x43, 0x4d, 0x43, 0x4d, 0x44, 0x4d,
    0x52, 0x44, 0x4a, 0x307b, 0x304b, 0x30b3, 0x30b3, 0x5b57,
    0x53cc, 0x591a, 0x89e3, 0x4ea4, 0x6620, 0x7121, 0x524d, 0x5f8c,
    0x518d, 0x65b0, 0x521d, 0x7d42, 0x8ca9, 0x58f0, 0x5439, 0x6f14,
    0x6295, 0x6355, 0x904a, 0x6307, 0x6253, 0x7981, 0x7a7a, 0x5408,
    0x6e80, 0x7533, 0x5272, 0x55b6, 0x914d, 0x3014, 0x672c, 0x3015,
    0x3014, 0x4e09, 0x3015, 0x3014, 0x4e8c, 0x3015, 0x3014, 0x5b89,
    0x3015, 0x3014, 0x70b9, 0x3015, 0x3014, 0x6253, 0x3015, 0x3014,
    0x76d7, 0x3015, 0x3014, 0x52dd, 0x3015, 0x3014, 0x6557, 0x3015,
    0x5f97, 0x53ef, 0x4e3d, 0x4e38, 0x4e41, 0x20122, 0x4f60, 0x4fbb,
    0x5002, 0x507a, 0x5099, 0x50cf, 0x349e, 0x2063a, 0x5154, 0x5164,
    0x5177, 0x2051c, 0x34b9, 0x5167, 0x2054b, 0x5197, 0x51a4, 0x4ecc,
    0x51ac, 0x291df, 0x5203, 0x34df, 0x523b, 0x5246, 0x5277, 0x3515,
    0x5305, 0x5306, 0x5349, 0x535a, 0x5373, 0x537d, 0x537f, 0x20a2c,
    0x7070, 0x53ca, 0x53df, 0x20b63, 0x53eb, 0x53f1, 0x5406, 0x549e,
    0x5438, 0x5448, 0x5468, 0x54a2, 0x54f6, 0x5510, 0x5553, 0x5563,
    0x5584, 0x55ab, 0x55b3, 0x55c2, 0x5716, 0x5717, 0x5651, 0x5674,
    0x58ee, 0x57ce, 0x57f4, 0x580d, 0x578b, 0x5832, 0x5831, 0x58ac,
    0x214e4, 0x58f2, 0x58f7, 0x5906, 0x5922, 0x5962, 0x216a8, 0x216ea,
    0x59ec, 0x5a1b, 0x5a27, 0x59d8, 0x5a66, 0x36ee, 0x36fc, 0x5b08,
    0x5b3e, 0x219c8, 0x5bc3, 0x5bd8, 0x5bf3, 0x21b18, 0x5bff, 0x5c06,
    0x5f53, 0x3781, 0x5c60, 0x5cc0, 0x5c8d, 0x21de4, 0x5d43, 0x21de6,
    0x5d6e, 0x5d6b, 0x5d7c, 0x5de1, 0x5de2, 0x382f, 0x5dfd, 0x5e28,
    0x5e3d, 0x5e69, 0x3862, 0x22183, 0x387c, 0x5eb0, 0x5eb3, 0x5eb6,
    0x2a392, 0x22331, 0x8201, 0x5f22, 0x38c7, 0x232b8, 0x261da, 0x5f62,
    0x5f6b, 0x38e3, 0x5f9a, 0x5fcd, 0x5fd7, 0x5ff9, 0x6081, 0x393a,
    0x391c, 0x226d4, 0x60c7, 0x6148, 0x614c, 0x617a, 0x61b2, 0x61a4,
    0x61af, 0x61de, 0x6210, 0x621b, 0x625d, 0x62b1, 0x62d4, 0x6350,
    0x22b0c, 0x633d, 0x62fc, 0x6368, 0x6383, 0x63e4, 0x22bf1, 0x6422,
    0x63c5, 0x63a9, 0x3a2e, 0x6469, 0x647e, 0x649d, 0x6477, 0x3a6c,
    0x656c, 0x2300a, 0x65e3, 0x66f8, 0x6649, 0x3b19, 0x3b08, 0x3ae4,
    0x5192, 0x5195, 0x6700, 0x669c, 0x80ad, 0x43d9, 0x6721, 0x675e,
    0x6753, 0x233c3, 0x3b49, 0x67fa, 0x6785, 0x6852, 0x2346d, 0x688e,
    0x681f, 0x6914, 0x6942, 0x69a3, 0x69ea, 0x6aa8, 0x236a3, 0x6adb,
    0x3c18, 0x6b21, 0x238a7, 0x6b54, 0x3c4e, 0x6b72, 0x6b9f, 0x6bbb,
    0x23a8d, 0x21d0b, 0x23afa, 0x6c4e, 0x23cbc, 0x6cbf, 0x6ccd, 0x6c67,
    0x6d16, 0x6d3e, 0x6d69, 0x6d78, 0x6d85, 0x23d1e, 0x6d34, 0x6e2f,
    0x6e6e, 0x3d33, 0x6ec7, 0x23ed1, 0x6df9, 0x6f6e, 0x23f5e, 0x23f8e,
    0x6fc6, 0x7039, 0x701b, 0x3d96, 0x704a, 0x707d, 0x7077, 0x70ad,
    0x20525, 0x7145, 0x24263, 0x719c, 0x243ab, 0x7228, 0x7250, 0x24608,
    0x7280, 0x7295, 0x24735, 0x24814, 0x737a, 0x738b, 0x3eac, 0x73a5,
    0x3eb8, 0x7447, 0x745c, 0x7485, 0x74ca, 0x3f1b, 0x7524, 0x24c36,
    0x753e, 0x24c92, 0x2219f, 0x7610, 0x24fa1, 0x24fb8, 0x25044, 0x3ffc,
    0x4008, 0x250f3, 0x250f2, 0x25119, 0x25133, 0x771e, 0x771f, 0x778b,
    0x4046, 0x4096, 0x2541d, 0x784e, 0x40e3, 0x25626, 0x2569a, 0x256c5,
    0x79eb, 0x412f, 0x7a4a, 0x7a4f, 0x2597c, 0x25aa7, 0x7aee, 0x4202,
    0x25bab, 0x7bc6, 0x7bc9, 0x4227, 0x25c80, 0x7cd2, 0x42a0, 0x7ce8,
    0x7ce3, 0x7d00, 0x25f86, 0x7d63, 0x4301, 0x7dc7, 0x7e02, 0x7e45,
    0x4334, 0x26228, 0x26247, 0x4359, 0x262d9, 0x7f7a, 0x2633e, 0x7f95,
    0x7ffa, 0x264da, 0x26523, 0x8060, 0x265a8, 0x8070, 0x2335f, 0x43d5,
    0x80b2, 0x8103, 0x440b, 0x813e, 0x5ab5, 0x267a7, 0x267b5, 0x23393,
    0x2339c, 0x8204, 0x8f9e, 0x446b, 0x8291, 0x828b, 0x829d, 0x52b3,
    0x82b1, 0x82b3, 0x82bd, 0x82e6, 0x26b3c, 0x831d, 0x8363, 0x83ad,
    0x8323, 0x83bd, 0x83e7, 0x8353, 0x83ca, 0x83cc, 0x83dc, 0x26c36,
    0x26d6b, 0x26cd5, 0x452b, 0x84f1, 0x84f3, 0x8516, 0x273ca, 0x8564,
    0x26f2c, 0x455d, 0x4561, 0x26fb1, 0x270d2, 0x456b, 0x8650, 0x8667,
    0x8669, 0x86a9, 0x8688, 0x870e, 0x86e2, 0x8728, 0x876b, 0x8786,
    0x45d7, 0x87e1, 0x8801, 0x45f9, 0x8860, 0x27667, 0x88d7, 0x88de,
    0x4635, 0x88fa, 0x34bb, 0x278ae, 0x27966, 0x46be, 0x46c7, 0x8aa0,
    0x27ca8, 0x8cab, 0x8cc1, 0x8d1b, 0x8d77, 0x27f2f, 0x20804, 0x8dcb,
    0x8dbc, 0x8df0, 0x208de, 0x8ed4, 0x285d2, 0x285ed, 0x9094, 0x90f1,
    0x9111, 0x2872e, 0x911b, 0x9238, 0x92d7, 0x92d8, 0x927c, 0x93f9,
    0x9415, 0x28bfa, 0x958b, 0x4995, 0x95b7, 0x28d77, 0x49e6, 0x96c3,
    0x5db2, 0x9723, 0x29145, 0x2921a, 0x4a6e, 0x4a76, 0x97e0, 0x2940a,
    0x4ab2, 0x29496, 0x9829, 0x295b6, 0x98e2, 0x4b33, 0x9929, 0x99a7,
    0x99c2, 0x99fe, 0x4bce, 0x29b30, 0x9c40, 0x9cfd, 0x4cce, 0x4ced,
    0x9d67, 0x2a0ce, 0x4cf8, 0x2a105, 0x2a20e, 0x2a291, 0x4d56, 0x9efe,
    0x9f05, 0x9f0f, 0x9f16, 0x2a600,
};

static const NormalizationMapping normalizationMappings[] = {
    {0xa0, 0, 0, 0, 1},
    {0xa8, 0, 1, 0, 2},
    {0xaa, 0, 3, 0, 1},
    {0xaf, 0, 4, 0, 2},
    {0xb2, 0, 6, 0, 1},
    {0xb3, 0, 7, 0, 1},
    {0xb4, 0, 8, 0, 2},
    {0xb5, 0, 10, 0, 1},
    {0xb8, 0, 11, 0, 2},
    {0xb9, 0, 13, 0, 1},
    {0xba, 0, 14, 0, 1},
    {0xbc, 0, 15, 0, 3},
    {0xbd, 0, 18, 0, 3},
    {0xbe, 0, 21, 0, 3},
    {0xc0, 24, 24, 2, 2},
    {0xc1, 26, 26, 2, 2},
    {0xc2, 28, 28, 2, 2},
    {0xc3, 30, 30, 2, 2},
    {0xc4, 32, 32, 2, 2},
    {0xc5, 34, 34, 2, 2},
    {0xc7, 36, 36, 2, 2},
    {0xc8, 38, 38, 2, 2},
    {0xc9, 40, 40, 2, 2},
    {0xca, 42, 42, 2, 2},
    {0xcb, 44, 44, 2, 2},
    {0xcc, 46, 46, 2, 2},
    {0xcd, 48, 48, 2, 2},
    {0xce, 50, 50, 2, 2},
    {0xcf, 52, 52, 2, 2},
    {0xd1, 54, 54, 2, 2},
    {0xd2, 56, 56, 2, 2},
    {0xd3, 58, 58, 2, 2},
    {0xd4, 60, 60, 2, 2},
    {0xd5, 62, 62, 2, 2},
    {0xd6, 64, 64, 2, 2},
    {0xd9, 66, 66, 2, 2},
    {0xda, 68, 68, 2, 2},
    {0xdb, 70, 70, 2, 2},
    {0xdc, 72, 72, 2, 2},
    {0xdd, 74, 74, 2, 2},
    {0xe0, 76, 76, 2, 2},
    {0xe1, 78, 78, 2, 2},
    {0xe2, 80, 80, 2, 2},
    {0xe3, 82, 82, 2, 2},
    {0xe4, 84, 84, 2, 2},
    {0xe5, 86, 86, 2, 2},
    {0xe7, 88, 88, 2, 2},
    {0xe8, 90, 90, 2, 2},
    {0xe9, 92, 92, 2, 2},
    {0xea, 94, 94, 2, 2},
    {0xeb, 96, 96, 2, 2},
    {0xec, 98, 98, 2, 2},
    {0xed, 100, 100, 2, 2},
    {0xee, 102, 102, 2, 2},
    {0xef, 104, 104, 2, 2},
    {0xf1, 106, 106, 2, 2},
    {0xf2, 108, 108, 2, 2},
    {0xf3, 110, 110, 2, 2},
    {0xf4, 112, 112, 2, 2},
    {0xf5, 114, 114, 2, 2},
    {0xf6, 116, 116, 2, 2},
    {0xf9, 118, 118, 2, 2},
    {0xfa, 120, 120, 2, 2},
    {0xfb, 122, 122, 2, 2},
    {0xfc, 124, 124, 2, 2},
    {0xfd, 126, 126, 2, 2},
    {0xff, 128, 128, 2, 2},
    {0x100, 130, 130, 2, 2},
    {0x101, 132, 132, 2, 2},
    {0x102, 134, 134, 2, 2},
    {0x103, 136, 136, 2, 2},
    {0x104, 138, 138, 2, 2},
    {0x105, 140, 140, 2, 2},
    {0x106, 142, 142, 2, 2},
    {0x107, 144, 144, 2, 2},
    {0x108, 146, 146, 2, 2},
    {0x109, 148, 148, 2, 2},
    {0x10a, 150, 150, 2, 2},
    {0x10b, 152, 152, 2, 2},
    {0x10c, 154, 154, 2, 2},
    {0x10d, 156, 156, 2, 2},
    {0x10e, 158, 158, 2, 2},
    {0x10f, 160, 160, 2, 2},
    {0x112, 162, 162, 2, 2},
    {0x113, 164, 164, 2, 2},
    {0x114, 166, 166, 2, 2},
    {0x115, 168, 168, 2, 2},
    {0x116, 170, 170, 2, 2},
    {0x117, 172, 172, 2, 2},
    {0x118, 174, 174, 2, 2},
    {0x119, 176, 176, 2, 2},
    {0x11a, 178, 178, 2, 2},
    {0x11b, 180, 180, 2, 2},
    {0x11c, 182, 182, 2, 2},
    {0x11d, 184, 184, 2, 2},
    {0x11e, 186, 186, 2, 2},
    {0x11f, 188, 188, 2, 2},
    {0x120, 190, 190, 2, 2},
    {0x121, 192, 192, 2, 2},
    {0x122, 194, 194, 2, 2},
    {0x123, 196, 196, 2, 2},
    {0x124, 198, 198, 2, 2},
    {0x125, 200, 200, 2, 2},
    {0x128, 202, 202, 2, 2},
    {0x129, 204, 204, 2, 2},
    {0x12a, 206, 206, 2, 2},
    {0x12b, 208, 208, 2, 2},
    {0x12c, 210, 210, 2, 2},
    {0x12d, 212, 212, 2, 2},
    {0x12e, 214, 214, 2, 2},
    {0x12f, 216, 216, 2, 2},
    {0x130, 218, 218, 2, 2},
    {0x132, 0, 220, 0, 2},
    {0x133, 0, 222, 0, 2},
    {0x134, 224, 224, 2, 2},
    {0x135, 226, 226, 2, 2},
    {0x136, 228, 228, 2, 2},
    {0x137, 230, 230, 2, 2},
    {0x139, 232, 232, 2, 2},
    {0x13a, 234, 234, 2, 2},
    {0x13b, 236, 236, 2, 2},
    {0x13c, 238, 238, 2, 2},
    {0x13d, 240, 240, 2, 2},
    {0x13e, 242, 242, 2, 2},
    {0x13f, 0, 244, 0, 2},
    {0x140, 0, 246, 0, 2},
    {0x143, 248, 248, 2, 2},
    {0x144, 250, 250, 2, 2},
    {0x145, 252, 252, 2, 2},
    {0x146, 254, 254, 2, 2},
    {0x147, 256, 256, 2, 2},
    {0x148, 258, 258, 2, 2},
    {0x149, 0, 260, 0, 2},
    {0x14c, 262, 262, 2, 2},
    {0x14d, 264, 264, 2, 2},
    {0x14e, 266, 266, 2, 2},
    {0x14f, 268, 268, 2, 2},
    {0x150, 270, 270, 2, 2},
    {0x151, 272, 272, 2, 2},
    {0x154, 274, 274, 2, 2},
    {0x155, 276, 276, 2, 2},
    {0x156, 278, 278, 2, 2},
    {0x157, 280, 280, 2, 2},
    {0x158, 282, 282, 2, 2},
    {0x159, 284, 284, 2, 2},
    {0x15a, 286, 286, 2, 2},
    {0x15b, 288, 288, 2, 2},
    {0x15c, 290, 290, 2, 2},
    {0x15d, 292, 292, 2, 2},
    {0x15e, 294, 294, 2, 2},
    {0x15f, 296, 296, 2, 2},
    {0x160, 298, 298, 2, 2},
    {0x161, 300, 300, 2, 2},
    {0x162, 302, 302, 2, 2},
    {0x163, 304, 304, 2, 2},
    {0x164, 306, 306, 2, 2},
    {0x165, 308, 308, 2, 2},
    {0x168, 310, 310, 2, 2},
    {0x169, 312, 312, 2, 2},
    {0x16a, 314, 314, 2, 2},
    {0x16b, 316, 316, 2, 2},
    {0x16c, 318, 318, 2, 2},
    {0x16d, 320, 320, 2, 2},
    {0x16e, 322, 322, 2, 2},
    {0x16f, 324, 324, 2, 2},
    {0x170, 326, 326, 2, 2},
    {0x171, 328, 328, 2, 2},
    {0x172, 330, 330, 2, 2},
    {0x173, 332, 332, 2, 2},
    {0x174, 334, 334, 2, 2},
    {0x175, 336, 336, 2, 2},
    {0x176, 338, 338, 2, 2},
    {0x177, 340, 340, 2, 2},
    {0x178, 342, 342, 2, 2},
    {0x179, 344, 344, 2, 2},
    {0x17a, 346, 346, 2, 2},
    {0x17b, 348, 348, 2, 2},
    {0x17c, 350, 350, 2, 2},
    {0x17d, 352, 352, 2, 2},
    {0x17e, 354, 354, 2, 2},
    {0x17f, 0, 356, 0, 1},
    {0x1a0, 357, 357, 2, 2},
    {0x1a1, 359, 359, 2, 2},
    {0x1af, 361, 361, 2, 2},
    {0x1b0, 363, 363, 2, 2},
    {0x1c4, 0, 365, 0, 3},
    {0x1c5, 0, 368, 0, 3},
    {0x1c6, 0, 371, 0, 3},
    {0x1c7, 0, 374, 0, 2},
    {0x1c8, 0, 376, 0, 2},
    {0x1c9, 0, 378, 0, 2},
    {0x1ca, 0, 380, 0, 2},
    {0x1cb, 0, 382, 0, 2},
    {0x1cc, 0, 384, 0, 2},
    {0x1cd, 386, 386, 2, 2},
    {0x1ce, 388, 388, 2, 2},
    {0x1cf, 390, 390, 2, 2},
    {0x1d0, 392, 392, 2, 2},
    {0x1d1, 394, 394, 2, 2},
    {0x1d2, 396, 396, 2, 2},
    {0x1d3, 398, 398, 2, 2},
    {0x1d4, 400, 400, 2, 2},
    {0x1d5, 402, 402, 3, 3},
    {0x1d6, 405, 405, 3, 3},
    {0x1d7, 408, 408, 3, 3},
    {0x1d8, 411, 411, 3, 3},
    {0x1d9, 414, 414, 3, 3},
    {0x1da, 417, 417, 3, 3},
    {0x1db, 420, 420, 3, 3},
    {0x1dc, 423, 423, 3, 3},
    {0x1de, 426, 426, 3, 3},
    {0x1df, 429, 429, 3, 3},
    {0x1e0, 432, 432, 3, 3},
    {0x1e1, 435, 435, 3, 3},
    {0x1e2, 438, 438, 2, 2},
    {0x1e3, 440, 440, 2, 2},
    {0x1e6, 442, 442, 2, 2},
    {0x1e7, 444, 444, 2, 2},
    {0x1e8, 446, 446, 2, 2},
    {0x1e9, 448, 448, 2, 2},
    {0x1ea, 450, 450, 2, 2},
    {0x1eb, 452, 452, 2, 2},
    {0x1ec, 454, 454, 3, 3},
    {0x1ed, 457, 457, 3, 3},
    {0x1ee, 460, 460, 2, 2},
    {0x1ef, 462, 462, 2, 2},
    {0x1f0, 464, 464, 2, 2},
    {0x1f1, 0, 466, 0, 2},
    {0x1f2, 0, 468, 0, 2},
    {0x1f3, 0, 470, 0, 2},
    {0x1f4, 472, 472, 2, 2},
    {0x1f5, 474, 474, 2, 2},
    {0x1f8, 476, 476, 2, 2},
    {0x1f9, 478, 478, 2, 2},
    {0x1fa, 480, 480, 3, 3},
    {0x1fb, 483, 483, 3, 3},
    {0x1fc, 486, 486, 2, 2},
    {0x1fd, 488, 488, 2, 2},
    {0x1fe, 490, 490, 2, 2},
    {0x1ff, 492, 492, 2, 2},
    {0x200, 494, 494, 2, 2},
    {0x201, 496, 496, 2, 2},
    {0x202, 498, 498, 2, 2},
    {0x203, 500, 500, 2, 2},
    {0x204, 502, 502, 2, 2},
    {0x205, 504, 504, 2, 2},
    {0x206, 506, 506, 2, 2},
    {0x207, 508, 508, 2, 2},
    {0x208, 510, 510, 2, 2},
    {0x209, 512, 512, 2, 2},
    {0x20a, 514, 514, 2, 2},
    {0x20b, 516, 516, 2, 2},
    {0x20c, 518, 518, 2, 2},
    {0x20d, 520, 520, 2, 2},
    {0x20e, 522, 522, 2, 2},
    {0x20f, 524, 524, 2, 2},
    {0x210, 526, 526, 2, 2},
    {0x211, 528, 528, 2, 2},
    {0x212, 530, 530, 2, 2},
    {0x213, 532, 532, 2, 2},
    {0x214, 534, 534, 2, 2},
    {0x215, 536, 536, 2, 2},
    {0x216, 538, 538, 2, 2},
    {0x217, 540, 540, 2, 2},
    {0x218, 542, 542, 2, 2},
    {0x219, 544, 544, 2, 2},
    {0x21a, 546, 546, 2, 2},
    {0x21b, 548, 548, 2, 2},
    {0x21e, 550, 550, 2, 2},
    {0x21f, 552, 552, 2, 2},
    {0x226, 554, 554, 2, 2},
    {0x227, 556, 556, 2, 2},
    {0x228, 558, 558, 2, 2},
    {0x229, 560, 560, 2, 2},
    {0x22a, 562, 562, 3, 3},
    {0x22b, 565, 565, 3, 3},
    {0x22c, 568, 568, 3, 3},
    {0x22d, 571, 571, 3, 3},
    {0x22e, 574, 574, 2, 2},
    {0x22f, 576, 576, 2, 2},
    {0x230, 578, 578, 3, 3},
    {0x231, 581, 581, 3, 3},
    {0x232, 584, 584, 2, 2},
    {0x233, 586, 586, 2, 2},
    {0x2b0, 0, 588, 0, 1},
    {0x2b1, 0, 589, 0, 1},
    {0x2b2, 0, 590, 0, 1},
    {0x2b3, 0, 591, 0, 1},
    {0x2b4, 0, 592, 0, 1},
    {0x2b5, 0, 593, 0, 1},
    {0x2b6, 0, 594, 0, 1},
    {0x2b7, 0, 595, 0, 1},
    {0x2b8, 0, 596, 0, 1},
    {0x2d8, 0, 597, 0, 2},
    {0x2d9, 0, 599, 0, 2},
    {0x2da, 0, 601, 0, 2},
    {0x2db, 0, 603, 0, 2},
    {0x2dc, 0, 605, 0, 2},
    {0x2dd, 0, 607, 0, 2},
    {0x2e0, 0, 609, 0, 1},
    {0x2e1, 0, 610, 0, 1},
    {0x2e2, 0, 356, 0, 1},
    {0x2e3, 0, 611, 0, 1},
    {0x2e4, 0, 612, 0, 1},
    {0x340, 613, 613, 1, 1},
    {0x341, 614, 614, 1, 1},
    {0x343, 615, 615, 1, 1},
    {0x344, 616, 616, 2, 2},
    {0x374, 618, 618, 1, 1},
    {0x37a, 0, 619, 0, 2},
    {0x37e, 621, 621, 1, 1},
    {0x384, 0, 8, 0, 2},
    {0x385, 622, 624, 2, 3},
    {0x386, 627, 627, 2, 2},
    {0x387, 629, 629, 1, 1},
    {0x388, 630, 630, 2, 2},
    {0x389, 632, 632, 2, 2},
    {0x38a, 634, 634, 2, 2},
    {0x38c, 636, 636, 2, 2},
    {0x38e, 638, 638, 2, 2},
    {0x38f, 640, 640, 2, 2},
    {0x390, 642, 642, 3, 3},
    {0x3aa, 645, 645, 2, 2},
    {0x3ab, 647, 647, 2, 2},
    {0x3ac, 649, 649, 2, 2},
    {0x3ad, 651, 651, 2, 2},
    {0x3ae, 653, 653, 2, 2},
    {0x3af, 655, 655, 2, 2},
    {0x3b0, 657, 657, 3, 3},
    {0x3ca, 660, 660, 2, 2},
    {0x3cb, 662, 662, 2, 2},
    {0x3cc, 664, 664, 2, 2},
    {0x3cd, 666, 666, 2, 2},
    {0x3ce, 668, 668, 2, 2},
    {0x3d0, 0, 670, 0, 1},
    {0x3d1, 0, 671, 0, 1},
    {0x3d2, 0, 672, 0, 1},
    {0x3d3, 673, 638, 2, 2},
    {0x3d4, 675, 647, 2, 2},
    {0x3d5, 0, 677, 0, 1},
    {0x3d6, 0, 678, 0, 1},
    {0x3f0, 0, 679, 0, 1},
    {0x3f1, 0, 680, 0, 1},
    {0x3f2, 0, 681, 0, 1},
    {0x3f4, 0, 682, 0, 1},
    {0x3f5, 0, 683, 0, 1},
    {0x3f9, 0, 684, 0, 1},
    {0x400, 685, 685, 2, 2},
    {0x401, 687, 687, 2, 2},
    {0x403, 689, 689, 2, 2},
    {0x407, 691, 691, 2, 2},
    {0x40c, 693, 693, 2, 2},
    {0x40d, 695, 695, 2, 2},
    {0x40e, 697, 697, 2, 2},
    {0x419, 699, 699, 2, 2},
    {0x439, 701, 701, 2, 2},
    {0x450, 703, 703, 2, 2},
    {0x451, 705, 705, 2, 2},
    {0x453, 707, 707, 2, 2},
    {0x457, 709, 709, 2, 2},
    {0x45c, 711, 711, 2, 2},
    {0x45d, 713, 713, 2, 2},
    {0x45e, 715, 715, 2, 2},
    {0x476, 717, 717, 2, 2},
    {0x477, 719, 719, 2, 2},
    {0x4c1, 721, 721, 2, 2},
    {0x4c2, 723, 723, 2, 2},
    {0x4d0, 725, 725, 2, 2},
    {0x4d1, 727, 727, 2, 2},
    {0x4d2, 729, 729, 2, 2},
    {0x4d3, 731, 731, 2, 2},
    {0x4d6, 733, 733, 2, 2},
    {0x4d7, 735, 735, 2, 2},
    {0x4da, 737, 737, 2, 2},
    {0x4db, 739, 739, 2, 2},
    {0x4dc, 741, 741, 2, 2},
    {0x4dd, 743, 743, 2, 2},
    {0x4de, 745, 745, 2, 2},
    {0x4df, 747, 747, 2, 2},
    {0x4e2, 749, 749, 2, 2},
    {0x4e3, 751, 751, 2, 2},
    {0x4e4, 753, 753, 2, 2},
    {0x4e5, 755, 755, 2, 2},
    {0x4e6, 757, 757, 2, 2},
    {0x4e7, 759, 759, 2, 2},
    {0x4ea, 761, 761, 2, 2},
    {0x4eb, 763, 763, 2, 2},
    {0x4ec, 765, 765, 2, 2},
    {0x4ed, 767, 767, 2, 2},
    {0x4ee, 769, 769, 2, 2},
    {0x4ef, 771, 771, 2, 2},
    {0x4f0, 773, 773, 2, 2},
    {0x4f1, 775, 775, 2, 2},
    {0x4f2, 777, 777, 2, 2},
    {0x4f3, 779, 779, 2, 2},
    {0x4f4, 781, 781, 2, 2},
    {0x4f5, 783, 783, 2, 2},
    {0x4f8, 785, 785, 2, 2},
    {0x4f9, 787, 787, 2, 2},
    {0x558, 0, 789, 0, 1},
    {0x587, 0, 790, 0, 2},
    {0x58b, 0, 792, 0, 1},
    {0x58c, 0, 793, 0, 1},
    {0x622, 794, 794, 2, 2},
    {0x623, 796, 796, 2, 2},
    {0x624, 798, 798, 2, 2},
    {0x625, 800, 800, 2, 2},
    {0x626, 802, 802, 2, 2},
    {0x675, 0, 804, 0, 2},
    {0x676, 0, 806, 0, 2},
    {0x677, 0, 808, 0, 2},
    {0x678, 0, 810, 0, 2},
    {0x6c0, 812, 812, 2, 2},
    {0x6c2, 814, 814, 2, 2},
    {0x6d3, 816, 816, 2, 2},
    {0x929, 818, 818, 2, 2},
    {0x931, 820, 820, 2, 2},
    {0x934, 822, 822, 2, 2},
    {0x958, 824, 824, 2, 2},
    {0x959, 826, 826, 2, 2},
    {0x95a, 828, 828, 2, 2},
    {0x95b, 830, 830, 2, 2},
    {0x95c, 832, 832, 2, 2},
    {0x95d, 834, 834, 2, 2},
    {0x95e, 836, 836, 2, 2},
    {0x95f, 838, 838, 2, 2},
    {0x9cb, 840, 840, 2, 2},
    {0x9cc, 842, 842, 2, 2},
    {0x9dc, 844, 844, 2, 2},
    {0x9dd, 846, 846, 2, 2},
    {0x9df, 848, 848, 2, 2},
    {0xa33, 850, 850, 2, 2},
    {0xa36, 852, 852, 2, 2},
    {0xa59, 854, 854, 2, 2},
    {0xa5a, 856, 856, 2, 2},
    {0xa5b, 858, 858, 2, 2},
    {0xa5e, 860, 860, 2, 2},
    {0xb48, 862, 862, 2, 2},
    {0xb4b, 864, 864, 2, 2},
    {0xb4c, 866, 866, 2, 2},
    {0xb5c, 868, 868, 2, 2},
    {0xb5d, 870, 870, 2, 2},
    {0xb94, 872, 872, 2, 2},
    {0xbca, 874, 874, 2, 2},
    {0xbcb, 876, 876, 2, 2},
    {0xbcc, 878, 878, 2, 2},
    {0xc48, 880, 880, 2, 2},
    {0xcc0, 882, 882, 2, 2},
    {0xcc7, 884, 884, 2, 2},
    {0xcc8, 886, 886, 2, 2},
    {0xcca, 888, 888, 2, 2},
    {0xccb, 890, 890, 3, 3},
    {0xd4a, 893, 893, 2, 2},
    {0xd4b, 895, 895, 2, 2},
    {0xd4c, 897, 897, 2, 2},
    {0xdda, 899, 899, 2, 2},
    {0xddc, 901, 901, 2, 2},
    {0xddd, 903, 903, 3, 3},
    {0xdde, 906, 906, 2, 2},
    {0xe33, 0, 908, 0, 2},
    {0xeb3, 0, 910, 0, 2},
    {0xedc, 0, 912, 0, 2},
    {0xedd, 0, 914, 0, 2},
    {0xf0c, 0, 916, 0, 1},
    {0xf43, 917, 917, 2, 2},
    {0xf4d, 919, 919, 2, 2},
    {0xf52, 921, 921, 2, 2},
    {0xf57, 923, 923, 2, 2},
    {0xf5c, 925, 925, 2, 2},
    {0xf69, 927, 927, 2, 2},
    {0xf73, 929, 929, 2, 2},
    {0xf75, 931, 931, 2, 2},
    {0xf76, 933, 933, 2, 2},
    {0xf77, 0, 935, 0, 3},
    {0xf78, 938, 938, 2, 2},
    {0xf79, 0, 940, 0, 3},
    {0xf81, 943, 943, 2, 2},
    {0xf93, 945, 945, 2, 2},
    {0xf9d, 947, 947, 2, 2},
    {0xfa2, 949, 949, 2, 2},
    {0xfa7, 951, 951, 2, 2},
    {0xfac, 953, 953, 2, 2},
    {0xfb9, 955, 955, 2, 2},
    {0x1026, 957, 957, 2, 2},
    {0x10fc, 0, 959, 0, 1},
    {0x1b06, 960, 960, 2, 2},
    {0x1b08, 962, 962, 2, 2},
    {0x1b0a, 964, 964, 2, 2},
    {0x1b0c, 966, 966, 2, 2},
    {0x1b0e, 968, 968, 2, 2},
    {0x1b12, 970, 970, 2, 2},
    {0x1b3b, 972, 972, 2, 2},
    {0x1b3d, 974, 974, 2, 2},
    {0x1b40, 976, 976, 2, 2},
    {0x1b41, 978, 978, 2, 2},
    {0x1b43, 980, 980, 2, 2},
    {0x1d2c, 0, 982, 0, 1},
    {0x1d2d, 0, 983, 0, 1},
    {0x1d2e, 0, 984, 0, 1},
    {0x1d30, 0, 985, 0, 1},
    {0x1d31, 0, 986, 0, 1},
    {0x1d32, 0, 987, 0, 1},
    {0x1d33, 0, 988, 0, 1},
    {0x1d34, 0, 989, 0, 1},
    {0x1d35, 0, 990, 0, 1},
    {0x1d36, 0, 991, 0, 1},
    {0x1d37, 0, 992, 0, 1},
    {0x1d38, 0, 993, 0, 1},
    {0x1d39, 0, 994, 0, 1},
    {0x1d3a, 0, 995, 0, 1},
    {0x1d3c, 0, 996, 0, 1},
    {0x1d3d, 0, 997, 0, 1},
    {0x1d3e, 0, 998, 0, 1},
    {0x1d3f, 0, 999, 0, 1},
    {0x1d40, 0, 1000, 0, 1},
    {0x1d41, 0, 1001, 0, 1},
    {0x1d42, 0, 1002, 0, 1},
    {0x1d43, 0, 3, 0, 1},
    {0x1d44, 0, 1003, 0, 1},
    {0x1d45, 0, 1004, 0, 1},
    {0x1d46, 0, 1005, 0, 1},
    {0x1d47, 0, 1006, 0, 1},
    {0x1d48, 0, 1007, 0, 1},
    {0x1d49, 0, 1008, 0, 1},
    {0x1d4a, 0, 1009, 0, 1},
    {0x1d4b, 0, 1010, 0, 1},
    {0x1d4c, 0, 1011, 0, 1},
    {0x1d4d, 0, 1012, 0, 1},
    {0x1d4f, 0, 1013, 0, 1},
    {0x1d50, 0, 1014, 0, 1},
    {0x1d51, 0, 1015, 0, 1},
    {0x1d52, 0, 14, 0, 1},
    {0x1d53, 0, 1016, 0, 1},
    {0x1d54, 0, 1017, 0, 1},
    {0x1d55, 0, 1018, 0, 1},
    {0x1d56, 0, 1019, 0, 1},
    {0x1d57, 0, 1020, 0, 1},
    {0x1d58, 0, 1021, 0, 1},
    {0x1d59, 0, 1022, 0, 1},
    {0x1d5a, 0, 1023, 0, 1},
    {0x1d5b, 0, 1024, 0, 1},
    {0x1d5c, 0, 1025, 0, 1},
    {0x1d5d, 0, 670, 0, 1},
    {0x1d5e, 0, 1026, 0, 1},
    {0x1d5f, 0, 1027, 0, 1},
    {0x1d60, 0, 677, 0, 1},
    {0x1d61, 0, 1028, 0, 1},
    {0x1d62, 0, 1029, 0, 1},
    {0x1d63, 0, 591, 0, 1},
    {0x1d64, 0, 1021, 0, 1},
    {0x1d65, 0, 1024, 0, 1},
    {0x1d66, 0, 670, 0, 1},
    {0x1d67, 0, 1026, 0, 1},
    {0x1d68, 0, 680, 0, 1},
    {0x1d69, 0, 677, 0, 1},
    {0x1d6a, 0, 1028, 0, 1},
    {0x1d78, 0, 1030, 0, 1},
    {0x1d9b, 0, 1031, 0, 1},
    {0x1d9c, 0, 1032, 0, 1},
    {0x1d9d, 0, 1033, 0, 1},
    {0x1d9e, 0, 1034, 0, 1},
    {0x1d9f, 0, 1011, 0, 1},
    {0x1da0, 0, 1035, 0, 1},
    {0x1da1, 0, 1036, 0, 1},
    {0x1da2, 0, 1037, 0, 1},
    {0x1da3, 0, 1038, 0, 1},
    {0x1da4, 0, 1039, 0, 1},
    {0x1da5, 0, 1040, 0, 1},
    {0x1da6, 0, 1041, 0, 1},
    {0x1da7, 0, 1042, 0, 1},
    {0x1da8, 0, 1043, 0, 1},
    {0x1da9, 0, 1044, 0, 1},
    {0x1daa, 0, 1045, 0, 1},
    {0x1dab, 0, 1046, 0, 1},
    {0x1dac, 0, 1047, 0, 1},
    {0x1dad, 0, 1048, 0, 1},
    {0x1dae, 0, 1049, 0, 1},
    {0x1daf, 0, 1050, 0, 1},
    {0x1db0, 0, 1051, 0, 1},
    {0x1db1, 0, 1052, 0, 1},
    {0x1db2, 0, 1053, 0, 1},
    {0x1db3, 0, 1054, 0, 1},
    {0x1db4, 0, 1055, 0, 1},
    {0x1db5, 0, 1056, 0, 1},
    {0x1db6, 0, 1057, 0, 1},
    {0x1db7, 0, 1058, 0, 1},
    {0x1db8, 0, 1059, 0, 1},
    {0x1db9, 0, 1060, 0, 1},
    {0x1dba, 0, 1061, 0, 1},
    {0x1dbb, 0, 1062, 0, 1},
    {0x1dbc, 0, 1063, 0, 1},
    {0x1dbd, 0, 1064, 0, 1},
    {0x1dbe, 0, 1065, 0, 1},
    {0x1dbf, 0, 671, 0, 1},
    {0x1e00, 1066, 1066, 2, 2},
    {0x1e01, 1068, 1068, 2, 2},
    {0x1e02, 1070, 1070, 2, 2},
    {0x1e03, 1072, 1072, 2, 2},
    {0x1e04, 1074, 1074, 2, 2},
    {0x1e05, 1076, 1076, 2, 2},
    {0x1e06, 1078, 1078, 2, 2},
    {0x1e07, 1080, 1080, 2, 2},
    {0x1e08, 1082, 1082, 3, 3},
    {0x1e09, 1085, 1085, 3, 3},
    {0x1e0a, 1088, 1088, 2, 2},
    {0x1e0b, 1090, 1090, 2, 2},
    {0x1e0c, 1092, 1092, 2, 2},
    {0x1e0d, 1094, 1094, 2, 2},
    {0x1e0e, 1096, 1096, 2, 2},
    {0x1e0f, 1098, 1098, 2, 2},
    {0x1e10, 1100, 1100, 2, 2},
    {0x1e11, 1102, 1102, 2, 2},
    {0x1e12, 1104, 1104, 2, 2},
    {0x1e13, 1106, 1106, 2, 2},
    {0x1e14, 1108, 1108, 3, 3},
    {0x1e15, 1111, 1111, 3, 3},
    {0x1e16, 1114, 1114, 3, 3},
    {0x1e17, 1117, 1117, 3, 3},
    {0x1e18, 1120, 1120, 2, 2},
    {0x1e19, 1122, 1122, 2, 2},
    {0x1e1a, 1124, 1124, 2, 2},
    {0x1e1b, 1126, 1126, 2, 2},
    {0x1e1c, 1128, 1128, 3, 3},
    {0x1e1d, 1131, 1131, 3, 3},
    {0x1e1e, 1134, 1134, 2, 2},
    {0x1e1f, 1136, 1136, 2, 2},
    {0x1e20, 1138, 1138, 2, 2},
    {0x1e21, 1140, 1140, 2, 2},
    {0x1e22, 1142, 1142, 2, 2},
    {0x1e23, 1144, 1144, 2, 2},
    {0x1e24, 1146, 1146, 2, 2},
    {0x1e25, 1148, 1148, 2, 2},
    {0x1e26, 1150, 1150, 2, 2},
    {0x1e27, 1152, 1152, 2, 2},
    {0x1e28, 1154, 1154, 2, 2},
    {0x1e29, 1156, 1156, 2, 2},
    {0x1e2a, 1158, 1158, 2, 2},
    {0x1e2b, 1160, 1160, 2, 2},
    {0x1e2c, 1162, 1162, 2, 2},
    {0x1e2d, 1164, 1164, 2, 2},
    {0x1e2e, 1166, 1166, 3, 3},
    {0x1e2f, 1169, 1169, 3, 3},
    {0x1e30, 1172, 1172, 2, 2},
    {0x1e31, 1174, 1174, 2, 2},
    {0x1e32, 1176, 1176, 2, 2},
    {0x1e33, 1178, 1178, 2, 2},
    {0x1e34, 1180, 1180, 2, 2},
    {0x1e35, 1182, 1182, 2, 2},
    {0x1e36, 1184, 1184, 2, 2},
    {0x1e37, 1186, 1186, 2, 2},
    {0x1e38, 1188, 1188, 3, 3},
    {0x1e39, 1191, 1191, 3, 3},
    {0x1e3a, 1194, 1194, 2, 2},
    {0x1e3b, 1196, 1196, 2, 2},
    {0x1e3c, 1198, 1198, 2, 2},
    {0x1e3d, 1200, 1200, 2, 2},
    {0x1e3e, 1202, 1202, 2, 2},
    {0x1e3f, 1204, 1204, 2, 2},
    {0x1e40, 1206, 1206, 2, 2},
    {0x1e41, 1208, 1208, 2, 2},
    {0x1e42, 1210, 1210, 2, 2},
    {0x1e43, 1212, 1212, 2, 2},
    {0x1e44, 1214, 1214, 2, 2},
    {0x1e45, 1216, 1216, 2, 2},
    {0x1e46, 1218, 1218, 2, 2},
    {0x1e47, 1220, 1220, 2, 2},
    {0x1e48, 1222, 1222, 2, 2},
    {0x1e49, 1224, 1224, 2, 2},
    {0x1e4a, 1226, 1226, 2, 2},
    {0x1e4b, 1228, 1228, 2, 2},
    {0x1e4c, 1230, 1230, 3, 3},
    {0x1e4d, 1233, 1233, 3, 3},
    {0x1e4e, 1236, 1236, 3, 3},
    {0x1e4f, 1239, 1239, 3, 3},
    {0x1e50, 1242, 1242, 3, 3},
    {0x1e51, 1245, 1245, 3, 3},
    {0x1e52, 1248, 1248, 3, 3},
    {0x1e53, 1251, 1251, 3, 3},
    {0x1e54, 1254, 1254, 2, 2},
    {0x1e55, 1256, 1256, 2, 2},
    {0x1e56, 1258, 1258, 2, 2},
    {0x1e57, 1260, 1260, 2, 2},
    {0x1e58, 1262, 1262, 2, 2},
    {0x1e59, 1264, 1264, 2, 2},
    {0x1e5a, 1266, 1266, 2, 2},
    {0x1e5b, 1268, 1268, 2, 2},
    {0x1e5c, 1270, 1270, 3, 3},
    {0x1e5d, 1273, 1273, 3, 3},
    {0x1e5e, 1276, 1276, 2, 2},
    {0x1e5f, 1278, 1278, 2, 2},
    {0x1e60, 1280, 1280, 2, 2},
    {0x1e61, 1282, 1282, 2, 2},
    {0x1e62, 1284, 1284, 2, 2},
    {0x1e63, 1286, 1286, 2, 2},
    {0x1e64, 1288, 1288, 3, 3},
    {0x1e65, 1291, 1291, 3, 3},
    {0x1e66, 1294, 1294, 3, 3},
    {0x1e67, 1297, 1297, 3, 3},
    {0x1e68, 1300, 1300, 3, 3},
    {0x1e69, 1303, 1303, 3, 3},
    {0x1e6a, 1306, 1306, 2, 2},
    {0x1e6b, 1308, 1308, 2, 2},
    {0x1e6c, 1310, 1310, 2, 2},
    {0x1e6d, 1312, 1312, 2, 2},
    {0x1e6e, 1314, 1314, 2, 2},
    {0x1e6f, 1316, 1316, 2, 2},
    {0x1e70, 1318, 1318, 2, 2},
    {0x1e71, 1320, 1320, 2, 2},
    {0x1e72, 1322, 1322, 2, 2},
    {0x1e73, 1324, 1324, 2, 2},
    {0x1e74, 1326, 1326, 2, 2},
    {0x1e75, 1328, 1328, 2, 2},
    {0x1e76, 1330, 1330, 2, 2},
    {0x1e77, 1332, 1332, 2, 2},
    {0x1e78, 1334, 1334, 3, 3},
    {0x1e79, 1337, 1337, 3, 3},
    {0x1e7a, 1340, 1340, 3, 3},
    {0x1e7b, 1343, 1343, 3, 3},
    {0x1e7c, 1346, 1346, 2, 2},
    {0x1e7d, 1348, 1348, 2, 2},
    {0x1e7e, 1350, 1350, 2, 2},
    {0x1e7f, 1352, 1352, 2, 2},
    {0x1e80, 1354, 1354, 2, 2},
    {0x1e81, 1356, 1356, 2, 2},
    {0x1e82, 1358, 1358, 2, 2},
    {0x1e83, 1360, 1360, 2, 2},
    {0x1e84, 1362, 1362, 2, 2},
    {0x1e85, 1364, 1364, 2, 2},
    {0x1e86, 1366, 1366, 2, 2},
    {0x1e87, 1368, 1368, 2, 2},
    {0x1e88, 1370, 1370, 2, 2},
    {0x1e89, 1372, 1372, 2, 2},
    {0x1e8a, 1374, 1374, 2, 2},
    {0x1e8b, 1376, 1376, 2, 2},
    {0x1e8c, 1378, 1378, 2, 2},
    {0x1e8d, 1380, 1380, 2, 2},
    {0x1e8e, 1382, 1382, 2, 2},
    {0x1e8f, 1384, 1384, 2, 2},
    {0x1e90, 1386, 1386, 2, 2},
    {0x1e91, 1388, 1388, 2, 2},
    {0x1e92, 1390, 1390, 2, 2},
    {0x1e93, 1392, 1392, 2, 2},
    {0x1e94, 1394, 1394, 2, 2},
    {0x1e95, 1396, 1396, 2, 2},
    {0x1e96, 1398, 1398, 2, 2},
    {0x1e97, 1400, 1400, 2, 2},
    {0x1e98, 1402, 1402, 2, 2},
    {0x1e99, 1404, 1404, 2, 2},
    {0x1e9a, 0, 1406, 0, 2},
    {0x1e9b, 1408, 1282, 2, 2},
    {0x1ea0, 1410, 1410, 2, 2},
    {0x1ea1, 1412, 1412, 2, 2},
    {0x1ea2, 1414, 1414, 2, 2},
    {0x1ea3, 1416, 1416, 2, 2},
    {0x1ea4, 1418, 1418, 3, 3},
    {0x1ea5, 1421, 1421, 3, 3},
    {0x1ea6, 1424, 1424, 3, 3},
    {0x1ea7, 1427, 1427, 3, 3},
    {0x1ea8, 1430, 1430, 3, 3},
    {0x1ea9, 1433, 1433, 3, 3},
    {0x1eaa, 1436, 1436, 3, 3},
    {0x1eab, 1439, 1439, 3, 3},
    {0x1eac, 1442, 1442, 3, 3},
    {0x1ead, 1445, 1445, 3, 3},
    {0x1eae, 1448, 1448, 3, 3},
    {0x1eaf, 1451, 1451, 3, 3},
    {0x1eb0, 1454, 1454, 3, 3},
    {0x1eb1, 1457, 1457, 3, 3},
    {0x1eb2, 1460, 1460, 3, 3},
    {0x1eb3, 1463, 1463, 3, 3},
    {0x1eb4, 1466, 1466, 3, 3},
    {0x1eb5, 1469, 1469, 3, 3},
    {0x1eb6, 1472, 1472, 3, 3},
    {0x1eb7, 1475, 1475, 3, 3},
    {0x1eb8, 1478, 1478, 2, 2},
    {0x1eb9, 1480, 1480, 2, 2},
    {0x1eba, 1482, 1482, 2, 2},
    {0x1ebb, 1484, 1484, 2, 2},
    {0x1ebc, 1486, 1486, 2, 2},
    {0x1ebd, 1488, 1488, 2, 2},
    {0x1ebe, 1490, 1490, 3, 3},
    {0x1ebf, 1493, 1493, 3, 3},
    {0x1ec0, 1496, 1496, 3, 3},
    {0x1ec1, 1499, 1499, 3, 3},
    {0x1ec2, 1502, 1502, 3, 3},
    {0x1ec3, 1505, 1505, 3, 3},
    {0x1ec4, 1508, 1508, 3, 3},
    {0x1ec5, 1511, 1511, 3, 3},
    {0x1ec6, 1514, 1514, 3, 3},
    {0x1ec7, 1517, 1517, 3, 3},
    {0x1ec8, 1520, 1520, 2, 2},
    {0x1ec9, 1522, 1522, 2, 2},
    {0x1eca, 1524, 1524, 2, 2},
    {0x1ecb, 1526, 1526, 2, 2},
    {0x1ecc, 1528, 1528, 2, 2},
    {0x1ecd, 1530, 1530, 2, 2},
    {0x1ece, 1532, 1532, 2, 2},
    {0x1ecf, 1534, 1534, 2, 2},
    {0x1ed0, 1536, 1536, 3, 3},
    {0x1ed1, 1539, 1539, 3, 3},
    {0x1ed2, 1542, 1542, 3, 3},
    {0x1ed3, 1545, 1545, 3, 3},
    {0x1ed4, 1548, 1548, 3, 3},
    {0x1ed5, 1551, 1551, 3, 3},
    {0x1ed6, 1554, 1554, 3, 3},
    {0x1ed7, 1557, 1557, 3, 3},
    {0x1ed8, 1560, 1560, 3, 3},
    {0x1ed9, 1563, 1563, 3, 3},
    {0x1eda, 1566, 1566, 3, 3},
    {0x1edb, 1569, 1569, 3, 3},
    {0x1edc, 1572, 1572, 3, 3},
    {0x1edd, 1575, 1575, 3, 3},
    {0x1ede, 1578, 1578, 3, 3},
    {0x1edf, 1581, 1581, 3, 3},
    {0x1ee0, 1584, 1584, 3, 3},
    {0x1ee1, 1587, 1587, 3, 3},
    {0x1ee2, 1590, 1590, 3, 3},
    {0x1ee3, 1593, 1593, 3, 3},
    {0x1ee4, 1596, 1596, 2, 2},
    {0x1ee5, 1598, 1598, 2, 2},
    {0x1ee6, 1600, 1600, 2, 2},
    {0x1ee7, 1602, 1602, 2, 2},
    {0x1ee8, 1604, 1604, 3, 3},
    {0x1ee9, 1607, 1607, 3, 3},
    {0x1eea, 1610, 1610, 3, 3},
    {0x1eeb, 1613, 1613, 3, 3},
    {0x1eec, 1616, 1616, 3, 3},
    {0x1eed, 1619, 1619, 3, 3},
    {0x1eee, 1622, 1622, 3, 3},
    {0x1eef, 1625, 1625, 3, 3},
    {0x1ef0, 1628, 1628, 3, 3},
    {0x1ef1, 1631, 1631, 3, 3},
    {0x1ef2, 1634, 1634, 2, 2},
    {0x1ef3, 1636, 1636, 2, 2},
    {0x1ef4, 1638, 1638, 2, 2},
    {0x1ef5, 1640, 1640, 2, 2},
    {0x1ef6, 1642, 1642, 2, 2},
    {0x1ef7, 1644, 1644, 2, 2},
    {0x1ef8, 1646, 1646, 2, 2},
    {0x1ef9, 1648, 1648, 2, 2},
    {0x1f00, 1650, 1650, 2, 2},
    {0x1f01, 1652, 1652, 2, 2},
    {0x1f02, 1654, 1654, 3, 3},
    {0x1f03, 1657, 1657, 3, 3},
    {0x1f04, 1660, 1660, 3, 3},
    {0x1f05, 1663, 1663, 3, 3},
    {0x1f06, 1666, 1666, 3, 3},
    {0x1f07, 1669, 1669, 3, 3},
    {0x1f08, 1672, 1672, 2, 2},
    {0x1f09, 1674, 1674, 2, 2},
    {0x1f0a, 1676, 1676, 3, 3},
    {0x1f0b, 1679, 1679, 3, 3},
    {0x1f0c, 1682, 1682, 3, 3},
    {0x1f0d, 1685, 1685, 3, 3},
    {0x1f0e, 1688, 1688, 3, 3},
    {0x1f0f, 1691, 1691, 3, 3},
    {0x1f10, 1694, 1694, 2, 2},
    {0x1f11, 1696, 1696, 2, 2},
    {0x1f12, 1698, 1698, 3, 3},
    {0x1f13, 1701, 1701, 3, 3},
    {0x1f14, 1704, 1704, 3, 3},
    {0x1f15, 1707, 1707, 3, 3},
    {0x1f18, 1710, 1710, 2, 2},
    {0x1f19, 1712, 1712, 2, 2},
    {0x1f1a, 1714, 1714, 3, 3},
    {0x1f1b, 1717, 1717, 3, 3},
    {0x1f1c, 1720, 1720, 3, 3},
    {0x1f1d, 1723, 1723, 3, 3},
    {0x1f20, 1726, 1726, 2, 2},
    {0x1f21, 1728, 1728, 2, 2},
    {0x1f22, 1730, 1730, 3, 3},
    {0x1f23, 1733, 1733, 3, 3},
    {0x1f24, 1736, 1736, 3, 3},
    {0x1f25, 1739, 1739, 3, 3},
    {0x1f26, 1742, 1742, 3, 3},
    {0x1f27, 1745, 1745, 3, 3},
    {0x1f28, 1748, 1748, 2, 2},
    {0x1f29, 1750, 1750, 2, 2},
    {0x1f2a, 1752, 1752, 3, 3},
    {0x1f2b, 1755, 1755, 3, 3},
    {0x1f2c, 1758, 1758, 3, 3},
    {0x1f2d, 1761, 1761, 3, 3},
    {0x1f2e, 1764, 1764, 3, 3},
    {0x1f2f, 1767, 1767, 3, 3},
    {0x1f30, 1770, 1770, 2, 2},
    {0x1f31, 1772, 1772, 2, 2},
    {0x1f32, 1774, 1774, 3, 3},
    {0x1f33, 1777, 1777, 3, 3},
    {0x1f34, 1780, 1780, 3, 3},
    {0x1f35, 1783, 1783, 3, 3},
    {0x1f36, 1786, 1786, 3, 3},
    {0x1f37, 1789, 1789, 3, 3},
    {0x1f38, 1792, 1792, 2, 2},
    {0x1f39, 1794, 1794, 2, 2},
    {0x1f3a, 1796, 1796, 3, 3},
    {0x1f3b, 1799, 1799, 3, 3},
    {0x1f3c, 1802, 1802, 3, 3},
    {0x1f3d, 1805, 1805, 3, 3},
    {0x1f3e, 1808, 1808, 3, 3},
    {0x1f3f, 1811, 1811, 3, 3},
    {0x1f40, 1814, 1814, 2, 2},
    {0x1f41, 1816, 1816, 2, 2},
    {0x1f42, 1818, 1818, 3, 3},
    {0x1f43, 1821, 1821, 3, 3},
    {0x1f44, 1824, 1824, 3, 3},
    {0x1f45, 1827, 1827, 3, 3},
    {0x1f48, 1830, 1830, 2, 2},
    {0x1f49, 1832, 1832, 2, 2},
    {0x1f4a, 1834, 1834, 3, 3},
    {0x1f4b, 1837, 1837, 3, 3},
    {0x1f4c, 1840, 1840, 3, 3},
    {0x1f4d, 1843, 1843, 3, 3},
    {0x1f50, 1846, 1846, 2, 2},
    {0x1f51, 1848, 1848, 2, 2},
    {0x1f52, 1850, 1850, 3, 3},
    {0x1f53, 1853, 1853, 3, 3},
    {0x1f54, 1856, 1856, 3, 3},
    {0x1f55, 1859, 1859, 3, 3},
    {0x1f56, 1862, 1862, 3, 3},
    {0x1f57, 1865, 1865, 3, 3},
    {0x1f59, 1868, 1868, 2, 2},
    {0x1f5b, 1870, 1870, 3, 3},
    {0x1f5d, 1873, 1873, 3, 3},
    {0x1f5f, 1876, 1876, 3, 3},
    {0x1f60, 1879, 1879, 2, 2},
    {0x1f61, 1881, 1881, 2, 2},
    {0x1f62, 1883, 1883, 3, 3},
    {0x1f63, 1886, 1886, 3, 3},
    {0x1f64, 1889, 1889, 3, 3},
    {0x1f65, 1892, 1892, 3, 3},
    {0x1f66, 1895, 1895, 3, 3},
    {0x1f67, 1898, 1898, 3, 3},
    {0x1f68, 1901, 1901, 2, 2},
    {0x1f69, 1903, 1903, 2, 2},
    {0x1f6a, 1905, 1905, 3, 3},
    {0x1f6b, 1908, 1908, 3, 3},
    {0x1f6c, 1911, 1911, 3, 3},
    {0x1f6d, 1914, 1914, 3, 3},
    {0x1f6e, 1917, 1917, 3, 3},
    {0x1f6f, 1920, 1920, 3, 3},
    {0x1f70, 1923, 1923, 2, 2},
    {0x1f71, 649, 649, 2, 2},
    {0x1f72, 1925, 1925, 2, 2},
    {0x1f73, 651, 651, 2, 2},
    {0x1f74, 1927, 1927, 2, 2},
    {0x1f75, 653, 653, 2, 2},
    {0x1f76, 1929, 1929, 2, 2},
    {0x1f77, 655, 655, 2, 2},
    {0x1f78, 1931, 1931, 2, 2},
    {0x1f79, 664, 664, 2, 2},
    {0x1f7a, 1933, 1933, 2, 2},
    {0x1f7b, 666, 666, 2, 2},
    {0x1f7c, 1935, 1935, 2, 2},
    {0x1f7d, 668, 668, 2, 2},
    {0x1f80, 1937, 1937, 3, 3},
    {0x1f81, 1940, 1940, 3, 3},
    {0x1f82, 1943, 1943, 4, 4},
    {0x1f83, 1947, 1947, 4, 4},
    {0x1f84, 1951, 1951, 4, 4},
    {0x1f85, 1955, 1955, 4, 4},
    {0x1f86, 1959, 1959, 4, 4},
    {0x1f87, 1963, 1963, 4, 4},
    {0x1f88, 1967, 1967, 3, 3},
    {0x1f89, 1970, 1970, 3, 3},
    {0x1f8a, 1973, 1973, 4, 4},
    {0x1f8b, 1977, 1977, 4, 4},
    {0x1f8c, 1981, 1981, 4, 4},
    {0x1f8d, 1985, 1985, 4, 4},
    {0x1f8e, 1989, 1989, 4, 4},
    {0x1f8f, 1993, 1993, 4, 4},
    {0x1f90, 1997, 1997, 3, 3},
    {0x1f91, 2000, 2000, 3, 3},
    {0x1f92, 2003, 2003, 4, 4},
    {0x1f93, 2007, 2007, 4, 4},
    {0x1f94, 2011, 2011, 4, 4},
    {0x1f95, 2015, 2015, 4, 4},
    {0x1f96, 2019, 2019, 4, 4},
    {0x1f97, 2023, 2023, 4, 4},
    {0x1f98, 2027, 2027, 3, 3},
    {0x1f99, 2030, 2030, 3, 3},
    {0x1f9a, 2033, 2033, 4, 4},
    {0x1f9b, 2037, 2037, 4, 4},
    {0x1f9c, 2041, 2041, 4, 4},
    {0x1f9d, 2045, 2045, 4, 4},
    {0x1f9e, 2049, 2049, 4, 4},
    {0x1f9f, 2053, 2053, 4, 4},
    {0x1fa0, 2057, 2057, 3, 3},
    {0x1fa1, 2060, 2060, 3, 3},
    {0x1fa2, 2063, 2063, 4, 4},
    {0x1fa3, 2067, 2067, 4, 4},
    {0x1fa4, 2071, 2071, 4, 4},
    {0x1fa5, 2075, 2075, 4, 4},
    {0x1fa6, 2079, 2079, 4, 4},
    {0x1fa7, 2083, 2083, 4, 4},
    {0x1fa8, 2087, 2087, 3, 3},
    {0x1fa9, 2090, 2090, 3, 3},
    {0x1faa, 2093, 2093, 4, 4},
    {0x1fab, 2097, 2097, 4, 4},
    {0x1fac, 2101, 2101, 4, 4},
    {0x1fad, 2105, 2105, 4, 4},
    {0x1fae, 2109, 2109, 4, 4},
    {0x1faf, 2113, 2113, 4, 4},
    {0x1fb0, 2117, 2117, 2, 2},
    {0x1fb1, 2119, 2119, 2, 2},
    {0x1fb2, 2121, 2121, 3, 3},
    {0x1fb3, 2124, 2124, 2, 2},
    {0x1fb4, 2126, 2126, 3, 3},
    {0x1fb6, 2129, 2129, 2, 2},
    {0x1fb7, 2131, 2131, 3, 3},
    {0x1fb8, 2134, 2134, 2, 2},
    {0x1fb9, 2136, 2136, 2, 2},
    {0x1fba, 2138, 2138, 2, 2},
    {0x1fbb, 627, 627, 2, 2},
    {0x1fbc, 2140, 2140, 2, 2},
    {0x1fbd, 0, 2142, 0, 2},
    {0x1fbe, 2144, 2144, 1, 1},
    {0x1fbf, 0, 2142, 0, 2},
    {0x1fc0, 0, 2145, 0, 2},
    {0x1fc1, 2147, 2149, 2, 3},
    {0x1fc2, 2152, 2152, 3, 3},
    {0x1fc3, 2155, 2155, 2, 2},
    {0x1fc4, 2157, 2157, 3, 3},
    {0x1fc6, 2160, 2160, 2, 2},
    {0x1fc7, 2162, 2162, 3, 3},
    {0x1fc8, 2165, 2165, 2, 2},
    {0x1fc9, 630, 630, 2, 2},
    {0x1fca, 2167, 2167, 2, 2},
    {0x1fcb, 632, 632, 2, 2},
    {0x1fcc, 2169, 2169, 2, 2},
    {0x1fcd, 2171, 2173, 2, 3},
    {0x1fce, 2176, 2178, 2, 3},
    {0x1fcf, 2181, 2183, 2, 3},
    {0x1fd0, 2186, 2186, 2, 2},
    {0x1fd1, 2188, 2188, 2, 2},
    {0x1fd2, 2190, 2190, 3, 3},
    {0x1fd3, 642, 642, 3, 3},
    {0x1fd6, 2193, 2193, 2, 2},
    {0x1fd7, 2195, 2195, 3, 3},
    {0x1fd8, 2198, 2198, 2, 2},
    {0x1fd9, 2200, 2200, 2, 2},
    {0x1fda, 2202, 2202, 2, 2},
    {0x1fdb, 634, 634, 2, 2},
    {0x1fdd, 2204, 2206, 2, 3},
    {0x1fde, 2209, 2211, 2, 3},
    {0x1fdf, 2214, 2216, 2, 3},
    {0x1fe0, 2219, 2219, 2, 2},
    {0x1fe1, 2221, 2221, 2, 2},
    {0x1fe2, 2223, 2223, 3, 3},
    {0x1fe3, 657, 657, 3, 3},
    {0x1fe4, 2226, 2226, 2, 2},
    {0x1fe5, 2228, 2228, 2, 2},
    {0x1fe6, 2230, 2230, 2, 2},
    {0x1fe7, 2232, 2232, 3, 3},
    {0x1fe8, 2235, 2235, 2, 2},
    {0x1fe9, 2237, 2237, 2, 2},
    {0x1fea, 2239, 2239, 2, 2},
    {0x1feb, 638, 638, 2, 2},
    {0x1fec, 2241, 2241, 2, 2},
    {0x1fed, 2243, 2245, 2, 3},
    {0x1fee, 622, 624, 2, 3},
    {0x1fef, 2248, 2248, 1, 1},
    {0x1ff2, 2249, 2249, 3, 3},
    {0x1ff3, 2252, 2252, 2, 2},
    {0x1ff4, 2254, 2254, 3, 3},
    {0x1ff6, 2257, 2257, 2, 2},
    {0x1ff7, 2259, 2259, 3, 3},
    {0x1ff8, 2262, 2262, 2, 2},
    {0x1ff9, 636, 636, 2, 2},
    {0x1ffa, 2264, 2264, 2, 2},
    {0x1ffb, 640, 640, 2, 2},
    {0x1ffc, 2266, 2266, 2, 2},
    {0x1ffd, 2268, 8, 1, 2},
    {0x1ffe, 0, 2269, 0, 2},
    {0x2000, 2271, 0, 1, 1},
    {0x2001, 2272, 0, 1, 1},
    {0x2002, 0, 0, 0, 1},
    {0x2003, 0, 0, 0, 1},
    {0x2004, 0, 0, 0, 1},
    {0x2005, 0, 0, 0, 1},
    {0x2006, 0, 0, 0, 1},
    {0x2007, 0, 0, 0, 1},
    {0x2008, 0, 0, 0, 1},
    {0x2009, 0, 0, 0, 1},
    {0x200a, 0, 0, 0, 1},
    {0x2011, 0, 2273, 0, 1},
    {0x2017, 0, 2274, 0, 2},
    {0x2024, 0, 2276, 0, 1},
    {0x2025, 0, 2277, 0, 2},
    {0x2026, 0, 2279, 0, 3},
    {0x202f, 0, 0, 0, 1},
    {0x2033, 0, 2282, 0, 2},
    {0x2034, 0, 2284, 0, 3},
    {0x2036, 0, 2287, 0, 2},
    {0x2037, 0, 2289, 0, 3},
    {0x203c, 0, 2292, 0, 2},
    {0x203e, 0, 2294, 0, 2},
    {0x2047, 0, 2296, 0, 2},
    {0x2048, 0, 2298, 0, 2},
    {0x2049, 0, 2300, 0, 2},
    {0x2057, 0, 2302, 0, 4},
    {0x205f, 0, 0, 0, 1},
    {0x2070, 0, 2306, 0, 1},
    {0x2071, 0, 1029, 0, 1},
    {0x2074, 0, 2307, 0, 1},
    {0x2075, 0, 2308, 0, 1},
    {0x2076, 0, 2309, 0, 1},
    {0x2077, 0, 2310, 0, 1},
    {0x2078, 0, 2311, 0, 1},
    {0x2079, 0, 2312, 0, 1},
    {0x207a, 0, 2313, 0, 1},
    {0x207b, 0, 2314, 0, 1},
    {0x207c, 0, 2315, 0, 1},
    {0x207d, 0, 2316, 0, 1},
    {0x207e, 0, 2317, 0, 1},
    {0x207f, 0, 2318, 0, 1},
    {0x2080, 0, 2306, 0, 1},
    {0x2081, 0, 13, 0, 1},
    {0x2082, 0, 6, 0, 1},
    {0x2083, 0, 7, 0, 1},
    {0x2084, 0, 2307, 0, 1},
    {0x2085, 0, 2308, 0, 1},
    {0x2086, 0, 2309, 0, 1},
    {0x2087, 0, 2310, 0, 1},
    {0x2088, 0, 2311, 0, 1},
    {0x2089, 0, 2312, 0, 1},
    {0x208a, 0, 2313, 0, 1},
    {0x208b, 0, 2314, 0, 1},
    {0x208c, 0, 2315, 0, 1},
    {0x208d, 0, 2316, 0, 1},
    {0x208e, 0, 2317, 0, 1},
    {0x2090, 0, 3, 0, 1},
    {0x2091, 0, 1008, 0, 1},
    {0x2092, 0, 14, 0, 1},
    {0x2093, 0, 611, 0, 1},
    {0x2094, 0, 1009, 0, 1},
    {0x2095, 0, 588, 0, 1},
    {0x2096, 0, 1013, 0, 1},
    {0x2097, 0, 610, 0, 1},
    {0x2098, 0, 1014, 0, 1},
    {0x2099, 0, 2318, 0, 1},
    {0x209a, 0, 1019, 0, 1},
    {0x209b, 0, 356, 0, 1},
    {0x209c, 0, 1020, 0, 1},
    {0x209d, 0, 595, 0, 1},
    {0x209e, 0, 596, 0, 1},
    {0x209f, 0, 1062, 0, 1},
    {0x20a8, 0, 2319, 0, 2},
    {0x2100, 0, 2321, 0, 3},
    {0x2101, 0, 2324, 0, 3},
    {0x2102, 0, 2327, 0, 1},
    {0x2103, 0, 2328, 0, 2},
    {0x2105, 0, 2330, 0, 3},
    {0x2106, 0, 2333, 0, 3},
    {0x2107, 0, 2336, 0, 1},
    {0x2109, 0, 2337, 0, 2},
    {0x210a, 0, 1012, 0, 1},
    {0x210b, 0, 989, 0, 1},
    {0x210c, 0, 989, 0, 1},
    {0x210d, 0, 989, 0, 1},
    {0x210e, 0, 588, 0, 1},
    {0x210f, 0, 2339, 0, 1},
    {0x2110, 0, 990, 0, 1},
    {0x2111, 0, 990, 0, 1},
    {0x2112, 0, 993, 0, 1},
    {0x2113, 0, 610, 0, 1},
    {0x2115, 0, 995, 0, 1},
    {0x2116, 0, 2340, 0, 2},
    {0x2119, 0, 998, 0, 1},
    {0x211a, 0, 2342, 0, 1},
    {0x211b, 0, 999, 0, 1},
    {0x211c, 0, 999, 0, 1},
    {0x211d, 0, 999, 0, 1},
    {0x2120, 0, 2343, 0, 2},
    {0x2121, 0, 2345, 0, 3},
    {0x2122, 0, 2348, 0, 2},
    {0x2124, 0, 2350, 0, 1},
    {0x2126, 2351, 2351, 1, 1},
    {0x2128, 0, 2350, 0, 1},
    {0x212a, 992, 992, 1, 1},
    {0x212b, 34, 34, 2, 2},
    {0x212c, 0, 984, 0, 1},
    {0x212d, 0, 2327, 0, 1},
    {0x212f, 0, 1008, 0, 1},
    {0x2130, 0, 986, 0, 1},
    {0x2131, 0, 2352, 0, 1},
    {0x2133, 0, 994, 0, 1},
    {0x2134, 0, 14, 0, 1},
    {0x2135, 0, 2353, 0, 1},
    {0x2136, 0, 2354, 0, 1},
    {0x2137, 0, 2355, 0, 1},
    {0x2138, 0, 2356, 0, 1},
    {0x2139, 0, 1029, 0, 1},
    {0x213b, 0, 2357, 0, 3},
    {0x213c, 0, 678, 0, 1},
    {0x213d, 0, 1026, 0, 1},
    {0x213e, 0, 2360, 0, 1},
    {0x213f, 0, 2361, 0, 1},
    {0x2140, 0, 2362, 0, 1},
    {0x2145, 0, 985, 0, 1},
    {0x2146, 0, 1007, 0, 1},
    {0x2147, 0, 1008, 0, 1},
    {0x2148, 0, 1029, 0, 1},
    {0x2149, 0, 590, 0, 1},
    {0x2150, 0, 2363, 0, 3},
    {0x2151, 0, 2366, 0, 3},
    {0x2152, 0, 2369, 0, 4},
    {0x2153, 0, 2373, 0, 3},
    {0x2154, 0, 2376, 0, 3},
    {0x2155, 0, 2379, 0, 3},
    {0x2156, 0, 2382, 0, 3},
    {0x2157, 0, 2385, 0, 3},
    {0x2158, 0, 2388, 0, 3},
    {0x2159, 0, 2391, 0, 3},
    {0x215a, 0, 2394, 0, 3},
    {0x215b, 0, 2397, 0, 3},
    {0x215c, 0, 2400, 0, 3},
    {0x215d, 0, 2403, 0, 3},
    {0x215e, 0, 2406, 0, 3},
    {0x215f, 0, 2409, 0, 2},
    {0x2160, 0, 990, 0, 1},
    {0x2161, 0, 2411, 0, 2},
    {0x2162, 0, 2413, 0, 3},
    {0x2163, 0, 2416, 0, 2},
    {0x2164, 0, 2418, 0, 1},
    {0x2165, 0, 2419, 0, 2},
    {0x2166, 0, 2421, 0, 3},
    {0x2167, 0, 2424, 0, 4},
    {0x2168, 0, 2428, 0, 2},
    {0x2169, 0, 2430, 0, 1},
    {0x216a, 0, 2431, 0, 2},
    {0x216b, 0, 2433, 0, 3},
    {0x216c, 0, 993, 0, 1},
    {0x216d, 0, 2327, 0, 1},
    {0x216e, 0, 985, 0, 1},
    {0x216f, 0, 994, 0, 1},
    {0x2170, 0, 1029, 0, 1},
    {0x2171, 0, 2436, 0, 2},
    {0x2172, 0, 2438, 0, 3},
    {0x2173, 0, 2441, 0, 2},
    {0x2174, 0, 1024, 0, 1},
    {0x2175, 0, 2443, 0, 2},
    {0x2176, 0, 2445, 0, 3},
    {0x2177, 0, 2448, 0, 4},
    {0x2178, 0, 2452, 0, 2},
    {0x2179, 0, 611, 0, 1},
    {0x217a, 0, 2454, 0, 2},
    {0x217b, 0, 2456, 0, 3},
    {0x217c, 0, 610, 0, 1},
    {0x217d, 0, 1032, 0, 1},
    {0x217e, 0, 1007, 0, 1},
    {0x217f, 0, 1014, 0, 1},
    {0x2189, 0, 2459, 0, 3},
    {0x219a, 2462, 2462, 2, 2},
    {0x219b, 2464, 2464, 2, 2},
    {0x21ae, 2466, 2466, 2, 2},
    {0x21cd, 2468, 2468, 2, 2},
    {0x21ce, 2470, 2470, 2, 2},
    {0x21cf, 2472, 2472, 2, 2},
    {0x2204, 2474, 2474, 2, 2},
    {0x2209, 2476, 2476, 2, 2},
    {0x220c, 2478, 2478, 2, 2},
    {0x2224, 2480, 2480, 2, 2},
    {0x2226, 2482, 2482, 2, 2},
    {0x222c, 0, 2484, 0, 2},
    {0x222d, 0, 2486, 0, 3},
    {0x222f, 0, 2489, 0, 2},
    {0x2230, 0, 2491, 0, 3},
    {0x2241, 2494, 2494, 2, 2},
    {0x2244, 2496, 2496, 2, 2},
    {0x2247, 2498, 2498, 2, 2},
    {0x2249, 2500, 2500, 2, 2},
    {0x2260, 2502, 2502, 2, 2},
    {0x2262, 2504, 2504, 2, 2},
    {0x226d, 2506, 2506, 2, 2},
    {0x226e, 2508, 2508, 2, 2},
    {0x226f, 2510, 2510, 2, 2},
    {0x2270, 2512, 2512, 2, 2},
    {0x2271, 2514, 2514, 2, 2},
    {0x2274, 2516, 2516, 2, 2},
    {0x2275, 2518, 2518, 2, 2},
    {0x2278, 2520, 2520, 2, 2},
    {0x2279, 2522, 2522, 2, 2},
    {0x2280, 2524, 2524, 2, 2},
    {0x2281, 2526, 2526, 2, 2},
    {0x2284, 2528, 2528, 2, 2},
    {0x2285, 2530, 2530, 2, 2},
    {0x2288, 2532, 2532, 2, 2},
    {0x2289, 2534, 2534, 2, 2},
    {0x22ac, 2536, 2536, 2, 2},
    {0x22ad, 2538, 2538, 2, 2},
    {0x22ae, 2540, 2540, 2, 2},
    {0x22af, 2542, 2542, 2, 2},
    {0x22e0, 2544, 2544, 2, 2},
    {0x22e1, 2546, 2546, 2, 2},
    {0x22e2, 2548, 2548, 2, 2},
    {0x22e3, 2550, 2550, 2, 2},
    {0x22ea, 2552, 2552, 2, 2},
    {0x22eb, 2554, 2554, 2, 2},
    {0x22ec, 2556, 2556, 2, 2},
    {0x22ed, 2558, 2558, 2, 2},
    {0x2329, 2560, 2560, 1, 1},
    {0x232a, 2561, 2561, 1, 1},
    {0x2460, 0, 13, 0, 1},
    {0x2461, 0, 6, 0, 1},
    {0x2462, 0, 7, 0, 1},
    {0x2463, 0, 2307, 0, 1},
    {0x2464, 0, 2308, 0, 1},
    {0x2465, 0, 2309, 0, 1},
    {0x2466, 0, 2310, 0, 1},
    {0x2467, 0, 2311, 0, 1},
    {0x2468, 0, 2312, 0, 1},
    {0x2469, 0, 2562, 0, 2},
    {0x246a, 0, 2564, 0, 2},
    {0x246b, 0, 2566, 0, 2},
    {0x246c, 0, 2568, 0, 2},
    {0x246d, 0, 2570, 0, 2},
    {0x246e, 0, 2572, 0, 2},
    {0x246f, 0, 2574, 0, 2},
    {0x2470, 0, 2576, 0, 2},
    {0x2471, 0, 2578, 0, 2},
    {0x2472, 0, 2580, 0, 2},
    {0x2473, 0, 2582, 0, 2},
    {0x2474, 0, 2584, 0, 3},
    {0x2475, 0, 2587, 0, 3},
    {0x2476, 0, 2590, 0, 3},
    {0x2477, 0, 2593, 0, 3},
    {0x2478, 0, 2596, 0, 3},
    {0x2479, 0, 2599, 0, 3},
    {0x247a, 0, 2602, 0, 3},
    {0x247b, 0, 2605, 0, 3},
    {0x247c, 0, 2608, 0, 3},
    {0x247d, 0, 2611, 0, 4},
    {0x247e, 0, 2615, 0, 4},
    {0x247f, 0, 2619, 0, 4},
    {0x2480, 0, 2623, 0, 4},
    {0x2481, 0, 2627, 0, 4},
    {0x2482, 0, 2631, 0, 4},
    {0x2483, 0, 2635, 0, 4},
    {0x2484, 0, 2639, 0, 4},
    {0x2485, 0, 2643, 0, 4},
    {0x2486, 0, 2647, 0, 4},
    {0x2487, 0, 2651, 0, 4},
    {0x2488, 0, 2655, 0, 2},
    {0x2489, 0, 2657, 0, 2},
    {0x248a, 0, 2659, 0, 2},
    {0x248b, 0, 2661, 0, 2},
    {0x248c, 0, 2663, 0, 2},
    {0x248d, 0, 2665, 0, 2},
    {0x248e, 0, 2667, 0, 2},
    {0x248f, 0, 2669, 0, 2},
    {0x2490, 0, 2671, 0, 2},
    {0x2491, 0, 2673, 0, 3},
    {0x2492, 0, 2676, 0, 3},
    {0x2493, 0, 2679, 0, 3},
    {0x2494, 0, 2682, 0, 3},
    {0x2495, 0, 2685, 0, 3},
    {0x2496, 0, 2688, 0, 3},
    {0x2497, 0, 2691, 0, 3},
    {0x2498, 0, 2694, 0, 3},
    {0x2499, 0, 2697, 0, 3},
    {0x249a, 0, 2700, 0, 3},
    {0x249b, 0, 2703, 0, 3},
    {0x249c, 0, 2706, 0, 3},
    {0x249d, 0, 2709, 0, 3},
    {0x249e, 0, 2712, 0, 3},
    {0x249f, 0, 2715, 0, 3},
    {0x24a0, 0, 2718, 0, 3},
    {0x24a1, 0, 2721, 0, 3},
    {0x24a2, 0, 2724, 0, 3},
    {0x24a3, 0, 2727, 0, 3},
    {0x24a4, 0, 2730, 0, 3},
    {0x24a5, 0, 2733, 0, 3},
    {0x24a6, 0, 2736, 0, 3},
    {0x24a7, 0, 2739, 0, 3},
    {0x24a8, 0, 2742, 0, 3},
    {0x24a9, 0, 2745, 0, 3},
    {0x24aa, 0, 2748, 0, 3},
    {0x24ab, 0, 2751, 0, 3},
    {0x24ac, 0, 2754, 0, 3},
    {0x24ad, 0, 2757, 0, 3},
    {0x24ae, 0, 2760, 0, 3},
    {0x24af, 0, 2763, 0, 3},
    {0x24b0, 0, 2766, 0, 3},
    {0x24b1, 0, 2769, 0, 3},
    {0x24b2, 0, 2772, 0, 3},
    {0x24b3, 0, 2775, 0, 3},
    {0x24b4, 0, 2778, 0, 3},
    {0x24b5, 0, 2781, 0, 3},
    {0x24b6, 0, 982, 0, 1},
    {0x24b7, 0, 984, 0, 1},
    {0x24b8, 0, 2327, 0, 1},
    {0x24b9, 0, 985, 0, 1},
    {0x24ba, 0, 986, 0, 1},
    {0x24bb, 0, 2352, 0, 1},
    {0x24bc, 0, 988, 0, 1},
    {0x24bd, 0, 989, 0, 1},
    {0x24be, 0, 990, 0, 1},
    {0x24bf, 0, 991, 0, 1},
    {0x24c0, 0, 992, 0, 1},
    {0x24c1, 0, 993, 0, 1},
    {0x24c2, 0, 994, 0, 1},
    {0x24c3, 0, 995, 0, 1},
    {0x24c4, 0, 996, 0, 1},
    {0x24c5, 0, 998, 0, 1},
    {0x24c6, 0, 2342, 0, 1},
    {0x24c7, 0, 999, 0, 1},
    {0x24c8, 0, 2784, 0, 1},
    {0x24c9, 0, 1000, 0, 1},
    {0x24ca, 0, 1001, 0, 1},
    {0x24cb, 0, 2418, 0, 1},
    {0x24cc, 0, 1002, 0, 1},
    {0x24cd, 0, 2430, 0, 1},
    {0x24ce, 0, 2785, 0, 1},
    {0x24cf, 0, 2350, 0, 1},
    {0x24d0, 0, 3, 0, 1},
    {0x24d1, 0, 1006, 0, 1},
    {0x24d2, 0, 1032, 0, 1},
    {0x24d3, 0, 1007, 0, 1},
    {0x24d4, 0, 1008, 0, 1},
    {0x24d5, 0, 1035, 0, 1},
    {0x24d6, 0, 1012, 0, 1},
    {0x24d7, 0, 588, 0, 1},
    {0x24d8, 0, 1029, 0, 1},
    {0x24d9, 0, 590, 0, 1},
    {0x24da, 0, 1013, 0, 1},
    {0x24db, 0, 610, 0, 1},
    {0x24dc, 0, 1014, 0, 1},
    {0x24dd, 0, 2318, 0, 1},
    {0x24de, 0, 14, 0, 1},
    {0x24df, 0, 1019, 0, 1},
    {0x24e0, 0, 2786, 0, 1},
    {0x24e1, 0, 591, 0, 1},
    {0x24e2, 0, 356, 0, 1},
    {0x24e3, 0, 1020, 0, 1},
    {0x24e4, 0, 1021, 0, 1},
    {0x24e5, 0, 1024, 0, 1},
    {0x24e6, 0, 595, 0, 1},
    {0x24e7, 0, 611, 0, 1},
    {0x24e8, 0, 596, 0, 1},
    {0x24e9, 0, 1062, 0, 1},
    {0x24ea, 0, 2306, 0, 1},
    {0x2a0c, 0, 2787, 0, 4},
    {0x2a74, 0, 2791, 0, 3},
    {0x2a75, 0, 2794, 0, 2},
    {0x2a76, 0, 2796, 0, 3},
    {0x2adc, 2799, 2799, 2, 2},
    {0x2c7c, 0, 590, 0, 1},
    {0x2c7d, 0, 2418, 0, 1},
    {0x2d6f, 0, 2801, 0, 1},
    {0x2e9f, 0, 2802, 0, 1},
    {0x2ef3, 0, 2803, 0, 1},
    {0x2f00, 0, 2804, 0, 1},
    {0x2f01, 0, 2805, 0, 1},
    {0x2f02, 0, 2806, 0, 1},
    {0x2f03, 0, 2807, 0, 1},
    {0x2f04, 0, 2808, 0, 1},
    {0x2f05, 0, 2809, 0, 1},
    {0x2f06, 0, 2810, 0, 1},
    {0x2f07, 0, 2811, 0, 1},
    {0x2f08, 0, 2812, 0, 1},
    {0x2f09, 0, 2813, 0, 1},
    {0x2f0a, 0, 2814, 0, 1},
    {0x2f0b, 0, 2815, 0, 1},
    {0x2f0c, 0, 2816, 0, 1},
    {0x2f0d, 0, 2817, 0, 1},
    {0x2f0e, 0, 2818, 0, 1},
    {0x2f0f, 0, 2819, 0, 1},
    {0x2f10, 0, 2820, 0, 1},
    {0x2f11, 0, 2821, 0, 1},
    {0x2f12, 0, 2822, 0, 1},
    {0x2f13, 0, 2823, 0, 1},
    {0x2f14, 0, 2824, 0, 1},
    {0x2f15, 0, 2825, 0, 1},
    {0x2f16, 0, 2826, 0, 1},
    {0x2f17, 0, 2827, 0, 1},
    {0x2f18, 0, 2828, 0, 1},
    {0x2f19, 0, 2829, 0, 1},
    {0x2f1a, 0, 2830, 0, 1},
    {0x2f1b, 0, 2831, 0, 1},
    {0x2f1c, 0, 2832, 0, 1},
    {0x2f1d, 0, 2833, 0, 1},
    {0x2f1e, 0, 2834, 0, 1},
    {0x2f1f, 0, 2835, 0, 1},
    {0x2f20, 0, 2836, 0, 1},
    {0x2f21, 0, 2837, 0, 1},
    {0x2f22, 0, 2838, 0, 1},
    {0x2f23, 0, 2839, 0, 1},
    {0x2f24, 0, 2840, 0, 1},
    {0x2f25, 0, 2841, 0, 1},
    {0x2f26, 0, 2842, 0, 1},
    {0x2f27, 0, 2843, 0, 1},
    {0x2f28, 0, 2844, 0, 1},
    {0x2f29, 0, 2845, 0, 1},
    {0x2f2a, 0, 2846, 0, 1},
    {0x2f2b, 0, 2847, 0, 1},
    {0x2f2c, 0, 2848, 0, 1},
    {0x2f2d, 0, 2849, 0, 1},
    {0x2f2e, 0, 2850, 0, 1},
    {0x2f2f, 0, 2851, 0, 1},
    {0x2f30, 0, 2852, 0, 1},
    {0x2f31, 0, 2853, 0, 1},
    {0x2f32, 0, 2854, 0, 1},
    {0x2f33, 0, 2855, 0, 1},
    {0x2f34, 0, 2856, 0, 1},
    {0x2f35, 0, 2857, 0, 1},
    {0x2f36, 0, 2858, 0, 1},
    {0x2f37, 0, 2859, 0, 1},
    {0x2f38, 0, 2860, 0, 1},
    {0x2f39, 0, 2861, 0, 1},
    {0x2f3a, 0, 2862, 0, 1},
    {0x2f3b, 0, 2863, 0, 1},
    {0x2f3c, 0, 2864, 0, 1},
    {0x2f3d, 0, 2865, 0, 1},
    {0x2f3e, 0, 2866, 0, 1},
    {0x2f3f, 0, 2867, 0, 1},
    {0x2f40, 0, 2868, 0, 1},
    {0x2f41, 0, 2869, 0, 1},
    {0x2f42, 0, 2870, 0, 1},
    {0x2f43, 0, 2871, 0, 1},
    {0x2f44, 0, 2872, 0, 1},
    {0x2f45, 0, 2873, 0, 1},
    {0x2f46, 0, 2874, 0, 1},
    {0x2f47, 0, 2875, 0, 1},
    {0x2f48, 0, 2876, 0, 1},
    {0x2f49, 0, 2877, 0, 1},
    {0x2f4a, 0, 2878, 0, 1},
    {0x2f4b, 0, 2879, 0, 1},
    {0x2f4c, 0, 2880, 0, 1},
    {0x2f4d, 0, 2881, 0, 1},
    {0x2f4e, 0, 2882, 0, 1},
    {0x2f4f, 0, 2883, 0, 1},
    {0x2f50, 0, 2884, 0, 1},
    {0x2f51, 0, 2885, 0, 1},
    {0x2f52, 0, 2886, 0, 1},
    {0x2f53, 0, 2887, 0, 1},
    {0x2f54, 0, 2888, 0, 1},
    {0x2f55, 0, 2889, 0, 1},
    {0x2f56, 0, 2890, 0, 1},
    {0x2f57, 0, 2891, 0, 1},
    {0x2f58, 0, 2892, 0, 1},
    {0x2f59, 0, 2893, 0, 1},
    {0x2f5a, 0, 2894, 0, 1},
    {0x2f5b, 0, 2895, 0, 1},
    {0x2f5c, 0, 2896, 0, 1},
    {0x2f5d, 0, 2897, 0, 1},
    {0x2f5e, 0, 2898, 0, 1},
    {0x2f5f, 0, 2899, 0, 1},
    {0x2f60, 0, 2900, 0, 1},
    {0x2f61, 0, 2901, 0, 1},
    {0x2f62, 0, 2902, 0, 1},
    {0x2f63, 0, 2903, 0, 1},
    {0x2f64, 0, 2904, 0, 1},
    {0x2f65, 0, 2905, 0, 1},
    {0x2f66, 0, 2906, 0, 1},
    {0x2f67, 0, 2907, 0, 1},
    {0x2f68, 0, 2908, 0, 1},
    {0x2f69, 0, 2909, 0, 1},
    {0x2f6a, 0, 2910, 0, 1},
    {0x2f6b, 0, 2911, 0, 1},
    {0x2f6c, 0, 2912, 0, 1},
    {0x2f6d, 0, 2913, 0, 1},
    {0x2f6e, 0, 2914, 0, 1},
    {0x2f6f, 0, 2915, 0, 1},
    {0x2f70, 0, 2916, 0, 1},
    {0x2f71, 0, 2917, 0, 1},
    {0x2f72, 0, 2918, 0, 1},
    {0x2f73, 0, 2919, 0, 1},
    {0x2f74, 0, 2920, 0, 1},
    {0x2f75, 0, 2921, 0, 1},
    {0x2f76, 0, 2922, 0, 1},
    {0x2f77, 0, 2923, 0, 1},
    {0x2f78, 0, 2924, 0, 1},
    {0x2f79, 0, 2925, 0, 1},
    {0x2f7a, 0, 2926, 0, 1},
    {0x2f7b, 0, 2927, 0, 1},
    {0x2f7c, 0, 2928, 0, 1},
    {0x2f7d, 0, 2929, 0, 1},
    {0x2f7e, 0, 2930, 0, 1},
    {0x2f7f, 0, 2931, 0, 1},
    {0x2f80, 0, 2932, 0, 1},
    {0x2f81, 0, 2933, 0, 1},
    {0x2f82, 0, 2934, 0, 1},
    {0x2f83, 0, 2935, 0, 1},
    {0x2f84, 0, 2936, 0, 1},
    {0x2f85, 0, 2937, 0, 1},
    {0x2f86, 0, 2938, 0, 1},
    {0x2f87, 0, 2939, 0, 1},
    {0x2f88, 0, 2940, 0, 1},
    {0x2f89, 0, 2941, 0, 1},
    {0x2f8a, 0, 2942, 0, 1},
    {0x2f8b, 0, 2943, 0, 1},
    {0x2f8c, 0, 2944, 0, 1},
    {0x2f8d, 0, 2945, 0, 1},
    {0x2f8e, 0, 2946, 0, 1},
    {0x2f8f, 0, 2947, 0, 1},
    {0x2f90, 0, 2948, 0, 1},
    {0x2f91, 0, 2949, 0, 1},
    {0x2f92, 0, 2950, 0, 1},
    {0x2f93, 0, 2951, 0, 1},
    {0x2f94, 0, 2952, 0, 1},
    {0x2f95, 0, 2953, 0, 1},
    {0x2f96, 0, 2954, 0, 1},
    {0x2f97, 0, 2955, 0, 1},
    {0x2f98, 0, 2956, 0, 1},
    {0x2f99, 0, 2957, 0, 1},
    {0x2f9a, 0, 2958, 0, 1},
    {0x2f9b, 0, 2959, 0, 1},
    {0x2f9c, 0, 2960, 0, 1},
    {0x2f9d, 0, 2961, 0, 1},
    {0x2f9e, 0, 2962, 0, 1},
    {0x2f9f, 0, 2963, 0, 1},
    {0x2fa0, 0, 2964, 0, 1},
    {0x2fa1, 0, 2965, 0, 1},
    {0x2fa2, 0, 2966, 0, 1},
    {0x2fa3, 0, 2967, 0, 1},
    {0x2fa4, 0, 2968, 0, 1},
    {0x2fa5, 0, 2969, 0, 1},
    {0x2fa6, 0, 2970, 0, 1},
    {0x2fa7, 0, 2971, 0, 1},
    {0x2fa8, 0, 2972, 0, 1},
    {0x2fa9, 0, 2973, 0, 1},
    {0x2faa, 0, 2974, 0, 1},
    {0x2fab, 0, 2975, 0, 1},
    {0x2fac, 0, 2976, 0, 1},
    {0x2fad, 0, 2977, 0, 1},
    {0x2fae, 0, 2978, 0, 1},
    {0x2faf, 0, 2979, 0, 1},
    {0x2fb0, 0, 2980, 0, 1},
    {0x2fb1, 0, 2981, 0, 1},
    {0x2fb2, 0, 2982, 0, 1},
    {0x2fb3, 0, 2983, 0, 1},
    {0x2fb4, 0, 2984, 0, 1},
    {0x2fb5, 0, 2985, 0, 1},
    {0x2fb6, 0, 2986, 0, 1},
    {0x2fb7, 0, 2987, 0, 1},
    {0x2fb8, 0, 2988, 0, 1},
    {0x2fb9, 0, 2989, 0, 1},
    {0x2fba, 0, 2990, 0, 1},
    {0x2fbb, 0, 2991, 0, 1},
    {0x2fbc, 0, 2992, 0, 1},
    {0x2fbd, 0, 2993, 0, 1},
    {0x2fbe, 0, 2994, 0, 1},
    {0x2fbf, 0, 2995, 0, 1},
    {0x2fc0, 0, 2996, 0, 1},
    {0x2fc1, 0, 2997, 0, 1},
    {0x2fc2, 0, 2998, 0, 1},
    {0x2fc3, 0, 2999, 0, 1},
    {0x2fc4, 0, 3000, 0, 1},
    {0x2fc5, 0, 3001, 0, 1},
    {0x2fc6, 0, 3002, 0, 1},
    {0x2fc7, 0, 3003, 0, 1},
    {0x2fc8, 0, 3004, 0, 1},
    {0x2fc9, 0, 3005, 0, 1},
    {0x2fca, 0, 3006, 0, 1},
    {0x2fcb, 0, 3007, 0, 1},
    {0x2fcc, 0, 3008, 0, 1},
    {0x2fcd, 0, 3009, 0, 1},
    {0x2fce, 0, 3010, 0, 1},
    {0x2fcf, 0, 3011, 0, 1},
    {0x2fd0, 0, 3012, 0, 1},
    {0x2fd1, 0, 3013, 0, 1},
    {0x2fd2, 0, 3014, 0, 1},
    {0x2fd3, 0, 3015, 0, 1},
    {0x2fd4, 0, 3016, 0, 1},
    {0x2fd5, 0, 3017, 0, 1},
    {0x3000, 0, 0, 0, 1},
    {0x3036, 0, 3018, 0, 1},
    {0x3038, 0, 2827, 0, 1},
    {0x3039, 0, 3019, 0, 1},
    {0x303a, 0, 3020, 0, 1},
    {0x304c, 3021, 3021, 2, 2},
    {0x304e, 3023, 3023, 2, 2},
    {0x3050, 3025, 3025, 2, 2},
    {0x3052, 3027, 3027, 2, 2},
    {0x3054, 3029, 3029, 2, 2},
    {0x3056, 3031, 3031, 2, 2},
    {0x3058, 3033, 3033, 2, 2},
    {0x305a, 3035, 3035, 2, 2},
    {0x305c, 3037, 3037, 2, 2},
    {0x305e, 3039, 3039, 2, 2},
    {0x3060, 3041, 3041, 2, 2},
    {0x3062, 3043, 3043, 2, 2},
    {0x3065, 3045, 3045, 2, 2},
    {0x3067, 3047, 3047, 2, 2},
    {0x3069, 3049, 3049, 2, 2},
    {0x3070, 3051, 3051, 2, 2},
    {0x3071, 3053, 3053, 2, 2},
    {0x3073, 3055, 3055, 2, 2},
    {0x3074, 3057, 3057, 2, 2},
    {0x3076, 3059, 3059, 2, 2},
    {0x3077, 3061, 3061, 2, 2},
    {0x3079, 3063, 3063, 2, 2},
    {0x307a, 3065, 3065, 2, 2},
    {0x307c, 3067, 3067, 2, 2},
    {0x307d, 3069, 3069, 2, 2},
    {0x3094, 3071, 3071, 2, 2},
    {0x309b, 0, 3073, 0, 2},
    {0x309c, 0, 3075, 0, 2},
    {0x309e, 3077, 3077, 2, 2},
    {0x309f, 0, 3079, 0, 2},
    {0x30ac, 3081, 3081, 2, 2},
    {0x30ae, 3083, 3083, 2, 2},
    {0x30b0, 3085, 3085, 2, 2},
    {0x30b2, 3087, 3087, 2, 2},
    {0x30b4, 3089, 3089, 2, 2},
    {0x30b6, 3091, 3091, 2, 2},
    {0x30b8, 3093, 3093, 2, 2},
    {0x30ba, 3095, 3095, 2, 2},
    {0x30bc, 3097, 3097, 2, 2},
    {0x30be, 3099, 3099, 2, 2},
    {0x30c0, 3101, 3101, 2, 2},
    {0x30c2, 3103, 3103, 2, 2},
    {0x30c5, 3105, 3105, 2, 2},
    {0x30c7, 3107, 3107, 2, 2},
    {0x30c9, 3109, 3109, 2, 2},
    {0x30d0, 3111, 3111, 2, 2},
    {0x30d1, 3113, 3113, 2, 2},
    {0x30d3, 3115, 3115, 2, 2},
    {0x30d4, 3117, 3117, 2, 2},
    {0x30d6, 3119, 3119, 2, 2},
    {0x30d7, 3121, 3121, 2, 2},
    {0x30d9, 3123, 3123, 2, 2},
    {0x30da, 3125, 3125, 2, 2},
    {0x30dc, 3127, 3127, 2, 2},
    {0x30dd, 3129, 3129, 2, 2},
    {0x30f4, 3131, 3131, 2, 2},
    {0x30f7, 3133, 3133, 2, 2},
    {0x30f8, 3135, 3135, 2, 2},
    {0x30f9, 3137, 3137, 2, 2},
    {0x30fa, 3139, 3139, 2, 2},
    {0x30fe, 3141, 3141, 2, 2},
    {0x30ff, 0, 3143, 0, 2},
    {0x3131, 0, 3145, 0, 1},
    {0x3132, 0, 3146, 0, 1},
    {0x3133, 0, 3147, 0, 1},
    {0x3134, 0, 3148, 0, 1},
    {0x3135, 0, 3149, 0, 1},
    {0x3136, 0, 3150, 0, 1},
    {0x3137, 0, 3151, 0, 1},
    {0x3138, 0, 3152, 0, 1},
    {0x3139, 0, 3153, 0, 1},
    {0x313a, 0, 3154, 0, 1},
    {0x313b, 0, 3155, 0, 1},
    {0x313c, 0, 3156, 0, 1},
    {0x313d, 0, 3157, 0, 1},
    {0x313e, 0, 3158, 0, 1},
    {0x313f, 0, 3159, 0, 1},
    {0x3140, 0, 3160, 0, 1},
    {0x3141, 0, 3161, 0, 1},
    {0x3142, 0, 3162, 0, 1},
    {0x3143, 0, 3163, 0, 1},
    {0x3144, 0, 3164, 0, 1},
    {0x3145, 0, 3165, 0, 1},
    {0x3146, 0, 3166, 0, 1},
    {0x3147, 0, 3167, 0, 1},
    {0x3148, 0, 3168, 0, 1},
    {0x3149, 0, 3169, 0, 1},
    {0x314a, 0, 3170, 0, 1},
    {0x314b, 0, 3171, 0, 1},
    {0x314c, 0, 3172, 0, 1},
    {0x314d, 0, 3173, 0, 1},
    {0x314e, 0, 3174, 0, 1},
    {0x314f, 0, 3175, 0, 1},
    {0x3150, 0, 3176, 0, 1},
    {0x3151, 0, 3177, 0, 1},
    {0x3152, 0, 3178, 0, 1},
    {0x3153, 0, 3179, 0, 1},
    {0x3154, 0, 3180, 0, 1},
    {0x3155, 0, 3181, 0, 1},
    {0x3156, 0, 3182, 0, 1},
    {0x3157, 0, 3183, 0, 1},
    {0x3158, 0, 3184, 0, 1},
    {0x3159, 0, 3185, 0, 1},
    {0x315a, 0, 3186, 0, 1},
    {0x315b, 0, 3187, 0, 1},
    {0x315c, 0, 3188, 0, 1},
    {0x315d, 0, 3189, 0, 1},
    {0x315e, 0, 3190, 0, 1},
    {0x315f, 0, 3191, 0, 1},
    {0x3160, 0, 3192, 0, 1},
    {0x3161, 0, 3193, 0, 1},
    {0x3162, 0, 3194, 0, 1},
    {0x3163, 0, 3195, 0, 1},
    {0x3164, 0, 3196, 0, 1},
    {0x3165, 0, 3197, 0, 1},
    {0x3166, 0, 3198, 0, 1},
    {0x3167, 0, 3199, 0, 1},
    {0x3168, 0, 3200, 0, 1},
    {0x3169, 0, 3201, 0, 1},
    {0x316a, 0, 3202, 0, 1},
    {0x316b, 0, 3203, 0, 1},
    {0x316c, 0, 3204, 0, 1},
    {0x316d, 0, 3205, 0, 1},
    {0x316e, 0, 3206, 0, 1},
    {0x316f, 0, 3207, 0, 1},
    {0x3170, 0, 3208, 0, 1},
    {0x3171, 0, 3209, 0, 1},
    {0x3172, 0, 3210, 0, 1},
    {0x3173, 0, 3211, 0, 1},
    {0x3174, 0, 3212, 0, 1},
    {0x3175, 0, 3213, 0, 1},
    {0x3176, 0, 3214, 0, 1},
    {0x3177, 0, 3215, 0, 1},
    {0x3178, 0, 3216, 0, 1},
    {0x3179, 0, 3217, 0, 1},
    {0x317a, 0, 3218, 0, 1},
    {0x317b, 0, 3219, 0, 1},
    {0x317c, 0, 3220, 0, 1},
    {0x317d, 0, 3221, 0, 1},
    {0x317e, 0, 3222, 0, 1},
    {0x317f, 0, 3223, 0, 1},
    {0x3180, 0, 3224, 0, 1},
    {0x3181, 0, 3225, 0, 1},
    {0x3182, 0, 3226, 0, 1},
    {0x3183, 0, 3227, 0, 1},
    {0x3184, 0, 3228, 0, 1},
    {0x3185, 0, 3229, 0, 1},
    {0x3186, 0, 3230, 0, 1},
    {0x3187, 0, 3231, 0, 1},
    {0x3188, 0, 3232, 0, 1},
    {0x3189, 0, 3233, 0, 1},
    {0x318a, 0, 3234, 0, 1},
    {0x318b, 0, 3235, 0, 1},
    {0x318c, 0, 3236, 0, 1},
    {0x318d, 0, 3237, 0, 1},
    {0x318e, 0, 3238, 0, 1},
    {0x3192, 0, 2804, 0, 1},
    {0x3193, 0, 2810, 0, 1},
    {0x3194, 0, 3239, 0, 1},
    {0x3195, 0, 3240, 0, 1},
    {0x3196, 0, 3241, 0, 1},
    {0x3197, 0, 3242, 0, 1},
    {0x3198, 0, 3243, 0, 1},
    {0x3199, 0, 3244, 0, 1},
    {0x319a, 0, 2808, 0, 1},
    {0x319b, 0, 3245, 0, 1},
    {0x319c, 0, 3246, 0, 1},
    {0x319d, 0, 3247, 0, 1},
    {0x319e, 0, 3248, 0, 1},
    {0x319f, 0, 2812, 0, 1},
    {0x3200, 0, 3249, 0, 3},
    {0x3201, 0, 3252, 0, 3},
    {0x3202, 0, 3255, 0, 3},
    {0x3203, 0, 3258, 0, 3},
    {0x3204, 0, 3261, 0, 3},
    {0x3205, 0, 3264, 0, 3},
    {0x3206, 0, 3267, 0, 3},
    {0x3207, 0, 3270, 0, 3},
    {0x3208, 0, 3273, 0, 3},
    {0x3209, 0, 3276, 0, 3},
    {0x320a, 0, 3279, 0, 3},
    {0x320b, 0, 3282, 0, 3},
    {0x320c, 0, 3285, 0, 3},
    {0x320d, 0, 3288, 0, 3},
    {0x320e, 0, 3291, 0, 4},
    {0x320f, 0, 3295, 0, 4},
    {0x3210, 0, 3299, 0, 4},
    {0x3211, 0, 3303, 0, 4},
    {0x3212, 0, 3307, 0, 4},
    {0x3213, 0, 3311, 0, 4},
    {0x3214, 0, 3315, 0, 4},
    {0x3215, 0, 3319, 0, 4},
    {0x3216, 0, 3323, 0, 4},
    {0x3217, 0, 3327, 0, 4},
    {0x3218, 0, 3331, 0, 4},
    {0x3219, 0, 3335, 0, 4},
    {0x321a, 0, 3339, 0, 4},
    {0x321b, 0, 3343, 0, 4},
    {0x321c, 0, 3347, 0, 4},
    {0x321d, 0, 3351, 0, 7},
    {0x321e, 0, 3358, 0, 6},
    {0x3220, 0, 3364, 0, 3},
    {0x3221, 0, 3367, 0, 3},
    {0x3222, 0, 3370, 0, 3},
    {0x3223, 0, 3373, 0, 3},
    {0x3224, 0, 3376, 0, 3},
    {0x3225, 0, 3379, 0, 3},
    {0x3226, 0, 3382, 0, 3},
    {0x3227, 0, 3385, 0, 3},
    {0x3228, 0, 3388, 0, 3},
    {0x3229, 0, 3391, 0, 3},
    {0x322a, 0, 3394, 0, 3},
    {0x322b, 0, 3397, 0, 3},
    {0x322c, 0, 3400, 0, 3},
    {0x322d, 0, 3403, 0, 3},
    {0x322e, 0, 3406, 0, 3},
    {0x322f, 0, 3409, 0, 3},
    {0x3230, 0, 3412, 0, 3},
    {0x3231, 0, 3415, 0, 3},
    {0x3232, 0, 3418, 0, 3},
    {0x3233, 0, 3421, 0, 3},
    {0x3234, 0, 3424, 0, 3},
    {0x3235, 0, 3427, 0, 3},
    {0x3236, 0, 3430, 0, 3},
    {0x3237, 0, 3433, 0, 3},
    {0x3238, 0, 3436, 0, 3},
    {0x3239, 0, 3439, 0, 3},
    {0x323a, 0, 3442, 0, 3},
    {0x323b, 0, 3445, 0, 3},
    {0x323c, 0, 3448, 0, 3},
    {0x323d, 0, 3451, 0, 3},
    {0x323e, 0, 3454, 0, 3},
    {0x323f, 0, 3457, 0, 3},
    {0x3240, 0, 3460, 0, 3},
    {0x3241, 0, 3463, 0, 3},
    {0x3242, 0, 3466, 0, 3},
    {0x3243, 0, 3469, 0, 3},
    {0x3244, 0, 3472, 0, 1},
    {0x3245, 0, 3473, 0, 1},
    {0x3246, 0, 2870, 0, 1},
    {0x3247, 0, 3474, 0, 1},
    {0x3250, 0, 3475, 0, 3},
    {0x3251, 0, 3478, 0, 2},
    {0x3252, 0, 3480, 0, 2},
    {0x3253, 0, 3482, 0, 2},
    {0x3254, 0, 3484, 0, 2},
    {0x3255, 0, 3486, 0, 2},
    {0x3256, 0, 3488, 0, 2},
    {0x3257, 0, 3490, 0, 2},
    {0x3258, 0, 3492, 0, 2},
    {0x3259, 0, 3494, 0, 2},
    {0x325a, 0, 3496, 0, 2},
    {0x325b, 0, 3498, 0, 2},
    {0x325c, 0, 3500, 0, 2},
    {0x325d, 0, 3502, 0, 2},
    {0x325e, 0, 3504, 0, 2},
    {0x325f, 0, 3506, 0, 2},
    {0x3260, 0, 3145, 0, 1},
    {0x3261, 0, 3148, 0, 1},
    {0x3262, 0, 3151, 0, 1},
    {0x3263, 0, 3153, 0, 1},
    {0x3264, 0, 3161, 0, 1},
    {0x3265, 0, 3162, 0, 1},
    {0x3266, 0, 3165, 0, 1},
    {0x3267, 0, 3167, 0, 1},
    {0x3268, 0, 3168, 0, 1},
    {0x3269, 0, 3170, 0, 1},
    {0x326a, 0, 3171, 0, 1},
    {0x326b, 0, 3172, 0, 1},
    {0x326c, 0, 3173, 0, 1},
    {0x326d, 0, 3174, 0, 1},
    {0x326e, 0, 3508, 0, 2},
    {0x326f, 0, 3510, 0, 2},
    {0x3270, 0, 3512, 0, 2},
    {0x3271, 0, 3514, 0, 2},
    {0x3272, 0, 3516, 0, 2},
    {0x3273, 0, 3518, 0, 2},
    {0x3274, 0, 3520, 0, 2},
    {0x3275, 0, 3522, 0, 2},
    {0x3276, 0, 3524, 0, 2},
    {0x3277, 0, 3526, 0, 2},
    {0x3278, 0, 3528, 0, 2},
    {0x3279, 0, 3530, 0, 2},
    {0x327a, 0, 3532, 0, 2},
    {0x327b, 0, 3534, 0, 2},
    {0x327c, 0, 3536, 0, 5},
    {0x327d, 0, 3541, 0, 4},
    {0x327e, 0, 3545, 0, 2},
    {0x3280, 0, 2804, 0, 1},
    {0x3281, 0, 2810, 0, 1},
    {0x3282, 0, 3239, 0, 1},
    {0x3283, 0, 3240, 0, 1},
    {0x3284, 0, 3547, 0, 1},
    {0x3285, 0, 3548, 0, 1},
    {0x3286, 0, 3549, 0, 1},
    {0x3287, 0, 2815, 0, 1},
    {0x3288, 0, 3550, 0, 1},
    {0x3289, 0, 2827, 0, 1},
    {0x328a, 0, 2877, 0, 1},
    {0x328b, 0, 2889, 0, 1},
    {0x328c, 0, 2888, 0, 1},
    {0x328d, 0, 2878, 0, 1},
    {0x328e, 0, 2970, 0, 1},
    {0x328f, 0, 2835, 0, 1},
    {0x3290, 0, 2875, 0, 1},
    {0x3291, 0, 3551, 0, 1},
    {0x3292, 0, 3552, 0, 1},
    {0x3293, 0, 3553, 0, 1},
    {0x3294, 0, 3554, 0, 1},
    {0x3295, 0, 3555, 0, 1},
    {0x3296, 0, 3556, 0, 1},
    {0x3297, 0, 3557, 0, 1},
    {0x3298, 0, 3558, 0, 1},
    {0x3299, 0, 3559, 0, 1},
    {0x329a, 0, 3560, 0, 1},
    {0x329b, 0, 2841, 0, 1},
    {0x329c, 0, 3561, 0, 1},
    {0x329d, 0, 3562, 0, 1},
    {0x329e, 0, 3563, 0, 1},
    {0x329f, 0, 3564, 0, 1},
    {0x32a0, 0, 3565, 0, 1},
    {0x32a1, 0, 3566, 0, 1},
    {0x32a2, 0, 3567, 0, 1},
    {0x32a3, 0, 3568, 0, 1},
    {0x32a4, 0, 3241, 0, 1},
    {0x32a5, 0, 3242, 0, 1},
    {0x32a6, 0, 3243, 0, 1},
    {0x32a7, 0, 3569, 0, 1},
    {0x32a8, 0, 3570, 0, 1},
    {0x32a9, 0, 3571, 0, 1},
    {0x32aa, 0, 3572, 0, 1},
    {0x32ab, 0, 3573, 0, 1},
    {0x32ac, 0, 3574, 0, 1},
    {0x32ad, 0, 3575, 0, 1},
    {0x32ae, 0, 3576, 0, 1},
    {0x32af, 0, 3577, 0, 1},
    {0x32b0, 0, 3578, 0, 1},
    {0x32b1, 0, 3579, 0, 2},
    {0x32b2, 0, 3581, 0, 2},
    {0x32b3, 0, 3583, 0, 2},
    {0x32b4, 0, 3585, 0, 2},
    {0x32b5, 0, 3587, 0, 2},
    {0x32b6, 0, 3589, 0, 2},
    {0x32b7, 0, 3591, 0, 2},
    {0x32b8, 0, 3593, 0, 2},
    {0x32b9, 0, 3595, 0, 2},
    {0x32ba, 0, 3597, 0, 2},
    {0x32bb, 0, 3599, 0, 2},
    {0x32bc, 0, 3601, 0, 2},
    {0x32bd, 0, 3603, 0, 2},
    {0x32be, 0, 3605, 0, 2},
    {0x32bf, 0, 3607, 0, 2},
    {0x32c0, 0, 3609, 0, 2},
    {0x32c1, 0, 3611, 0, 2},
    {0x32c2, 0, 3613, 0, 2},
    {0x32c3, 0, 3615, 0, 2},
    {0x32c4, 0, 3617, 0, 2},
    {0x32c5, 0, 3619, 0, 2},
    {0x32c6, 0, 3621, 0, 2},
    {0x32c7, 0, 3623, 0, 2},
    {0x32c8, 0, 3625, 0, 2},
    {0x32c9, 0, 3627, 0, 3},
    {0x32ca, 0, 3630, 0, 3},
    {0x32cb, 0, 3633, 0, 3},
    {0x32cc, 0, 3636, 0, 2},
    {0x32cd, 0, 3638, 0, 3},
    {0x32ce, 0, 3641, 0, 2},
    {0x32cf, 0, 3643, 0, 3},
    {0x32d0, 0, 3646, 0, 1},
    {0x32d1, 0, 3647, 0, 1},
    {0x32d2, 0, 3648, 0, 1},
    {0x32d3, 0, 3649, 0, 1},
    {0x32d4, 0, 3650, 0, 1},
    {0x32d5, 0, 3651, 0, 1},
    {0x32d6, 0, 3652, 0, 1},
    {0x32d7, 0, 3653, 0, 1},
    {0x32d8, 0, 3654, 0, 1},
    {0x32d9, 0, 3655, 0, 1},
    {0x32da, 0, 3656, 0, 1},
    {0x32db, 0, 3657, 0, 1},
    {0x32dc, 0, 3658, 0, 1},
    {0x32dd, 0, 3659, 0, 1},
    {0x32de, 0, 3660, 0, 1},
    {0x32df, 0, 3661, 0, 1},
    {0x32e0, 0, 3662, 0, 1},
    {0x32e1, 0, 3663, 0, 1},
    {0x32e2, 0, 3664, 0, 1},
    {0x32e3, 0, 3665, 0, 1},
    {0x32e4, 0, 3666, 0, 1},
    {0x32e5, 0, 3667, 0, 1},
    {0x32e6, 0, 3668, 0, 1},
    {0x32e7, 0, 3669, 0, 1},
    {0x32e8, 0, 3670, 0, 1},
    {0x32e9, 0, 3671, 0, 1},
    {0x32ea, 0, 3672, 0, 1},
    {0x32eb, 0, 3673, 0, 1},
    {0x32ec, 0, 3674, 0, 1},
    {0x32ed, 0, 3675, 0, 1},
    {0x32ee, 0, 3676, 0, 1},
    {0x32ef, 0, 3677, 0, 1},
    {0x32f0, 0, 3678, 0, 1},
    {0x32f1, 0, 3679, 0, 1},
    {0x32f2, 0, 3680, 0, 1},
    {0x32f3, 0, 3681, 0, 1},
    {0x32f4, 0, 3682, 0, 1},
    {0x32f5, 0, 3683, 0, 1},
    {0x32f6, 0, 3684, 0, 1},
    {0x32f7, 0, 3685, 0, 1},
    {0x32f8, 0, 3686, 0, 1},
    {0x32f9, 0, 3687, 0, 1},
    {0x32fa, 0, 3688, 0, 1},
    {0x32fb, 0, 3689, 0, 1},
    {0x32fc, 0, 3690, 0, 1},
    {0x32fd, 0, 3691, 0, 1},
    {0x32fe, 0, 3692, 0, 1},
    {0x32ff, 0, 3693, 0, 2},
    {0x3300, 0, 3695, 0, 5},
    {0x3301, 0, 3700, 0, 4},
    {0x3302, 0, 3704, 0, 5},
    {0x3303, 0, 3709, 0, 3},
    {0x3304, 0, 3712, 0, 5},
    {0x3305, 0, 3717, 0, 3},
    {0x3306, 0, 3720, 0, 3},
    {0x3307, 0, 3723, 0, 6},
    {0x3308, 0, 3729, 0, 4},
    {0x3309, 0, 3733, 0, 3},
    {0x330a, 0, 3736, 0, 3},
    {0x330b, 0, 3739, 0, 3},
    {0x330c, 0, 3742, 0, 4},
    {0x330d, 0, 3746, 0, 4},
    {0x330e, 0, 3750, 0, 4},
    {0x330f, 0, 3754, 0, 4},
    {0x3310, 0, 3758, 0, 4},
    {0x3311, 0, 3762, 0, 4},
    {0x3312, 0, 3766, 0, 4},
    {0x3313, 0, 3770, 0, 6},
    {0x3314, 0, 3776, 0, 2},
    {0x3315, 0, 3778, 0, 6},
    {0x3316, 0, 3784, 0, 6},
    {0x3317, 0, 3790, 0, 5},
    {0x3318, 0, 3795, 0, 4},
    {0x3319, 0, 3799, 0, 6},
    {0x331a, 0, 3805, 0, 6},
    {0x331b, 0, 3811, 0, 4},
    {0x331c, 0, 3815, 0, 3},
    {0x331d, 0, 3818, 0, 3},
    {0x331e, 0, 3821, 0, 4},
    {0x331f, 0, 3825, 0, 4},
    {0x3320, 0, 3829, 0, 5},
    {0x3321, 0, 3834, 0, 5},
    {0x3322, 0, 3839, 0, 3},
    {0x3323, 0, 3842, 0, 3},
    {0x3324, 0, 3845, 0, 4},
    {0x3325, 0, 3849, 0, 3},
    {0x3326, 0, 3852, 0, 3},
    {0x3327, 0, 3855, 0, 2},
    {0x3328, 0, 3857, 0, 2},
    {0x3329, 0, 3859, 0, 3},
    {0x332a, 0, 3862, 0, 3},
    {0x332b, 0, 3865, 0, 6},
    {0x332c, 0, 3871, 0, 4},
    {0x332d, 0, 3875, 0, 5},
    {0x332e, 0, 3880, 0, 6},
    {0x332f, 0, 3886, 0, 4},
    {0x3330, 0, 3890, 0, 3},
    {0x3331, 0, 3893, 0, 3},
    {0x3332, 0, 3896, 0, 6},
    {0x3333, 0, 3902, 0, 4},
    {0x3334, 0, 3906, 0, 6},
    {0x3335, 0, 3912, 0, 3},
    {0x3336, 0, 3915, 0, 5},
    {0x3337, 0, 3920, 0, 3},
    {0x3338, 0, 3923, 0, 4},
    {0x3339, 0, 3927, 0, 3},
    {0x333a, 0, 3930, 0, 4},
    {0x333b, 0, 3934, 0, 5},
    {0x333c, 0, 3939, 0, 4},
    {0x333d, 0, 3943, 0, 5},
    {0x333e, 0, 3948, 0, 4},
    {0x333f, 0, 3952, 0, 2},
    {0x3340, 0, 3954, 0, 5},
    {0x3341, 0, 3959, 0, 3},
    {0x3342, 0, 3962, 0, 3},
    {0x3343, 0, 3965, 0, 4},
    {0x3344, 0, 3969, 0, 3},
    {0x3345, 0, 3972, 0, 3},
    {0x3346, 0, 3975, 0, 3},
    {0x3347, 0, 3978, 0, 5},
    {0x3348, 0, 3983, 0, 4},
    {0x3349, 0, 3987, 0, 2},
    {0x334a, 0, 3989, 0, 6},
    {0x334b, 0, 3995, 0, 3},
    {0x334c, 0, 3998, 0, 5},
    {0x334d, 0, 4003, 0, 4},
    {0x334e, 0, 4007, 0, 4},
    {0x334f, 0, 4011, 0, 3},
    {0x3350, 0, 4014, 0, 3},
    {0x3351, 0, 4017, 0, 4},
    {0x3352, 0, 4021, 0, 2},
    {0x3353, 0, 4023, 0, 4},
    {0x3354, 0, 4027, 0, 5},
    {0x3355, 0, 4032, 0, 2},
    {0x3356, 0, 4034, 0, 6},
    {0x3357, 0, 4040, 0, 3},
    {0x3358, 0, 4043, 0, 2},
    {0x3359, 0, 4045, 0, 2},
    {0x335a, 0, 4047, 0, 2},
    {0x335b, 0, 4049, 0, 2},
    {0x335c, 0, 4051, 0, 2},
    {0x335d, 0, 4053, 0, 2},
    {0x335e, 0, 4055, 0, 2},
    {0x335f, 0, 4057, 0, 2},
    {0x3360, 0, 4059, 0, 2},
    {0x3361, 0, 4061, 0, 2},
    {0x3362, 0, 4063, 0, 3},
    {0x3363, 0, 4066, 0, 3},
    {0x3364, 0, 4069, 0, 3},
    {0x3365, 0, 4072, 0, 3},
    {0x3366, 0, 4075, 0, 3},
    {0x3367, 0, 4078, 0, 3},
    {0x3368, 0, 4081, 0, 3},
    {0x3369, 0, 4084, 0, 3},
    {0x336a, 0, 4087, 0, 3},
    {0x336b, 0, 4090, 0, 3},
    {0x336c, 0, 4093, 0, 3},
    {0x336d, 0, 4096, 0, 3},
    {0x336e, 0, 4099, 0, 3},
    {0x336f, 0, 4102, 0, 3},
    {0x3370, 0, 4105, 0, 3},
    {0x3371, 0, 4108, 0, 3},
    {0x3372, 0, 4111, 0, 2},
    {0x3373, 0, 4113, 0, 2},
    {0x3374, 0, 4115, 0, 3},
    {0x3375, 0, 4118, 0, 2},
    {0x3376, 0, 4120, 0, 2},
    {0x3377, 0, 4122, 0, 2},
    {0x3378, 0, 4124, 0, 3},
    {0x3379, 0, 4127, 0, 3},
    {0x337a, 0, 4130, 0, 2},
    {0x337b, 0, 4132, 0, 2},
    {0x337c, 0, 4134, 0, 2},
    {0x337d, 0, 4136, 0, 2},
    {0x337e, 0, 4138, 0, 2},
    {0x337f, 0, 4140, 0, 4},
    {0x3380, 0, 4144, 0, 2},
    {0x3381, 0, 4146, 0, 2},
    {0x3382, 0, 4148, 0, 2},
    {0x3383, 0, 4150, 0, 2},
    {0x3384, 0, 4152, 0, 2},
    {0x3385, 0, 4154, 0, 2},
    {0x3386, 0, 4156, 0, 2},
    {0x3387, 0, 4158, 0, 2},
    {0x3388, 0, 4160, 0, 3},
    {0x3389, 0, 4163, 0, 4},
    {0x338a, 0, 4167, 0, 2},
    {0x338b, 0, 4169, 0, 2},
    {0x338c, 0, 4171, 0, 2},
    {0x338d, 0, 4173, 0, 2},
    {0x338e, 0, 4175, 0, 2},
    {0x338f, 0, 4177, 0, 2},
    {0x3390, 0, 4179, 0, 2},
    {0x3391, 0, 4181, 0, 3},
    {0x3392, 0, 4184, 0, 3},
    {0x3393, 0, 4187, 0, 3},
    {0x3394, 0, 4190, 0, 3},
    {0x3395, 0, 4193, 0, 2},
    {0x3396, 0, 4195, 0, 2},
    {0x3397, 0, 4197, 0, 2},
    {0x3398, 0, 4199, 0, 2},
    {0x3399, 0, 4201, 0, 2},
    {0x339a, 0, 4203, 0, 2},
    {0x339b, 0, 4205, 0, 2},
    {0x339c, 0, 4207, 0, 2},
    {0x339d, 0, 4209, 0, 2},
    {0x339e, 0, 4211, 0, 2},
    {0x339f, 0, 4213, 0, 3},
    {0x33a0, 0, 4216, 0, 3},
    {0x33a1, 0, 4219, 0, 2},
    {0x33a2, 0, 4221, 0, 3},
    {0x33a3, 0, 4224, 0, 3},
    {0x33a4, 0, 4227, 0, 3},
    {0x33a5, 0, 4230, 0, 2},
    {0x33a6, 0, 4232, 0, 3},
    {0x33a7, 0, 4235, 0, 3},
    {0x33a8, 0, 4238, 0, 4},
    {0x33a9, 0, 4242, 0, 2},
    {0x33aa, 0, 4244, 0, 3},
    {0x33ab, 0, 4247, 0, 3},
    {0x33ac, 0, 4250, 0, 3},
    {0x33ad, 0, 4253, 0, 3},
    {0x33ae, 0, 4256, 0, 5},
    {0x33af, 0, 4261, 0, 6},
    {0x33b0, 0, 4267, 0, 2},
    {0x33b1, 0, 4269, 0, 2},
    {0x33b2, 0, 4271, 0, 2},
    {0x33b3, 0, 4273, 0, 2},
    {0x33b4, 0, 4275, 0, 2},
    {0x33b5, 0, 4277, 0, 2},
    {0x33b6, 0, 4279, 0, 2},
    {0x33b7, 0, 4281, 0, 2},
    {0x33b8, 0, 4283, 0, 2},
    {0x33b9, 0, 4285, 0, 2},
    {0x33ba, 0, 4287, 0, 2},
    {0x33bb, 0, 4289, 0, 2},
    {0x33bc, 0, 4291, 0, 2},
    {0x33bd, 0, 4293, 0, 2},
    {0x33be, 0, 4295, 0, 2},
    {0x33bf, 0, 4297, 0, 2},
    {0x33c0, 0, 4299, 0, 2},
    {0x33c1, 0, 4301, 0, 2},
    {0x33c2, 0, 4303, 0, 4},
    {0x33c3, 0, 4307, 0, 2},
    {0x33c4, 0, 4309, 0, 2},
    {0x33c5, 0, 4311, 0, 2},
    {0x33c6, 0, 4313, 0, 4},
    {0x33c7, 0, 4317, 0, 3},
    {0x33c8, 0, 4320, 0, 2},
    {0x33c9, 0, 4322, 0, 2},
    {0x33ca, 0, 4324, 0, 2},
    {0x33cb, 0, 4326, 0, 2},
    {0x33cc, 0, 4328, 0, 2},
    {0x33cd, 0, 4330, 0, 2},
    {0x33ce, 0, 4332, 0, 2},
    {0x33cf, 0, 4334, 0, 2},
    {0x33d0, 0, 4336, 0, 2},
    {0x33d1, 0, 4338, 0, 2},
    {0x33d2, 0, 4340, 0, 3},
    {0x33d3, 0, 4343, 0, 2},
    {0x33d4, 0, 4345, 0, 2},
    {0x33d5, 0, 4347, 0, 3},
    {0x33d6, 0, 4350, 0, 3},
    {0x33d7, 0, 4353, 0, 2},
    {0x33d8, 0, 4355, 0, 4},
    {0x33d9, 0, 4359, 0, 3},
    {0x33da, 0, 4362, 0, 2},
    {0x33db, 0, 4364, 0, 2},
    {0x33dc, 0, 4366, 0, 2},
    {0x33dd, 0, 4368, 0, 2},
    {0x33de, 0, 4370, 0, 3},
    {0x33df, 0, 4373, 0, 3},
    {0x33e0, 0, 4376, 0, 2},
    {0x33e1, 0, 4378, 0, 2},
    {0x33e2, 0, 4380, 0, 2},
    {0x33e3, 0, 4382, 0, 2},
    {0x33e4, 0, 4384, 0, 2},
    {0x33e5, 0, 4386, 0, 2},
    {0x33e6, 0, 4388, 0, 2},
    {0x33e7, 0, 4390, 0, 2},
    {0x33e8, 0, 4392, 0, 2},
    {0x33e9, 0, 4394, 0, 3},
    {0x33ea, 0, 4397, 0, 3},
    {0x33eb, 0, 4400, 0, 3},
    {0x33ec, 0, 4403, 0, 3},
    {0x33ed, 0, 4406, 0, 3},
    {0x33ee, 0, 4409, 0, 3},
    {0x33ef, 0, 4412, 0, 3},
    {0x33f0, 0, 4415, 0, 3},
    {0x33f1, 0, 4418, 0, 3},
    {0x33f2, 0, 4421, 0, 3},
    {0x33f3, 0, 4424, 0, 3},
    {0x33f4, 0, 4427, 0, 3},
    {0x33f5, 0, 4430, 0, 3},
    {0x33f6, 0, 4433, 0, 3},
    {0x33f7, 0, 4436, 0, 3},
    {0x33f8, 0, 4439, 0, 3},
    {0x33f9, 0, 4442, 0, 3},
    {0x33fa, 0, 4445, 0, 3},
    {0x33fb, 0, 4448, 0, 3},
    {0x33fc, 0, 4451, 0, 3},
    {0x33fd, 0, 4454, 0, 3},
    {0x33fe, 0, 4457, 0, 3},
    {0x33ff, 0, 4460, 0, 3},
    {0xa69c, 0, 4463, 0, 1},
    {0xa69d, 0, 4464, 0, 1},
    {0xa770, 0, 4465, 0, 1},
    {0xa7f1, 0, 2784, 0, 1},
    {0xa7f2, 0, 2327, 0, 1},
    {0xa7f3, 0, 2352, 0, 1},
    {0xa7f4, 0, 2342, 0, 1},
    {0xa7f8, 0, 4466, 0, 1},
    {0xa7f9, 0, 4467, 0, 1},
    {0xab5c, 0, 4468, 0, 1},
    {0xab5d, 0, 4469, 0, 1},
    {0xab5e, 0, 4470, 0, 1},
    {0xab5f, 0, 4471, 0, 1},
    {0xab69, 0, 4472, 0, 1},
    {0xf900, 4473, 4473, 1, 1},
    {0xf901, 4474, 4474, 1, 1},
    {0xf902, 2962, 2962, 1, 1},
    {0xf903, 4475, 4475, 1, 1},
    {0xf904, 4476, 4476, 1, 1},
    {0xf905, 4477, 4477, 1, 1},
    {0xf906, 4478, 4478, 1, 1},
    {0xf907, 3016, 3016, 1, 1},
    {0xf908, 3016, 3016, 1, 1},
    {0xf909, 4479, 4479, 1, 1},
    {0xf90a, 2970, 2970, 1, 1},
    {0xf90b, 4480, 4480, 1, 1},
    {0xf90c, 4481, 4481, 1, 1},
    {0xf90d, 4482, 4482, 1, 1},
    {0xf90e, 4483, 4483, 1, 1},
    {0xf90f, 4484, 4484, 1, 1},
    {0xf910, 4485, 4485, 1, 1},
    {0xf911, 4486, 4486, 1, 1},
    {0xf912, 4487, 4487, 1, 1},
    {0xf913, 4488, 4488, 1, 1},
    {0xf914, 4489, 4489, 1, 1},
    {0xf915, 4490, 4490, 1, 1},
    {0xf916, 4491, 4491, 1, 1},
    {0xf917, 4492, 4492, 1, 1},
    {0xf918, 4493, 4493, 1, 1},
    {0xf919, 4494, 4494, 1, 1},
    {0xf91a, 4495, 4495, 1, 1},
    {0xf91b, 4496, 4496, 1, 1},
    {0xf91c, 4497, 4497, 1, 1},
    {0xf91d, 4498, 4498, 1, 1},
    {0xf91e, 4499, 4499, 1, 1},
    {0xf91f, 4500, 4500, 1, 1},
    {0xf920, 4501, 4501, 1, 1},
    {0xf921, 4502, 4502, 1, 1},
    {0xf922, 4503, 4503, 1, 1},
    {0xf923, 4504, 4504, 1, 1},
    {0xf924, 4505, 4505, 1, 1},
    {0xf925, 4506, 4506, 1, 1},
    {0xf926, 4507, 4507, 1, 1},
    {0xf927, 4508, 4508, 1, 1},
    {0xf928, 4509, 4509, 1, 1},
    {0xf929, 4510, 4510, 1, 1},
    {0xf92a, 4511, 4511, 1, 1},
    {0xf92b, 4512, 4512, 1, 1},
    {0xf92c, 4513, 4513, 1, 1},
    {0xf92d, 4514, 4514, 1, 1},
    {0xf92e, 4515, 4515, 1, 1},
    {0xf92f, 4516, 4516, 1, 1},
    {0xf930, 4517, 4517, 1, 1},
    {0xf931, 4518, 4518, 1, 1},
    {0xf932, 4519, 4519, 1, 1},
    {0xf933, 4520, 4520, 1, 1},
    {0xf934, 2928, 2928, 1, 1},
    {0xf935, 4521, 4521, 1, 1},
    {0xf936, 4522, 4522, 1, 1},
    {0xf937, 4523, 4523, 1, 1},
    {0xf938, 4524, 4524, 1, 1},
    {0xf939, 4525, 4525, 1, 1},
    {0xf93a, 4526, 4526, 1, 1},
    {0xf93b, 4527, 4527, 1, 1},
    {0xf93c, 4528, 4528, 1, 1},
    {0xf93d, 4529, 4529, 1, 1},
    {0xf93e, 4530, 4530, 1, 1},
    {0xf93f, 4531, 4531, 1, 1},
    {0xf940, 3001, 3001, 1, 1},
    {0xf941, 4532, 4532, 1, 1},
    {0xf942, 4533, 4533, 1, 1},
    {0xf943, 4534, 4534, 1, 1},
    {0xf944, 4535, 4535, 1, 1},
    {0xf945, 4536, 4536, 1, 1},
    {0xf946, 4537, 4537, 1, 1},
    {0xf947, 4538, 4538, 1, 1},
    {0xf948, 4539, 4539, 1, 1},
    {0xf949, 4540, 4540, 1, 1},
    {0xf94a, 4541, 4541, 1, 1},
    {0xf94b, 4542, 4542, 1, 1},
    {0xf94c, 4543, 4543, 1, 1},
    {0xf94d, 4544, 4544, 1, 1},
    {0xf94e, 4545, 4545, 1, 1},
    {0xf94f, 4546, 4546, 1, 1},
    {0xf950, 4547, 4547, 1, 1},
    {0xf951, 4548, 4548, 1, 1},
    {0xf952, 4549, 4549, 1, 1},
    {0xf953, 4550, 4550, 1, 1},
    {0xf954, 4551, 4551, 1, 1},
    {0xf955, 4552, 4552, 1, 1},
    {0xf956, 4553, 4553, 1, 1},
    {0xf957, 4554, 4554, 1, 1},
    {0xf958, 4555, 4555, 1, 1},
    {0xf959, 4556, 4556, 1, 1},
    {0xf95a, 4557, 4557, 1, 1},
    {0xf95b, 4558, 4558, 1, 1},
    {0xf95c, 4489, 4489, 1, 1},
    {0xf95d, 4559, 4559, 1, 1},
    {0xf95e, 4560, 4560, 1, 1},
    {0xf95f, 4561, 4561, 1, 1},
    {0xf960, 4562, 4562, 1, 1},
    {0xf961, 4563, 4563, 1, 1},
    {0xf962, 4564, 4564, 1, 1},
    {0xf963, 4565, 4565, 1, 1},
    {0xf964, 4566, 4566, 1, 1},
    {0xf965, 4567, 4567, 1, 1},
    {0xf966, 4568, 4568, 1, 1},
    {0xf967, 4569, 4569, 1, 1},
    {0xf968, 4570, 4570, 1, 1},
    {0xf969, 4571, 4571, 1, 1},
    {0xf96a, 4572, 4572, 1, 1},
    {0xf96b, 4573, 4573, 1, 1},
    {0xf96c, 4574, 4574, 1, 1},
    {0xf96d, 4575, 4575, 1, 1},
    {0xf96e, 4576, 4576, 1, 1},
    {0xf96f, 4577, 4577, 1, 1},
    {0xf970, 4578, 4578, 1, 1},
    {0xf971, 2964, 2964, 1, 1},
    {0xf972, 4579, 4579, 1, 1},
    {0xf973, 4580, 4580, 1, 1},
    {0xf974, 4581, 4581, 1, 1},
    {0xf975, 4582, 4582, 1, 1},
    {0xf976, 4583, 4583, 1, 1},
    {0xf977, 4584, 4584, 1, 1},
    {0xf978, 4585, 4585, 1, 1},
    {0xf979, 4586, 4586, 1, 1},
    {0xf97a, 4587, 4587, 1, 1},
    {0xf97b, 4588, 4588, 1, 1},
    {0xf97c, 4589, 4589, 1, 1},
    {0xf97d, 4590, 4590, 1, 1},
    {0xf97e, 4591, 4591, 1, 1},
    {0xf97f, 4592, 4592, 1, 1},
    {0xf980, 4593, 4593, 1, 1},
    {0xf981, 2841, 2841, 1, 1},
    {0xf982, 4594, 4594, 1, 1},
    {0xf983, 4595, 4595, 1, 1},
    {0xf984, 4596, 4596, 1, 1},
    {0xf985, 4597, 4597, 1, 1},
    {0xf986, 4598, 4598, 1, 1},
    {0xf987, 4599, 4599, 1, 1},
    {0xf988, 4600, 4600, 1, 1},
    {0xf989, 4601, 4601, 1, 1},
    {0xf98a, 2822, 2822, 1, 1},
    {0xf98b, 4602, 4602, 1, 1},
    {0xf98c, 4603, 4603, 1, 1},
    {0xf98d, 4604, 4604, 1, 1},
    {0xf98e, 4605, 4605, 1, 1},
    {0xf98f, 4606, 4606, 1, 1},
    {0xf990, 4607, 4607, 1, 1},
    {0xf991, 4608, 4608, 1, 1},
    {0xf992, 4609, 4609, 1, 1},
    {0xf993, 4610, 4610, 1, 1},
    {0xf994, 4611, 4611, 1, 1},
    {0xf995, 4612, 4612, 1, 1},
    {0xf996, 4613, 4613, 1, 1},
    {0xf997, 4614, 4614, 1, 1},
    {0xf998, 4615, 4615, 1, 1},
    {0xf999, 4616, 4616, 1, 1},
    {0xf99a, 4617, 4617, 1, 1},
    {0xf99b, 4618, 4618, 1, 1},
    {0xf99c, 4619, 4619, 1, 1},
    {0xf99d, 4620, 4620, 1, 1},
    {0xf99e, 4621, 4621, 1, 1},
    {0xf99f, 4622, 4622, 1, 1},
    {0xf9a0, 4623, 4623, 1, 1},
    {0xf9a1, 4577, 4577, 1, 1},
    {0xf9a2, 4624, 4624, 1, 1},
    {0xf9a3, 4625, 4625, 1, 1},
    {0xf9a4, 4626, 4626, 1, 1},
    {0xf9a5, 4627, 4627, 1, 1},
    {0xf9a6, 4628, 4628, 1, 1},
    {0xf9a7, 4629, 4629, 1, 1},
    {0xf9a8, 4630, 4630, 1, 1},
    {0xf9a9, 4631, 4631, 1, 1},
    {0xf9aa, 4561, 4561, 1, 1},
    {0xf9ab, 4632, 4632, 1, 1},
    {0xf9ac, 4633, 4633, 1, 1},
    {0xf9ad, 4634, 4634, 1, 1},
    {0xf9ae, 4635, 4635, 1, 1},
    {0xf9af, 4636, 4636, 1, 1},
    {0xf9b0, 4637, 4637, 1, 1},
    {0xf9b1, 4638, 4638, 1, 1},
    {0xf9b2, 4639, 4639, 1, 1},
    {0xf9b3, 4640, 4640, 1, 1},
    {0xf9b4, 4641, 4641, 1, 1},
    {0xf9b5, 4642, 4642, 1, 1},
    {0xf9b6, 4643, 4643, 1, 1},
    {0xf9b7, 4644, 4644, 1, 1},
    {0xf9b8, 4645, 4645, 1, 1},
    {0xf9b9, 4646, 4646, 1, 1},
    {0xf9ba, 4647, 4647, 1, 1},
    {0xf9bb, 4648, 4648, 1, 1},
    {0xf9bc, 4649, 4649, 1, 1},
    {0xf9bd, 4650, 4650, 1, 1},
    {0xf9be, 4651, 4651, 1, 1},
    {0xf9bf, 4489, 4489, 1, 1},
    {0xf9c0, 4652, 4652, 1, 1},
    {0xf9c1, 4653, 4653, 1, 1},
    {0xf9c2, 4654, 4654, 1, 1},
    {0xf9c3, 4655, 4655, 1, 1},
    {0xf9c4, 3015, 3015, 1, 1},
    {0xf9c5, 4656, 4656, 1, 1},
    {0xf9c6, 4657, 4657, 1, 1},
    {0xf9c7, 4658, 4658, 1, 1},
    {0xf9c8, 4659, 4659, 1, 1},
    {0xf9c9, 4660, 4660, 1, 1},
    {0xf9ca, 4661, 4661, 1, 1},
    {0xf9cb, 4662, 4662, 1, 1},
    {0xf9cc, 4663, 4663, 1, 1},
    {0xf9cd, 4664, 4664, 1, 1},
    {0xf9ce, 4665, 4665, 1, 1},
    {0xf9cf, 4666, 4666, 1, 1},
    {0xf9d0, 4667, 4667, 1, 1},
    {0xf9d1, 3548, 3548, 1, 1},
    {0xf9d2, 4668, 4668, 1, 1},
    {0xf9d3, 4669, 4669, 1, 1},
    {0xf9d4, 4670, 4670, 1, 1},
    {0xf9d5, 4671, 4671, 1, 1},
    {0xf9d6, 4672, 4672, 1, 1},
    {0xf9d7, 4673, 4673, 1, 1},
    {0xf9d8, 4674, 4674, 1, 1},
    {0xf9d9, 4675, 4675, 1, 1},
    {0xf9da, 4676, 4676, 1, 1},
    {0xf9db, 4563, 4563, 1, 1},
    {0xf9dc, 4677, 4677, 1, 1},
    {0xf9dd, 4678, 4678, 1, 1},
    {0xf9de, 4679, 4679, 1, 1},
    {0xf9df, 4680, 4680, 1, 1},
    {0xf9e0, 4681, 4681, 1, 1},
    {0xf9e1, 4682, 4682, 1, 1},
    {0xf9e2, 4683, 4683, 1, 1},
    {0xf9e3, 4684, 4684, 1, 1},
    {0xf9e4, 4685, 4685, 1, 1},
    {0xf9e5, 4686, 4686, 1, 1},
    {0xf9e6, 4687, 4687, 1, 1},
    {0xf9e7, 4688, 4688, 1, 1},
    {0xf9e8, 4689, 4689, 1, 1},
    {0xf9e9, 2969, 2969, 1, 1},
    {0xf9ea, 4690, 4690, 1, 1},
    {0xf9eb, 4691, 4691, 1, 1},
    {0xf9ec, 4692, 4692, 1, 1},
    {0xf9ed, 4693, 4693, 1, 1},
    {0xf9ee, 4694, 4694, 1, 1},
    {0xf9ef, 4695, 4695, 1, 1},
    {0xf9f0, 4696, 4696, 1, 1},
    {0xf9f1, 4697, 4697, 1, 1},
    {0xf9f2, 4698, 4698, 1, 1},
    {0xf9f3, 4699, 4699, 1, 1},
    {0xf9f4, 4700, 4700, 1, 1},
    {0xf9f5, 4701, 4701, 1, 1},
    {0xf9f6, 4702, 4702, 1, 1},
    {0xf9f7, 2920, 2920, 1, 1},
    {0xf9f8, 4703, 4703, 1, 1},
    {0xf9f9, 4704, 4704, 1, 1},
    {0xf9fa, 4705, 4705, 1, 1},
    {0xf9fb, 4706, 4706, 1, 1},
    {0xf9fc, 4707, 4707, 1, 1},
    {0xf9fd, 4708, 4708, 1, 1},
    {0xf9fe, 4709, 4709, 1, 1},
    {0xf9ff, 4710, 4710, 1, 1},
    {0xfa00, 4711, 4711, 1, 1},
    {0xfa01, 4712, 4712, 1, 1},
    {0xfa02, 4713, 4713, 1, 1},
    {0xfa03, 4714, 4714, 1, 1},
    {0xfa04, 4715, 4715, 1, 1},
    {0xfa05, 4716, 4716, 1, 1},
    {0xfa06, 4717, 4717, 1, 1},
    {0xfa07, 4718, 4718, 1, 1},
    {0xfa08, 2947, 2947, 1, 1},
    {0xfa09, 4719, 4719, 1, 1},
    {0xfa0a, 2950, 2950, 1, 1},
    {0xfa0b, 4720, 4720, 1, 1},
    {0xfa0c, 4721, 4721, 1, 1},
    {0xfa0d, 4722, 4722, 1, 1},
    {0xfa10, 4723, 4723, 1, 1},
    {0xfa12, 4724, 4724, 1, 1},
    {0xfa15, 4725, 4725, 1, 1},
    {0xfa16, 4726, 4726, 1, 1},
    {0xfa17, 4727, 4727, 1, 1},
    {0xfa18, 4728, 4728, 1, 1},
    {0xfa19, 4729, 4729, 1, 1},
    {0xfa1a, 4730, 4730, 1, 1},
    {0xfa1b, 4731, 4731, 1, 1},
    {0xfa1c, 4732, 4732, 1, 1},
    {0xfa1d, 4733, 4733, 1, 1},
    {0xfa1e, 2927, 2927, 1, 1},
    {0xfa20, 4734, 4734, 1, 1},
    {0xfa22, 4735, 4735, 1, 1},
    {0xfa25, 4736, 4736, 1, 1},
    {0xfa26, 4737, 4737, 1, 1},
    {0xfa2a, 4738, 4738, 1, 1},
    {0xfa2b, 4739, 4739, 1, 1},
    {0xfa2c, 4740, 4740, 1, 1},
    {0xfa2d, 4741, 4741, 1, 1},
    {0xfa2e, 4742, 4742, 1, 1},
    {0xfa2f, 4743, 4743, 1, 1},
    {0xfa30, 4744, 4744, 1, 1},
    {0xfa31, 4745, 4745, 1, 1},
    {0xfa32, 4746, 4746, 1, 1},
    {0xfa33, 4747, 4747, 1, 1},
    {0xfa34, 4748, 4748, 1, 1},
    {0xfa35, 4749, 4749, 1, 1},
    {0xfa36, 4750, 4750, 1, 1},
    {0xfa37, 4751, 4751, 1, 1},
    {0xfa38, 4752, 4752, 1, 1},
    {0xfa39, 4753, 4753, 1, 1},
    {0xfa3a, 4754, 4754, 1, 1},
    {0xfa3b, 4755, 4755, 1, 1},
    {0xfa3c, 2848, 2848, 1, 1},
    {0xfa3d, 4756, 4756, 1, 1},
    {0xfa3e, 4757, 4757, 1, 1},
    {0xfa3f, 4758, 4758, 1, 1},
    {0xfa40, 4759, 4759, 1, 1},
    {0xfa41, 4760, 4760, 1, 1},
    {0xfa42, 4761, 4761, 1, 1},
    {0xfa43, 4762, 4762, 1, 1},
    {0xfa44, 4763, 4763, 1, 1},
    {0xfa45, 4764, 4764, 1, 1},
    {0xfa46, 4765, 4765, 1, 1},
    {0xfa47, 4766, 4766, 1, 1},
    {0xfa48, 4767, 4767, 1, 1},
    {0xfa49, 4768, 4768, 1, 1},
    {0xfa4a, 4769, 4769, 1, 1},
    {0xfa4b, 4770, 4770, 1, 1},
    {0xfa4c, 3553, 3553, 1, 1},
    {0xfa4d, 4771, 4771, 1, 1},
    {0xfa4e, 4772, 4772, 1, 1},
    {0xfa4f, 4773, 4773, 1, 1},
    {0xfa50, 4774, 4774, 1, 1},
    {0xfa51, 3557, 3557, 1, 1},
    {0xfa52, 4775, 4775, 1, 1},
    {0xfa53, 4776, 4776, 1, 1},
    {0xfa54, 4777, 4777, 1, 1},
    {0xfa55, 4778, 4778, 1, 1},
    {0xfa56, 4779, 4779, 1, 1},
    {0xfa57, 4613, 4613, 1, 1},
    {0xfa58, 4780, 4780, 1, 1},
    {0xfa59, 4781, 4781, 1, 1},
    {0xfa5a, 4782, 4782, 1, 1},
    {0xfa5b, 4783, 4783, 1, 1},
    {0xfa5c, 4784, 4784, 1, 1},
    {0xfa5d, 4785, 4785, 1, 1},
    {0xfa5e, 4785, 4785, 1, 1},
    {0xfa5f, 4786, 4786, 1, 1},
    {0xfa60, 4787, 4787, 1, 1},
    {0xfa61, 4788, 4788, 1, 1},
    {0xfa62, 4789, 4789, 1, 1},
    {0xfa63, 4790, 4790, 1, 1},
    {0xfa64, 4791, 4791, 1, 1},
    {0xfa65, 4792, 4792, 1, 1},
    {0xfa66, 4793, 4793, 1, 1},
    {0xfa67, 4736, 4736, 1, 1},
    {0xfa68, 4794, 4794, 1, 1},
    {0xfa69, 4795, 4795, 1, 1},
    {0xfa6a, 4796, 4796, 1, 1},
    {0xfa6b, 4797, 4797, 1, 1},
    {0xfa6c, 4798, 4798, 1, 1},
    {0xfa6d, 4799, 4799, 1, 1},
    {0xfa70, 4800, 4800, 1, 1},
    {0xfa71, 4801, 4801, 1, 1},
    {0xfa72, 4802, 4802, 1, 1},
    {0xfa73, 4803, 4803, 1, 1},
    {0xfa74, 4804, 4804, 1, 1},
    {0xfa75, 4805, 4805, 1, 1},
    {0xfa76, 4806, 4806, 1, 1},
    {0xfa77, 4807, 4807, 1, 1},
    {0xfa78, 4750, 4750, 1, 1},
    {0xfa79, 4808, 4808, 1, 1},
    {0xfa7a, 4809, 4809, 1, 1},
    {0xfa7b, 4810, 4810, 1, 1},
    {0xfa7c, 4723, 4723, 1, 1},
    {0xfa7d, 4811, 4811, 1, 1},
    {0xfa7e, 4812, 4812, 1, 1},
    {0xfa7f, 4813, 4813, 1, 1},
    {0xfa80, 4814, 4814, 1, 1},
    {0xfa81, 4815, 4815, 1, 1},
    {0xfa82, 4816, 4816, 1, 1},
    {0xfa83, 4817, 4817, 1, 1},
    {0xfa84, 4818, 4818, 1, 1},
    {0xfa85, 4819, 4819, 1, 1},
    {0xfa86, 4820, 4820, 1, 1},
    {0xfa87, 4821, 4821, 1, 1},
    {0xfa88, 4822, 4822, 1, 1},
    {0xfa89, 4758, 4758, 1, 1},
    {0xfa8a, 4823, 4823, 1, 1},
    {0xfa8b, 4759, 4759, 1, 1},
    {0xfa8c, 4824, 4824, 1, 1},
    {0xfa8d, 4825, 4825, 1, 1},
    {0xfa8e, 4826, 4826, 1, 1},
    {0xfa8f, 4827, 4827, 1, 1},
    {0xfa90, 4828, 4828, 1, 1},
    {0xfa91, 4724, 4724, 1, 1},
    {0xfa92, 4510, 4510, 1, 1},
    {0xfa93, 4829, 4829, 1, 1},
    {0xfa94, 4830, 4830, 1, 1},
    {0xfa95, 2881, 2881, 1, 1},
    {0xfa96, 4578, 4578, 1, 1},
    {0xfa97, 4661, 4661, 1, 1},
    {0xfa98, 4831, 4831, 1, 1},
    {0xfa99, 4832, 4832, 1, 1},
    {0xfa9a, 4766, 4766, 1, 1},
    {0xfa9b, 4833, 4833, 1, 1},
    {0xfa9c, 4767, 4767, 1, 1},
    {0xfa9d, 4834, 4834, 1, 1},
    {0xfa9e, 4835, 4835, 1, 1},
    {0xfa9f, 4836, 4836, 1, 1},
    {0xfaa0, 4726, 4726, 1, 1},
    {0xfaa1, 4837, 4837, 1, 1},
    {0xfaa2, 4838, 4838, 1, 1},
    {0xfaa3, 4839, 4839, 1, 1},
    {0xfaa4, 4840, 4840, 1, 1},
    {0xfaa5, 4841, 4841, 1, 1},
    {0xfaa6, 4727, 4727, 1, 1},
    {0xfaa7, 4842, 4842, 1, 1},
    {0xfaa8, 4843, 4843, 1, 1},
    {0xfaa9, 4844, 4844, 1, 1},
    {0xfaaa, 4845, 4845, 1, 1},
    {0xfaab, 4846, 4846, 1, 1},
    {0xfaac, 4847, 4847, 1, 1},
    {0xfaad, 4779, 4779, 1, 1},
    {0xfaae, 4848, 4848, 1, 1},
    {0xfaaf, 4849, 4849, 1, 1},
    {0xfab0, 4613, 4613, 1, 1},
    {0xfab1, 4850, 4850, 1, 1},
    {0xfab2, 4783, 4783, 1, 1},
    {0xfab3, 4851, 4851, 1, 1},
    {0xfab4, 4852, 4852, 1, 1},
    {0xfab5, 4853, 4853, 1, 1},
    {0xfab6, 4854, 4854, 1, 1},
    {0xfab7, 4855, 4855, 1, 1},
    {0xfab8, 4788, 4788, 1, 1},
    {0xfab9, 4856, 4856, 1, 1},
    {0xfaba, 4735, 4735, 1, 1},
    {0xfabb, 4857, 4857, 1, 1},
    {0xfabc, 4789, 4789, 1, 1},
    {0xfabd, 4559, 4559, 1, 1},
    {0xfabe, 4858, 4858, 1, 1},
    {0xfabf, 4790, 4790, 1, 1},
    {0xfac0, 4859, 4859, 1, 1},
    {0xfac1, 4792, 4792, 1, 1},
    {0xfac2, 4860, 4860, 1, 1},
    {0xfac3, 4861, 4861, 1, 1},
    {0xfac4, 4862, 4862, 1, 1},
    {0xfac5, 4863, 4863, 1, 1},
    {0xfac6, 4864, 4864, 1, 1},
    {0xfac7, 4794, 4794, 1, 1},
    {0xfac8, 4732, 4732, 1, 1},
    {0xfac9, 4865, 4865, 1, 1},
    {0xfaca, 4795, 4795, 1, 1},
    {0xfacb, 4866, 4866, 1, 1},
    {0xfacc, 4796, 4796, 1, 1},
    {0xfacd, 4867, 4867, 1, 1},
    {0xface, 3016, 3016, 1, 1},
    {0xfacf, 4868, 4868, 1, 1},
    {0xfad0, 4869, 4869, 1, 1},
    {0xfad1, 4870, 4870, 1, 1},
    {0xfad2, 4871, 4871, 1, 1},
    {0xfad3, 4872, 4872, 1, 1},
    {0xfad4, 4873, 4873, 1, 1},
    {0xfad5, 4874, 4874, 1, 1},
    {0xfad6, 4875, 4875, 1, 1},
    {0xfad7, 4876, 4876, 1, 1},
    {0xfad8, 4877, 4877, 1, 1},
    {0xfad9, 4878, 4878, 1, 1},
    {0xfb00, 0, 4879, 0, 2},
    {0xfb01, 0, 4881, 0, 2},
    {0xfb02, 0, 4883, 0, 2},
    {0xfb03, 0, 4885, 0, 3},
    {0xfb04, 0, 4888, 0, 3},
    {0xfb05, 0, 4891, 0, 2},
    {0xfb06, 0, 4891, 0, 2},
    {0xfb13, 0, 4893, 0, 2},
    {0xfb14, 0, 4895, 0, 2},
    {0xfb15, 0, 4897, 0, 2},
    {0xfb16, 0, 4899, 0, 2},
    {0xfb17, 0, 4901, 0, 2},
    {0xfb1d, 4903, 4903, 2, 2},
    {0xfb1f, 4905, 4905, 2, 2},
    {0xfb20, 0, 4907, 0, 1},
    {0xfb21, 0, 2353, 0, 1},
    {0xfb22, 0, 2356, 0, 1},
    {0xfb23, 0, 4908, 0, 1},
    {0xfb24, 0, 4909, 0, 1},
    {0xfb25, 0, 4910, 0, 1},
    {0xfb26, 0, 4911, 0, 1},
    {0xfb27, 0, 4912, 0, 1},
    {0xfb28, 0, 4913, 0, 1},
    {0xfb29, 0, 2313, 0, 1},
    {0xfb2a, 4914, 4914, 2, 2},
    {0xfb2b, 4916, 4916, 2, 2},
    {0xfb2c, 4918, 4918, 3, 3},
    {0xfb2d, 4921, 4921, 3, 3},
    {0xfb2e, 4924, 4924, 2, 2},
    {0xfb2f, 4926, 4926, 2, 2},
    {0xfb30, 4928, 4928, 2, 2},
    {0xfb31, 4930, 4930, 2, 2},
    {0xfb32, 4932, 4932, 2, 2},
    {0xfb33, 4934, 4934, 2, 2},
    {0xfb34, 4936, 4936, 2, 2},
    {0xfb35, 4938, 4938, 2, 2},
    {0xfb36, 4940, 4940, 2, 2},
    {0xfb38, 4942, 4942, 2, 2},
    {0xfb39, 4944, 4944, 2, 2},
    {0xfb3a, 4946, 4946, 2, 2},
    {0xfb3b, 4948, 4948, 2, 2},
    {0xfb3c, 4950, 4950, 2, 2},
    {0xfb3e, 4952, 4952, 2, 2},
    {0xfb40, 4954, 4954, 2, 2},
    {0xfb41, 4956, 4956, 2, 2},
    {0xfb43, 4958, 4958, 2, 2},
    {0xfb44, 4960, 4960, 2, 2},
    {0xfb46, 4962, 4962, 2, 2},
    {0xfb47, 4964, 4964, 2, 2},
    {0xfb48, 4966, 4966, 2, 2},
    {0xfb49, 4968, 4968, 2, 2},
    {0xfb4a, 4970, 4970, 2, 2},
    {0xfb4b, 4972, 4972, 2, 2},
    {0xfb4c, 4974, 4974, 2, 2},
    {0xfb4d, 4976, 4976, 2, 2},
    {0xfb4e, 4978, 4978, 2, 2},
    {0xfb4f, 0, 4980, 0, 2},
    {0xfb50, 0, 4982, 0, 1},
    {0xfb51, 0, 4982, 0, 1},
    {0xfb52, 0, 4983, 0, 1},
    {0xfb53, 0, 4983, 0, 1},
    {0xfb54, 0, 4983, 0, 1},
    {0xfb55, 0, 4983, 0, 1},
    {0xfb56, 0, 4984, 0, 1},
    {0xfb57, 0, 4984, 0, 1},
    {0xfb58, 0, 4984, 0, 1},
    {0xfb59, 0, 4984, 0, 1},
    {0xfb5a, 0, 4985, 0, 1},
    {0xfb5b, 0, 4985, 0, 1},
    {0xfb5c, 0, 4985, 0, 1},
    {0xfb5d, 0, 4985, 0, 1},
    {0xfb5e, 0, 4986, 0, 1},
    {0xfb5f, 0, 4986, 0, 1},
    {0xfb60, 0, 4986, 0, 1},
    {0xfb61, 0, 4986, 0, 1},
    {0xfb62, 0, 4987, 0, 1},
    {0xfb63, 0, 4987, 0, 1},
    {0xfb64, 0, 4987, 0, 1},
    {0xfb65, 0, 4987, 0, 1},
    {0xfb66, 0, 4988, 0, 1},
    {0xfb67, 0, 4988, 0, 1},
    {0xfb68, 0, 4988, 0, 1},
    {0xfb69, 0, 4988, 0, 1},
    {0xfb6a, 0, 4989, 0, 1},
    {0xfb6b, 0, 4989, 0, 1},
    {0xfb6c, 0, 4989, 0, 1},
    {0xfb6d, 0, 4989, 0, 1},
    {0xfb6e, 0, 4990, 0, 1},
    {0xfb6f, 0, 4990, 0, 1},
    {0xfb70, 0, 4990, 0, 1},
    {0xfb71, 0, 4990, 0, 1},
    {0xfb72, 0, 4991, 0, 1},
    {0xfb73, 0, 4991, 0, 1},
    {0xfb74, 0, 4991, 0, 1},
    {0xfb75, 0, 4991, 0, 1},
    {0xfb76, 0, 4992, 0, 1},
    {0xfb77, 0, 4992, 0, 1},
    {0xfb78, 0, 4992, 0, 1},
    {0xfb79, 0, 4992, 0, 1},
    {0xfb7a, 0, 4993, 0, 1},
    {0xfb7b, 0, 4993, 0, 1},
    {0xfb7c, 0, 4993, 0, 1},
    {0xfb7d, 0, 4993, 0, 1},
    {0xfb7e, 0, 4994, 0, 1},
    {0xfb7f, 0, 4994, 0, 1},
    {0xfb80, 0, 4994, 0, 1},
    {0xfb81, 0, 4994, 0, 1},
    {0xfb82, 0, 4995, 0, 1},
    {0xfb83, 0, 4995, 0, 1},
    {0xfb84, 0, 4996, 0, 1},
    {0xfb85, 0, 4996, 0, 1},
    {0xfb86, 0, 4997, 0, 1},
    {0xfb87, 0, 4997, 0, 1},
    {0xfb88, 0, 4998, 0, 1},
    {0xfb89, 0, 4998, 0, 1},
    {0xfb8a, 0, 4999, 0, 1},
    {0xfb8b, 0, 4999, 0, 1},
    {0xfb8c, 0, 5000, 0, 1},
    {0xfb8d, 0, 5000, 0, 1},
    {0xfb8e, 0, 5001, 0, 1},
    {0xfb8f, 0, 5001, 0, 1},
    {0xfb90, 0, 5001, 0, 1},
    {0xfb91, 0, 5001, 0, 1},
    {0xfb92, 0, 5002, 0, 1},
    {0xfb93, 0, 5002, 0, 1},
    {0xfb94, 0, 5002, 0, 1},
    {0xfb95, 0, 5002, 0, 1},
    {0xfb96, 0, 5003, 0, 1},
    {0xfb97, 0, 5003, 0, 1},
    {0xfb98, 0, 5003, 0, 1},
    {0xfb99, 0, 5003, 0, 1},
    {0xfb9a, 0, 5004, 0, 1},
    {0xfb9b, 0, 5004, 0, 1},
    {0xfb9c, 0, 5004, 0, 1},
    {0xfb9d, 0, 5004, 0, 1},
    {0xfb9e, 0, 5005, 0, 1},
    {0xfb9f, 0, 5005, 0, 1},
    {0xfba0, 0, 5006, 0, 1},
    {0xfba1, 0, 5006, 0, 1},
    {0xfba2, 0, 5006, 0, 1},
    {0xfba3, 0, 5006, 0, 1},
    {0xfba4, 0, 812, 0, 2},
    {0xfba5, 0, 812, 0, 2},
    {0xfba6, 0, 5007, 0, 1},
    {0xfba7, 0, 5007, 0, 1},
    {0xfba8, 0, 5007, 0, 1},
    {0xfba9, 0, 5007, 0, 1},
    {0xfbaa, 0, 5008, 0, 1},
    {0xfbab, 0, 5008, 0, 1},
    {0xfbac, 0, 5008, 0, 1},
    {0xfbad, 0, 5008, 0, 1},
    {0xfbae, 0, 5009, 0, 1},
    {0xfbaf, 0, 5009, 0, 1},
    {0xfbb0, 0, 816, 0, 2},
    {0xfbb1, 0, 816, 0, 2},
    {0xfbd3, 0, 5010, 0, 1},
    {0xfbd4, 0, 5010, 0, 1},
    {0xfbd5, 0, 5010, 0, 1},
    {0xfbd6, 0, 5010, 0, 1},
    {0xfbd7, 0, 5011, 0, 1},
    {0xfbd8, 0, 5011, 0, 1},
    {0xfbd9, 0, 5012, 0, 1},
    {0xfbda, 0, 5012, 0, 1},
    {0xfbdb, 0, 5013, 0, 1},
    {0xfbdc, 0, 5013, 0, 1},
    {0xfbdd, 0, 808, 0, 2},
    {0xfbde, 0, 5014, 0, 1},
    {0xfbdf, 0, 5014, 0, 1},
    {0xfbe0, 0, 5015, 0, 1},
    {0xfbe1, 0, 5015, 0, 1},
    {0xfbe2, 0, 5016, 0, 1},
    {0xfbe3, 0, 5016, 0, 1},
    {0xfbe4, 0, 5017, 0, 1},
    {0xfbe5, 0, 5017, 0, 1},
    {0xfbe6, 0, 5017, 0, 1},
    {0xfbe7, 0, 5017, 0, 1},
    {0xfbe8, 0, 5018, 0, 1},
    {0xfbe9, 0, 5018, 0, 1},
    {0xfbea, 0, 5019, 0, 3},
    {0xfbeb, 0, 5019, 0, 3},
    {0xfbec, 0, 5022, 0, 3},
    {0xfbed, 0, 5022, 0, 3},
    {0xfbee, 0, 5025, 0, 3},
    {0xfbef, 0, 5025, 0, 3},
    {0xfbf0, 0, 5028, 0, 3},
    {0xfbf1, 0, 5028, 0, 3},
    {0xfbf2, 0, 5031, 0, 3},
    {0xfbf3, 0, 5031, 0, 3},
    {0xfbf4, 0, 5034, 0, 3},
    {0xfbf5, 0, 5034, 0, 3},
    {0xfbf6, 0, 5037, 0, 3},
    {0xfbf7, 0, 5037, 0, 3},
    {0xfbf8, 0, 5037, 0, 3},
    {0xfbf9, 0, 5040, 0, 3},
    {0xfbfa, 0, 5040, 0, 3},
    {0xfbfb, 0, 5040, 0, 3},
    {0xfbfc, 0, 5043, 0, 1},
    {0xfbfd, 0, 5043, 0, 1},
    {0xfbfe, 0, 5043, 0, 1},
    {0xfbff, 0, 5043, 0, 1},
    {0xfc00, 0, 5044, 0, 3},
    {0xfc01, 0, 5047, 0, 3},
    {0xfc02, 0, 5050, 0, 3},
    {0xfc03, 0, 5040, 0, 3},
    {0xfc04, 0, 5053, 0, 3},
    {0xfc05, 0, 5056, 0, 2},
    {0xfc06, 0, 5058, 0, 2},
    {0xfc07, 0, 5060, 0, 2},
    {0xfc08, 0, 5062, 0, 2},
    {0xfc09, 0, 5064, 0, 2},
    {0xfc0a, 0, 5066, 0, 2},
    {0xfc0b, 0, 5068, 0, 2},
    {0xfc0c, 0, 5070, 0, 2},
    {0xfc0d, 0, 5072, 0, 2},
    {0xfc0e, 0, 5074, 0, 2},
    {0xfc0f, 0, 5076, 0, 2},
    {0xfc10, 0, 5078, 0, 2},
    {0xfc11, 0, 5080, 0, 2},
    {0xfc12, 0, 5082, 0, 2},
    {0xfc13, 0, 5084, 0, 2},
    {0xfc14, 0, 5086, 0, 2},
    {0xfc15, 0, 5088, 0, 2},
    {0xfc16, 0, 5090, 0, 2},
    {0xfc17, 0, 5092, 0, 2},
    {0xfc18, 0, 5094, 0, 2},
    {0xfc19, 0, 5096, 0, 2},
    {0xfc1a, 0, 5098, 0, 2},
    {0xfc1b, 0, 5100, 0, 2},
    {0xfc1c, 0, 5102, 0, 2},
    {0xfc1d, 0, 5104, 0, 2},
    {0xfc1e, 0, 5106, 0, 2},
    {0xfc1f, 0, 5108, 0, 2},
    {0xfc20, 0, 5110, 0, 2},
    {0xfc21, 0, 5112, 0, 2},
    {0xfc22, 0, 5114, 0, 2},
    {0xfc23, 0, 5116, 0, 2},
    {0xfc24, 0, 5118, 0, 2},
    {0xfc25, 0, 5120, 0, 2},
    {0xfc26, 0, 5122, 0, 2},
    {0xfc27, 0, 5124, 0, 2},
    {0xfc28, 0, 5126, 0, 2},
    {0xfc29, 0, 5128, 0, 2},
    {0xfc2a, 0, 5130, 0, 2},
    {0xfc2b, 0, 5132, 0, 2},
    {0xfc2c, 0, 5134, 0, 2},
    {0xfc2d, 0, 5136, 0, 2},
    {0xfc2e, 0, 5138, 0, 2},
    {0xfc2f, 0, 5140, 0, 2},
    {0xfc30, 0, 5142, 0, 2},
    {0xfc31, 0, 5144, 0, 2},
    {0xfc32, 0, 5146, 0, 2},
    {0xfc33, 0, 5148, 0, 2},
    {0xfc34, 0, 5150, 0, 2},
    {0xfc35, 0, 5152, 0, 2},
    {0xfc36, 0, 5154, 0, 2},
    {0xfc37, 0, 5156, 0, 2},
    {0xfc38, 0, 5158, 0, 2},
    {0xfc39, 0, 5160, 0, 2},
    {0xfc3a, 0, 5162, 0, 2},
    {0xfc3b, 0, 5164, 0, 2},
    {0xfc3c, 0, 5166, 0, 2},
    {0xfc3d, 0, 5168, 0, 2},
    {0xfc3e, 0, 5170, 0, 2},
    {0xfc3f, 0, 5172, 0, 2},
    {0xfc40, 0, 5174, 0, 2},
    {0xfc41, 0, 5176, 0, 2},
    {0xfc42, 0, 5178, 0, 2},
    {0xfc43, 0, 5180, 0, 2},
    {0xfc44, 0, 5182, 0, 2},
    {0xfc45, 0, 5184, 0, 2},
    {0xfc46, 0, 5186, 0, 2},
    {0xfc47, 0, 5188, 0, 2},
    {0xfc48, 0, 5190, 0, 2},
    {0xfc49, 0, 5192, 0, 2},
    {0xfc4a, 0, 5194, 0, 2},
    {0xfc4b, 0, 5196, 0, 2},
    {0xfc4c, 0, 5198, 0, 2},
    {0xfc4d, 0, 5200, 0, 2},
    {0xfc4e, 0, 5202, 0, 2},
    {0xfc4f, 0, 5204, 0, 2},
    {0xfc50, 0, 5206, 0, 2},
    {0xfc51, 0, 5208, 0, 2},
    {0xfc52, 0, 5210, 0, 2},
    {0xfc53, 0, 5212, 0, 2},
    {0xfc54, 0, 5214, 0, 2},
    {0xfc55, 0, 5216, 0, 2},
    {0xfc56, 0, 5218, 0, 2},
    {0xfc57, 0, 5220, 0, 2},
    {0xfc58, 0, 5222, 0, 2},
    {0xfc59, 0, 5224, 0, 2},
    {0xfc5a, 0, 5226, 0, 2},
    {0xfc5b, 0, 5228, 0, 2},
    {0xfc5c, 0, 5230, 0, 2},
    {0xfc5d, 0, 5232, 0, 2},
    {0xfc5e, 0, 5234, 0, 3},
    {0xfc5f, 0, 5237, 0, 3},
    {0xfc60, 0, 5240, 0, 3},
    {0xfc61, 0, 5243, 0, 3},
    {0xfc62, 0, 5246, 0, 3},
    {0xfc63, 0, 5249, 0, 3},
    {0xfc64, 0, 5252, 0, 3},
    {0xfc65, 0, 5255, 0, 3},
    {0xfc66, 0, 5050, 0, 3},
    {0xfc67, 0, 5258, 0, 3},
    {0xfc68, 0, 5040, 0, 3},
    {0xfc69, 0, 5053, 0, 3},
    {0xfc6a, 0, 5261, 0, 2},
    {0xfc6b, 0, 5263, 0, 2},
    {0xfc6c, 0, 5062, 0, 2},
    {0xfc6d, 0, 5265, 0, 2},
    {0xfc6e, 0, 5064, 0, 2},
    {0xfc6f, 0, 5066, 0, 2},
    {0xfc70, 0, 5267, 0, 2},
    {0xfc71, 0, 5269, 0, 2},
    {0xfc72, 0, 5074, 0, 2},
    {0xfc73, 0, 5271, 0, 2},
    {0xfc74, 0, 5076, 0, 2},
    {0xfc75, 0, 5078, 0, 2},
    {0xfc76, 0, 5273, 0, 2},
    {0xfc77, 0, 5275, 0, 2},
    {0xfc78, 0, 5082, 0, 2},
    {0xfc79, 0, 5277, 0, 2},
    {0xfc7a, 0, 5084, 0, 2},
    {0xfc7b, 0, 5086, 0, 2},
    {0xfc7c, 0, 5144, 0, 2},
    {0xfc7d, 0, 5146, 0, 2},
    {0xfc7e, 0, 5152, 0, 2},
    {0xfc7f, 0, 5154, 0, 2},
    {0xfc80, 0, 5156, 0, 2},
    {0xfc81, 0, 5164, 0, 2},
    {0xfc82, 0, 5166, 0, 2},
    {0xfc83, 0, 5168, 0, 2},
    {0xfc84, 0, 5170, 0, 2},
    {0xfc85, 0, 5178, 0, 2},
    {0xfc86, 0, 5180, 0, 2},
    {0xfc87, 0, 5182, 0, 2},
    {0xfc88, 0, 5279, 0, 2},
    {0xfc89, 0, 5190, 0, 2},
    {0xfc8a, 0, 5281, 0, 2},
    {0xfc8b, 0, 5283, 0, 2},
    {0xfc8c, 0, 5202, 0, 2},
    {0xfc8d, 0, 5285, 0, 2},
    {0xfc8e, 0, 5204, 0, 2},
    {0xfc8f, 0, 5206, 0, 2},
    {0xfc90, 0, 5232, 0, 2},
    {0xfc91, 0, 5287, 0, 2},
    {0xfc92, 0, 5289, 0, 2},
    {0xfc93, 0, 5222, 0, 2},
    {0xfc94, 0, 5291, 0, 2},
    {0xfc95, 0, 5224, 0, 2},
    {0xfc96, 0, 5226, 0, 2},
    {0xfc97, 0, 5044, 0, 3},
    {0xfc98, 0, 5047, 0, 3},
    {0xfc99, 0, 5293, 0, 3},
    {0xfc9a, 0, 5050, 0, 3},
    {0xfc9b, 0, 5296, 0, 3},
    {0xfc9c, 0, 5056, 0, 2},
    {0xfc9d, 0, 5058, 0, 2},
    {0xfc9e, 0, 5060, 0, 2},
    {0xfc9f, 0, 5062, 0, 2},
    {0xfca0, 0, 5299, 0, 2},
    {0xfca1, 0, 5068, 0, 2},
    {0xfca2, 0, 5070, 0, 2},
    {0xfca3, 0, 5072, 0, 2},
    {0xfca4, 0, 5074, 0, 2},
    {0xfca5, 0, 5301, 0, 2},
    {0xfca6, 0, 5082, 0, 2},
    {0xfca7, 0, 5088, 0, 2},
    {0xfca8, 0, 5090, 0, 2},
    {0xfca9, 0, 5092, 0, 2},
    {0xfcaa, 0, 5094, 0, 2},
    {0xfcab, 0, 5096, 0, 2},
    {0xfcac, 0, 5100, 0, 2},
    {0xfcad, 0, 5102, 0, 2},
    {0xfcae, 0, 5104, 0, 2},
    {0xfcaf, 0, 5106, 0, 2},
    {0xfcb0, 0, 5108, 0, 2},
    {0xfcb1, 0, 5110, 0, 2},
    {0xfcb2, 0, 5303, 0, 2},
    {0xfcb3, 0, 5112, 0, 2},
    {0xfcb4, 0, 5114, 0, 2},
    {0xfcb5, 0, 5116, 0, 2},
    {0xfcb6, 0, 5118, 0, 2},
    {0xfcb7, 0, 5120, 0, 2},
    {0xfcb8, 0, 5122, 0, 2},
    {0xfcb9, 0, 5126, 0, 2},
    {0xfcba, 0, 5128, 0, 2},
    {0xfcbb, 0, 5130, 0, 2},
    {0xfcbc, 0, 5132, 0, 2},
    {0xfcbd, 0, 5134, 0, 2},
    {0xfcbe, 0, 5136, 0, 2},
    {0xfcbf, 0, 5138, 0, 2},
    {0xfcc0, 0, 5140, 0, 2},
    {0xfcc1, 0, 5142, 0, 2},
    {0xfcc2, 0, 5148, 0, 2},
    {0xfcc3, 0, 5150, 0, 2},
    {0xfcc4, 0, 5158, 0, 2},
    {0xfcc5, 0, 5160, 0, 2},
    {0xfcc6, 0, 5162, 0, 2},
    {0xfcc7, 0, 5164, 0, 2},
    {0xfcc8, 0, 5166, 0, 2},
    {0xfcc9, 0, 5172, 0, 2},
    {0xfcca, 0, 5174, 0, 2},
    {0xfccb, 0, 5176, 0, 2},
    {0xfccc, 0, 5178, 0, 2},
    {0xfccd, 0, 5305, 0, 2},
    {0xfcce, 0, 5184, 0, 2},
    {0xfccf, 0, 5186, 0, 2},
    {0xfcd0, 0, 5188, 0, 2},
    {0xfcd1, 0, 5190, 0, 2},
    {0xfcd2, 0, 5196, 0, 2},
    {0xfcd3, 0, 5198, 0, 2},
    {0xfcd4, 0, 5200, 0, 2},
    {0xfcd5, 0, 5202, 0, 2},
    {0xfcd6, 0, 5307, 0, 2},
    {0xfcd7, 0, 5208, 0, 2},
    {0xfcd8, 0, 5210, 0, 2},
    {0xfcd9, 0, 5309, 0, 2},
    {0xfcda, 0, 5216, 0, 2},
    {0xfcdb, 0, 5218, 0, 2},
    {0xfcdc, 0, 5220, 0, 2},
    {0xfcdd, 0, 5222, 0, 2},
    {0xfcde, 0, 5311, 0, 2},
    {0xfcdf, 0, 5050, 0, 3},
    {0xfce0, 0, 5296, 0, 3},
    {0xfce1, 0, 5062, 0, 2},
    {0xfce2, 0, 5299, 0, 2},
    {0xfce3, 0, 5074, 0, 2},
    {0xfce4, 0, 5301, 0, 2},
    {0xfce5, 0, 5082, 0, 2},
    {0xfce6, 0, 5313, 0, 2},
    {0xfce7, 0, 5108, 0, 2},
    {0xfce8, 0, 5315, 0, 2},
    {0xfce9, 0, 5317, 0, 2},
    {0xfcea, 0, 5319, 0, 2},
    {0xfceb, 0, 5164, 0, 2},
    {0xfcec, 0, 5166, 0, 2},
    {0xfced, 0, 5178, 0, 2},
    {0xfcee, 0, 5202, 0, 2},
    {0xfcef, 0, 5307, 0, 2},
    {0xfcf0, 0, 5222, 0, 2},
    {0xfcf1, 0, 5311, 0, 2},
    {0xfcf2, 0, 5321, 0, 3},
    {0xfcf3, 0, 5324, 0, 3},
    {0xfcf4, 0, 5327, 0, 3},
    {0xfcf5, 0, 5330, 0, 2},
    {0xfcf6, 0, 5332, 0, 2},
    {0xfcf7, 0, 5334, 0, 2},
    {0xfcf8, 0, 5336, 0, 2},
    {0xfcf9, 0, 5338, 0, 2},
    {0xfcfa, 0, 5340, 0, 2},
    {0xfcfb, 0, 5342, 0, 2},
    {0xfcfc, 0, 5344, 0, 2},
    {0xfcfd, 0, 5346, 0, 2},
    {0xfcfe, 0, 5348, 0, 2},
    {0xfcff, 0, 5350, 0, 2},
    {0xfd00, 0, 5352, 0, 2},
    {0xfd01, 0, 5354, 0, 2},
    {0xfd02, 0, 5356, 0, 2},
    {0xfd03, 0, 5358, 0, 2},
    {0xfd04, 0, 5360, 0, 2},
    {0xfd05, 0, 5362, 0, 2},
    {0xfd06, 0, 5364, 0, 2},
    {0xfd07, 0, 5366, 0, 2},
    {0xfd08, 0, 5368, 0, 2},
    {0xfd09, 0, 5370, 0, 2},
    {0xfd0a, 0, 5372, 0, 2},
    {0xfd0b, 0, 5374, 0, 2},
    {0xfd0c, 0, 5317, 0, 2},
    {0xfd0d, 0, 5376, 0, 2},
    {0xfd0e, 0, 5378, 0, 2},
    {0xfd0f, 0, 5380, 0, 2},
    {0xfd10, 0, 5382, 0, 2},
    {0xfd11, 0, 5330, 0, 2},
    {0xfd12, 0, 5332, 0, 2},
    {0xfd13, 0, 5334, 0, 2},
    {0xfd14, 0, 5336, 0, 2},
    {0xfd15, 0, 5338, 0, 2},
    {0xfd16, 0, 5340, 0, 2},
    {0xfd17, 0, 5342, 0, 2},
    {0xfd18, 0, 5344, 0, 2},
    {0xfd19, 0, 5346, 0, 2},
    {0xfd1a, 0, 5348, 0, 2},
    {0xfd1b, 0, 5350, 0, 2},
    {0xfd1c, 0, 5352, 0, 2},
    {0xfd1d, 0, 5354, 0, 2},
    {0xfd1e, 0, 5356, 0, 2},
    {0xfd1f, 0, 5358, 0, 2},
    {0xfd20, 0, 5360, 0, 2},
    {0xfd21, 0, 5362, 0, 2},
    {0xfd22, 0, 5364, 0, 2},
    {0xfd23, 0, 5366, 0, 2},
    {0xfd24, 0, 5368, 0, 2},
    {0xfd25, 0, 5370, 0, 2},
    {0xfd26, 0, 5372, 0, 2},
    {0xfd27, 0, 5374, 0, 2},
    {0xfd28, 0, 5317, 0, 2},
    {0xfd29, 0, 5376, 0, 2},
    {0xfd2a, 0, 5378, 0, 2},
    {0xfd2b, 0, 5380, 0, 2},
    {0xfd2c, 0, 5382, 0, 2},
    {0xfd2d, 0, 5370, 0, 2},
    {0xfd2e, 0, 5372, 0, 2},
    {0xfd2f, 0, 5374, 0, 2},
    {0xfd30, 0, 5317, 0, 2},
    {0xfd31, 0, 5315, 0, 2},
    {0xfd32, 0, 5319, 0, 2},
    {0xfd33, 0, 5124, 0, 2},
    {0xfd34, 0, 5102, 0, 2},
    {0xfd35, 0, 5104, 0, 2},
    {0xfd36, 0, 5106, 0, 2},
    {0xfd37, 0, 5370, 0, 2},
    {0xfd38, 0, 5372, 0, 2},
    {0xfd39, 0, 5374, 0, 2},
    {0xfd3a, 0, 5124, 0, 2},
    {0xfd3b, 0, 5126, 0, 2},
    {0xfd3c, 0, 5384, 0, 2},
    {0xfd3d, 0, 5384, 0, 2},
    {0xfd50, 0, 5386, 0, 3},
    {0xfd51, 0, 5389, 0, 3},
    {0xfd52, 0, 5389, 0, 3},
    {0xfd53, 0, 5392, 0, 3},
    {0xfd54, 0, 5395, 0, 3},
    {0xfd55, 0, 5398, 0, 3},
    {0xfd56, 0, 5401, 0, 3},
    {0xfd57, 0, 5404, 0, 3},
    {0xfd58, 0, 5407, 0, 3},
    {0xfd59, 0, 5407, 0, 3},
    {0xfd5a, 0, 5410, 0, 3},
    {0xfd5b, 0, 5413, 0, 3},
    {0xfd5c, 0, 5416, 0, 3},
    {0xfd5d, 0, 5419, 0, 3},
    {0xfd5e, 0, 5422, 0, 3},
    {0xfd5f, 0, 5425, 0, 3},
    {0xfd60, 0, 5425, 0, 3},
    {0xfd61, 0, 5428, 0, 3},
    {0xfd62, 0, 5431, 0, 3},
    {0xfd63, 0, 5431, 0, 3},
    {0xfd64, 0, 5434, 0, 3},
    {0xfd65, 0, 5434, 0, 3},
    {0xfd66, 0, 5437, 0, 3},
    {0xfd67, 0, 5440, 0, 3},
    {0xfd68, 0, 5440, 0, 3},
    {0xfd69, 0, 5443, 0, 3},
    {0xfd6a, 0, 5446, 0, 3},
    {0xfd6b, 0, 5446, 0, 3},
    {0xfd6c, 0, 5449, 0, 3},
    {0xfd6d, 0, 5449, 0, 3},
    {0xfd6e, 0, 5452, 0, 3},
    {0xfd6f, 0, 5455, 0, 3},
    {0xfd70, 0, 5455, 0, 3},
    {0xfd71, 0, 5458, 0, 3},
    {0xfd72, 0, 5458, 0, 3},
    {0xfd73, 0, 5461, 0, 3},
    {0xfd74, 0, 5464, 0, 3},
    {0xfd75, 0, 5467, 0, 3},
    {0xfd76, 0, 5470, 0, 3},
    {0xfd77, 0, 5470, 0, 3},
    {0xfd78, 0, 5473, 0, 3},
    {0xfd79, 0, 5476, 0, 3},
    {0xfd7a, 0, 5479, 0, 3},
    {0xfd7b, 0, 5482, 0, 3},
    {0xfd7c, 0, 5485, 0, 3},
    {0xfd7d, 0, 5485, 0, 3},
    {0xfd7e, 0, 5488, 0, 3},
    {0xfd7f, 0, 5491, 0, 3},
    {0xfd80, 0, 5494, 0, 3},
    {0xfd81, 0, 5497, 0, 3},
    {0xfd82, 0, 5500, 0, 3},
    {0xfd83, 0, 5503, 0, 3},
    {0xfd84, 0, 5503, 0, 3},
    {0xfd85, 0, 5506, 0, 3},
    {0xfd86, 0, 5506, 0, 3},
    {0xfd87, 0, 5509, 0, 3},
    {0xfd88, 0, 5509, 0, 3},
    {0xfd89, 0, 5512, 0, 3},
    {0xfd8a, 0, 5515, 0, 3},
    {0xfd8b, 0, 5518, 0, 3},
    {0xfd8c, 0, 5521, 0, 3},
    {0xfd8d, 0, 5524, 0, 3},
    {0xfd8e, 0, 5527, 0, 3},
    {0xfd8f, 0, 5530, 0, 3},
    {0xfd92, 0, 5533, 0, 3},
    {0xfd93, 0, 5536, 0, 3},
    {0xfd94, 0, 5539, 0, 3},
    {0xfd95, 0, 5542, 0, 3},
    {0xfd96, 0, 5545, 0, 3},
    {0xfd97, 0, 5548, 0, 3},
    {0xfd98, 0, 5548, 0, 3},
    {0xfd99, 0, 5551, 0, 3},
    {0xfd9a, 0, 5554, 0, 3},
    {0xfd9b, 0, 5557, 0, 3},
    {0xfd9c, 0, 5560, 0, 3},
    {0xfd9d, 0, 5560, 0, 3},
    {0xfd9e, 0, 5563, 0, 3},
    {0xfd9f, 0, 5566, 0, 3},
    {0xfda0, 0, 5569, 0, 3},
    {0xfda1, 0, 5572, 0, 3},
    {0xfda2, 0, 5575, 0, 3},
    {0xfda3, 0, 5578, 0, 3},
    {0xfda4, 0, 5581, 0, 3},
    {0xfda5, 0, 5584, 0, 3},
    {0xfda6, 0, 5587, 0, 3},
    {0xfda7, 0, 5590, 0, 3},
    {0xfda8, 0, 5593, 0, 3},
    {0xfda9, 0, 5596, 0, 3},
    {0xfdaa, 0, 5599, 0, 3},
    {0xfdab, 0, 5602, 0, 3},
    {0xfdac, 0, 5605, 0, 3},
    {0xfdad, 0, 5608, 0, 3},
    {0xfdae, 0, 5611, 0, 3},
    {0xfdaf, 0, 5614, 0, 3},
    {0xfdb0, 0, 5617, 0, 3},
    {0xfdb1, 0, 5620, 0, 3},
    {0xfdb2, 0, 5623, 0, 3},
    {0xfdb3, 0, 5626, 0, 3},
    {0xfdb4, 0, 5488, 0, 3},
    {0xfdb5, 0, 5494, 0, 3},
    {0xfdb6, 0, 5629, 0, 3},
    {0xfdb7, 0, 5632, 0, 3},
    {0xfdb8, 0, 5635, 0, 3},
    {0xfdb9, 0, 5638, 0, 3},
    {0xfdba, 0, 5641, 0, 3},
    {0xfdbb, 0, 5644, 0, 3},
    {0xfdbc, 0, 5641, 0, 3},
    {0xfdbd, 0, 5635, 0, 3},
    {0xfdbe, 0, 5647, 0, 3},
    {0xfdbf, 0, 5650, 0, 3},
    {0xfdc0, 0, 5653, 0, 3},
    {0xfdc1, 0, 5656, 0, 3},
    {0xfdc2, 0, 5659, 0, 3},
    {0xfdc3, 0, 5644, 0, 3},
    {0xfdc4, 0, 5467, 0, 3},
    {0xfdc5, 0, 5437, 0, 3},
    {0xfdc6, 0, 5662, 0, 3},
    {0xfdc7, 0, 5665, 0, 3},
    {0xfdf0, 0, 5668, 0, 3},
    {0xfdf1, 0, 5671, 0, 3},
    {0xfdf2, 0, 5674, 0, 4},
    {0xfdf3, 0, 5678, 0, 4},
    {0xfdf4, 0, 5682, 0, 4},
    {0xfdf5, 0, 5686, 0, 4},
    {0xfdf6, 0, 5690, 0, 4},
    {0xfdf7, 0, 5694, 0, 4},
    {0xfdf8, 0, 5698, 0, 4},
    {0xfdf9, 0, 5702, 0, 3},
    {0xfdfa, 0, 5705, 0, 18},
    {0xfdfb, 0, 5723, 0, 8},
    {0xfdfc, 0, 5731, 0, 4},
    {0xfe10, 0, 5735, 0, 1},
    {0xfe11, 0, 5736, 0, 1},
    {0xfe12, 0, 5737, 0, 1},
    {0xfe13, 0, 5738, 0, 1},
    {0xfe14, 0, 621, 0, 1},
    {0xfe15, 0, 5739, 0, 1},
    {0xfe16, 0, 5740, 0, 1},
    {0xfe17, 0, 5741, 0, 1},
    {0xfe18, 0, 5742, 0, 1},
    {0xfe19, 0, 2279, 0, 3},
    {0xfe30, 0, 2277, 0, 2},
    {0xfe31, 0, 5743, 0, 1},
    {0xfe32, 0, 5744, 0, 1},
    {0xfe33, 0, 5745, 0, 1},
    {0xfe34, 0, 5745, 0, 1},
    {0xfe35, 0, 2316, 0, 1},
    {0xfe36, 0, 2317, 0, 1},
    {0xfe37, 0, 5746, 0, 1},
    {0xfe38, 0, 5747, 0, 1},
    {0xfe39, 0, 5748, 0, 1},
    {0xfe3a, 0, 5749, 0, 1},
    {0xfe3b, 0, 5750, 0, 1},
    {0xfe3c, 0, 5751, 0, 1},
    {0xfe3d, 0, 5752, 0, 1},
    {0xfe3e, 0, 5753, 0, 1},
    {0xfe3f, 0, 2560, 0, 1},
    {0xfe40, 0, 2561, 0, 1},
    {0xfe41, 0, 5754, 0, 1},
    {0xfe42, 0, 5755, 0, 1},
    {0xfe43, 0, 5756, 0, 1},
    {0xfe44, 0, 5757, 0, 1},
    {0xfe47, 0, 5758, 0, 1},
    {0xfe48, 0, 5759, 0, 1},
    {0xfe49, 0, 2294, 0, 2},
    {0xfe4a, 0, 2294, 0, 2},
    {0xfe4b, 0, 2294, 0, 2},
    {0xfe4c, 0, 2294, 0, 2},
    {0xfe4d, 0, 5745, 0, 1},
    {0xfe4e, 0, 5745, 0, 1},
    {0xfe4f, 0, 5745, 0, 1},
    {0xfe50, 0, 5735, 0, 1},
    {0xfe51, 0, 5736, 0, 1},
    {0xfe52, 0, 2276, 0, 1},
    {0xfe54, 0, 621, 0, 1},
    {0xfe55, 0, 5738, 0, 1},
    {0xfe56, 0, 5740, 0, 1},
    {0xfe57, 0, 5739, 0, 1},
    {0xfe58, 0, 5743, 0, 1},
    {0xfe59, 0, 2316, 0, 1},
    {0xfe5a, 0, 2317, 0, 1},
    {0xfe5b, 0, 5746, 0, 1},
    {0xfe5c, 0, 5747, 0, 1},
    {0xfe5d, 0, 5748, 0, 1},
    {0xfe5e, 0, 5749, 0, 1},
    {0xfe5f, 0, 5760, 0, 1},
    {0xfe60, 0, 5761, 0, 1},
    {0xfe61, 0, 5762, 0, 1},
    {0xfe62, 0, 2313, 0, 1},
    {0xfe63, 0, 5763, 0, 1},
    {0xfe64, 0, 5764, 0, 1},
    {0xfe65, 0, 5765, 0, 1},
    {0xfe66, 0, 2315, 0, 1},
    {0xfe68, 0, 5766, 0, 1},
    {0xfe69, 0, 5767, 0, 1},
    {0xfe6a, 0, 5768, 0, 1},
    {0xfe6b, 0, 5769, 0, 1},
    {0xfe70, 0, 5770, 0, 2},
    {0xfe71, 0, 5772, 0, 2},
    {0xfe72, 0, 5774, 0, 2},
    {0xfe74, 0, 5776, 0, 2},
    {0xfe76, 0, 5778, 0, 2},
    {0xfe77, 0, 5780, 0, 2},
    {0xfe78, 0, 5782, 0, 2},
    {0xfe79, 0, 5784, 0, 2},
    {0xfe7a, 0, 5786, 0, 2},
    {0xfe7b, 0, 5788, 0, 2},
    {0xfe7c, 0, 5790, 0, 2},
    {0xfe7d, 0, 5792, 0, 2},
    {0xfe7e, 0, 5794, 0, 2},
    {0xfe7f, 0, 5796, 0, 2},
    {0xfe80, 0, 5798, 0, 1},
    {0xfe81, 0, 794, 0, 2},
    {0xfe82, 0, 794, 0, 2},
    {0xfe83, 0, 796, 0, 2},
    {0xfe84, 0, 796, 0, 2},
    {0xfe85, 0, 798, 0, 2},
    {0xfe86, 0, 798, 0, 2},
    {0xfe87, 0, 800, 0, 2},
    {0xfe88, 0, 800, 0, 2},
    {0xfe89, 0, 802, 0, 2},
    {0xfe8a, 0, 802, 0, 2},
    {0xfe8b, 0, 802, 0, 2},
    {0xfe8c, 0, 802, 0, 2},
    {0xfe8d, 0, 5799, 0, 1},
    {0xfe8e, 0, 5799, 0, 1},
    {0xfe8f, 0, 5800, 0, 1},
    {0xfe90, 0, 5800, 0, 1},
    {0xfe91, 0, 5800, 0, 1},
    {0xfe92, 0, 5800, 0, 1},
    {0xfe93, 0, 5801, 0, 1},
    {0xfe94, 0, 5801, 0, 1},
    {0xfe95, 0, 5802, 0, 1},
    {0xfe96, 0, 5802, 0, 1},
    {0xfe97, 0, 5802, 0, 1},
    {0xfe98, 0, 5802, 0, 1},
    {0xfe99, 0, 5803, 0, 1},
    {0xfe9a, 0, 5803, 0, 1},
    {0xfe9b, 0, 5803, 0, 1},
    {0xfe9c, 0, 5803, 0, 1},
    {0xfe9d, 0, 5804, 0, 1},
    {0xfe9e, 0, 5804, 0, 1},
    {0xfe9f, 0, 5804, 0, 1},
    {0xfea0, 0, 5804, 0, 1},
    {0xfea1, 0, 5805, 0, 1},
    {0xfea2, 0, 5805, 0, 1},
    {0xfea3, 0, 5805, 0, 1},
    {0xfea4, 0, 5805, 0, 1},
    {0xfea5, 0, 5806, 0, 1},
    {0xfea6, 0, 5806, 0, 1},
    {0xfea7, 0, 5806, 0, 1},
    {0xfea8, 0, 5806, 0, 1},
    {0xfea9, 0, 5807, 0, 1},
    {0xfeaa, 0, 5807, 0, 1},
    {0xfeab, 0, 5808, 0, 1},
    {0xfeac, 0, 5808, 0, 1},
    {0xfead, 0, 5809, 0, 1},
    {0xfeae, 0, 5809, 0, 1},
    {0xfeaf, 0, 5810, 0, 1},
    {0xfeb0, 0, 5810, 0, 1},
    {0xfeb1, 0, 5811, 0, 1},
    {0xfeb2, 0, 5811, 0, 1},
    {0xfeb3, 0, 5811, 0, 1},
    {0xfeb4, 0, 5811, 0, 1},
    {0xfeb5, 0, 5812, 0, 1},
    {0xfeb6, 0, 5812, 0, 1},
    {0xfeb7, 0, 5812, 0, 1},
    {0xfeb8, 0, 5812, 0, 1},
    {0xfeb9, 0, 5813, 0, 1},
    {0xfeba, 0, 5813, 0, 1},
    {0xfebb, 0, 5813, 0, 1},
    {0xfebc, 0, 5813, 0, 1},
    {0xfebd, 0, 5814, 0, 1},
    {0xfebe, 0, 5814, 0, 1},
    {0xfebf, 0, 5814, 0, 1},
    {0xfec0, 0, 5814, 0, 1},
    {0xfec1, 0, 5815, 0, 1},
    {0xfec2, 0, 5815, 0, 1},
    {0xfec3, 0, 5815, 0, 1},
    {0xfec4, 0, 5815, 0, 1},
    {0xfec5, 0, 5816, 0, 1},
    {0xfec6, 0, 5816, 0, 1},
    {0xfec7, 0, 5816, 0, 1},
    {0xfec8, 0, 5816, 0, 1},
    {0xfec9, 0, 5817, 0, 1},
    {0xfeca, 0, 5817, 0, 1},
    {0xfecb, 0, 5817, 0, 1},
    {0xfecc, 0, 5817, 0, 1},
    {0xfecd, 0, 5818, 0, 1},
    {0xfece, 0, 5818, 0, 1},
    {0xfecf, 0, 5818, 0, 1},
    {0xfed0, 0, 5818, 0, 1},
    {0xfed1, 0, 5819, 0, 1},
    {0xfed2, 0, 5819, 0, 1},
    {0xfed3, 0, 5819, 0, 1},
    {0xfed4, 0, 5819, 0, 1},
    {0xfed5, 0, 5820, 0, 1},
    {0xfed6, 0, 5820, 0, 1},
    {0xfed7, 0, 5820, 0, 1},
    {0xfed8, 0, 5820, 0, 1},
    {0xfed9, 0, 5821, 0, 1},
    {0xfeda, 0, 5821, 0, 1},
    {0xfedb, 0, 5821, 0, 1},
    {0xfedc, 0, 5821, 0, 1},
    {0xfedd, 0, 5822, 0, 1},
    {0xfede, 0, 5822, 0, 1},
    {0xfedf, 0, 5822, 0, 1},
    {0xfee0, 0, 5822, 0, 1},
    {0xfee1, 0, 5823, 0, 1},
    {0xfee2, 0, 5823, 0, 1},
    {0xfee3, 0, 5823, 0, 1},
    {0xfee4, 0, 5823, 0, 1},
    {0xfee5, 0, 5824, 0, 1},
    {0xfee6, 0, 5824, 0, 1},
    {0xfee7, 0, 5824, 0, 1},
    {0xfee8, 0, 5824, 0, 1},
    {0xfee9, 0, 5825, 0, 1},
    {0xfeea, 0, 5825, 0, 1},
    {0xfeeb, 0, 5825, 0, 1},
    {0xfeec, 0, 5825, 0, 1},
    {0xfeed, 0, 5826, 0, 1},
    {0xfeee, 0, 5826, 0, 1},
    {0xfeef, 0, 5018, 0, 1},
    {0xfef0, 0, 5018, 0, 1},
    {0xfef1, 0, 5827, 0, 1},
    {0xfef2, 0, 5827, 0, 1},
    {0xfef3, 0, 5827, 0, 1},
    {0xfef4, 0, 5827, 0, 1},
    {0xfef5, 0, 5828, 0, 3},
    {0xfef6, 0, 5828, 0, 3},
    {0xfef7, 0, 5831, 0, 3},
    {0xfef8, 0, 5831, 0, 3},
    {0xfef9, 0, 5834, 0, 3},
    {0xfefa, 0, 5834, 0, 3},
    {0xfefb, 0, 5837, 0, 2},
    {0xfefc, 0, 5837, 0, 2},
    {0xff01, 0, 5739, 0, 1},
    {0xff02, 0, 5839, 0, 1},
    {0xff03, 0, 5760, 0, 1},
    {0xff04, 0, 5767, 0, 1},
    {0xff05, 0, 5768, 0, 1},
    {0xff06, 0, 5761, 0, 1},
    {0xff07, 0, 5840, 0, 1},
    {0xff08, 0, 2316, 0, 1},
    {0xff09, 0, 2317, 0, 1},
    {0xff0a, 0, 5762, 0, 1},
    {0xff0b, 0, 2313, 0, 1},
    {0xff0c, 0, 5735, 0, 1},
    {0xff0d, 0, 5763, 0, 1},
    {0xff0e, 0, 2276, 0, 1},
    {0xff0f, 0, 5841, 0, 1},
    {0xff10, 0, 2306, 0, 1},
    {0xff11, 0, 13, 0, 1},
    {0xff12, 0, 6, 0, 1},
    {0xff13, 0, 7, 0, 1},
    {0xff14, 0, 2307, 0, 1},
    {0xff15, 0, 2308, 0, 1},
    {0xff16, 0, 2309, 0, 1},
    {0xff17, 0, 2310, 0, 1},
    {0xff18, 0, 2311, 0, 1},
    {0xff19, 0, 2312, 0, 1},
    {0xff1a, 0, 5738, 0, 1},
    {0xff1b, 0, 621, 0, 1},
    {0xff1c, 0, 5764, 0, 1},
    {0xff1d, 0, 2315, 0, 1},
    {0xff1e, 0, 5765, 0, 1},
    {0xff1f, 0, 5740, 0, 1},
    {0xff20, 0, 5769, 0, 1},
    {0xff21, 0, 982, 0, 1},
    {0xff22, 0, 984, 0, 1},
    {0xff23, 0, 2327, 0, 1},
    {0xff24, 0, 985, 0, 1},
    {0xff25, 0, 986, 0, 1},
    {0xff26, 0, 2352, 0, 1},
    {0xff27, 0, 988, 0, 1},
    {0xff28, 0, 989, 0, 1},
    {0xff29, 0, 990, 0, 1},
    {0xff2a, 0, 991, 0, 1},
    {0xff2b, 0, 992, 0, 1},
    {0xff2c, 0, 993, 0, 1},
    {0xff2d, 0, 994, 0, 1},
    {0xff2e, 0, 995, 0, 1},
    {0xff2f, 0, 996, 0, 1},
    {0xff30, 0, 998, 0, 1},
    {0xff31, 0, 2342, 0, 1},
    {0xff32, 0, 999, 0, 1},
    {0xff33, 0, 2784, 0, 1},
    {0xff34, 0, 1000, 0, 1},
    {0xff35, 0, 1001, 0, 1},
    {0xff36, 0, 2418, 0, 1},
    {0xff37, 0, 1002, 0, 1},
    {0xff38, 0, 2430, 0, 1},
    {0xff39, 0, 2785, 0, 1},
    {0xff3a, 0, 2350, 0, 1},
    {0xff3b, 0, 5758, 0, 1},
    {0xff3c, 0, 5766, 0, 1},
    {0xff3d, 0, 5759, 0, 1},
    {0xff3e, 0, 5842, 0, 1},
    {0xff3f, 0, 5745, 0, 1},
    {0xff40, 0, 2248, 0, 1},
    {0xff41, 0, 3, 0, 1},
    {0xff42, 0, 1006, 0, 1},
    {0xff43, 0, 1032, 0, 1},
    {0xff44, 0, 1007, 0, 1},
    {0xff45, 0, 1008, 0, 1},
    {0xff46, 0, 1035, 0, 1},
    {0xff47, 0, 1012, 0, 1},
    {0xff48, 0, 588, 0, 1},
    {0xff49, 0, 1029, 0, 1},
    {0xff4a, 0, 590, 0, 1},
    {0xff4b, 0, 1013, 0, 1},
    {0xff4c, 0, 610, 0, 1},
    {0xff4d, 0, 1014, 0, 1},
    {0xff4e, 0, 2318, 0, 1},
    {0xff4f, 0, 14, 0, 1},
    {0xff50, 0, 1019, 0, 1},
    {0xff51, 0, 2786, 0, 1},
    {0xff52, 0, 591, 0, 1},
    {0xff53, 0, 356, 0, 1},
    {0xff54, 0, 1020, 0, 1},
    {0xff55, 0, 1021, 0, 1},
    {0xff56, 0, 1024, 0, 1},
    {0xff57, 0, 595, 0, 1},
    {0xff58, 0, 611, 0, 1},
    {0xff59, 0, 596, 0, 1},
    {0xff5a, 0, 1062, 0, 1},
    {0xff5b, 0, 5746, 0, 1},
    {0xff5c, 0, 5843, 0, 1},
    {0xff5d, 0, 5747, 0, 1},
    {0xff5e, 0, 5844, 0, 1},
    {0xff5f, 0, 5845, 0, 1},
    {0xff60, 0, 5846, 0, 1},
    {0xff61, 0, 5737, 0, 1},
    {0xff62, 0, 5754, 0, 1},
    {0xff63, 0, 5755, 0, 1},
    {0xff64, 0, 5736, 0, 1},
    {0xff65, 0, 5847, 0, 1},
    {0xff66, 0, 3692, 0, 1},
    {0xff67, 0, 5848, 0, 1},
    {0xff68, 0, 5849, 0, 1},
    {0xff69, 0, 5850, 0, 1},
    {0xff6a, 0, 5851, 0, 1},
    {0xff6b, 0, 5852, 0, 1},
    {0xff6c, 0, 5853, 0, 1},
    {0xff6d, 0, 5854, 0, 1},
    {0xff6e, 0, 5855, 0, 1},
    {0xff6f, 0, 5856, 0, 1},
    {0xff70, 0, 5857, 0, 1},
    {0xff71, 0, 3646, 0, 1},
    {0xff72, 0, 3647, 0, 1},
    {0xff73, 0, 3648, 0, 1},
    {0xff74, 0, 3649, 0, 1},
    {0xff75, 0, 3650, 0, 1},
    {0xff76, 0, 3651, 0, 1},
    {0xff77, 0, 3652, 0, 1},
    {0xff78, 0, 3653, 0, 1},
    {0xff79, 0, 3654, 0, 1},
    {0xff7a, 0, 3655, 0, 1},
    {0xff7b, 0, 3656, 0, 1},
    {0xff7c, 0, 3657, 0, 1},
    {0xff7d, 0, 3658, 0, 1},
    {0xff7e, 0, 3659, 0, 1},
    {0xff7f, 0, 3660, 0, 1},
    {0xff80, 0, 3661, 0, 1},
    {0xff81, 0, 3662, 0, 1},
    {0xff82, 0, 3663, 0, 1},
    {0xff83, 0, 3664, 0, 1},
    {0xff84, 0, 3665, 0, 1},
    {0xff85, 0, 3666, 0, 1},
    {0xff86, 0, 3667, 0, 1},
    {0xff87, 0, 3668, 0, 1},
    {0xff88, 0, 3669, 0, 1},
    {0xff89, 0, 3670, 0, 1},
    {0xff8a, 0, 3671, 0, 1},
    {0xff8b, 0, 3672, 0, 1},
    {0xff8c, 0, 3673, 0, 1},
    {0xff8d, 0, 3674, 0, 1},
    {0xff8e, 0, 3675, 0, 1},
    {0xff8f, 0, 3676, 0, 1},
    {0xff90, 0, 3677, 0, 1},
    {0xff91, 0, 3678, 0, 1},
    {0xff92, 0, 3679, 0, 1},
    {0xff93, 0, 3680, 0, 1},
    {0xff94, 0, 3681, 0, 1},
    {0xff95, 0, 3682, 0, 1},
    {0xff96, 0, 3683, 0, 1},
    {0xff97, 0, 3684, 0, 1},
    {0xff98, 0, 3685, 0, 1},
    {0xff99, 0, 3686, 0, 1},
    {0xff9a, 0, 3687, 0, 1},
    {0xff9b, 0, 3688, 0, 1},
    {0xff9c, 0, 3689, 0, 1},
    {0xff9d, 0, 5858, 0, 1},
    {0xff9e, 0, 5859, 0, 1},
    {0xff9f, 0, 5860, 0, 1},
    {0xffa0, 0, 3196, 0, 1},
    {0xffa1, 0, 3145, 0, 1},
    {0xffa2, 0, 3146, 0, 1},
    {0xffa3, 0, 3147, 0, 1},
    {0xffa4, 0, 3148, 0, 1},
    {0xffa5, 0, 3149, 0, 1},
    {0xffa6, 0, 3150, 0, 1},
    {0xffa7, 0, 3151, 0, 1},
    {0xffa8, 0, 3152, 0, 1},
    {0xffa9, 0, 3153, 0, 1},
    {0xffaa, 0, 3154, 0, 1},
    {0xffab, 0, 3155, 0, 1},
    {0xffac, 0, 3156, 0, 1},
    {0xffad, 0, 3157, 0, 1},
    {0xffae, 0, 3158, 0, 1},
    {0xffaf, 0, 3159, 0, 1},
    {0xffb0, 0, 3160, 0, 1},
    {0xffb1, 0, 3161, 0, 1},
    {0xffb2, 0, 3162, 0, 1},
    {0xffb3, 0, 3163, 0, 1},
    {0xffb4, 0, 3164, 0, 1},
    {0xffb5, 0, 3165, 0, 1},
    {0xffb6, 0, 3166, 0, 1},
    {0xffb7, 0, 3167, 0, 1},
    {0xffb8, 0, 3168, 0, 1},
    {0xffb9, 0, 3169, 0, 1},
    {0xffba, 0, 3170, 0, 1},
    {0xffbb, 0, 3171, 0, 1},
    {0xffbc, 0, 3172, 0, 1},
    {0xffbd, 0, 3173, 0, 1},
    {0xffbe, 0, 3174, 0, 1},
    {0xffc2, 0, 3175, 0, 1},
    {0xffc3, 0, 3176, 0, 1},
    {0xffc4, 0, 3177, 0, 1},
    {0xffc5, 0, 3178, 0, 1},
    {0xffc6, 0, 3179, 0, 1},
    {0xffc7, 0, 3180, 0, 1},
    {0xffca, 0, 3181, 0, 1},
    {0xffcb, 0, 3182, 0, 1},
    {0xffcc, 0, 3183, 0, 1},
    {0xffcd, 0, 3184, 0, 1},
    {0xffce, 0, 3185, 0, 1},
    {0xffcf, 0, 3186, 0, 1},
    {0xffd2, 0, 3187, 0, 1},
    {0xffd3, 0, 3188, 0, 1},
    {0xffd4, 0, 3189, 0, 1},
    {0xffd5, 0, 3190, 0, 1},
    {0xffd6, 0, 3191, 0, 1},
    {0xffd7, 0, 3192, 0, 1},
    {0xffda, 0, 3193, 0, 1},
    {0xffdb, 0, 3194, 0, 1},
    {0xffdc, 0, 3195, 0, 1},
    {0xffe0, 0, 5861, 0, 1},
    {0xffe1, 0, 5862, 0, 1},
    {0xffe2, 0, 5863, 0, 1},
    {0xffe3, 0, 4, 0, 2},
    {0xffe4, 0, 5864, 0, 1},
    {0xffe5, 0, 5865, 0, 1},
    {0xffe6, 0, 5866, 0, 1},
    {0xffe8, 0, 5867, 0, 1},
    {0xffe9, 0, 5868, 0, 1},
    {0xffea, 0, 5869, 0, 1},
    {0xffeb, 0, 5870, 0, 1},
    {0xffec, 0, 5871, 0, 1},
    {0xffed, 0, 5872, 0, 1},
    {0xffee, 0, 5873, 0, 1},
    {0x105c9, 5874, 5874, 2, 2},
    {0x105e4, 5876, 5876, 2, 2},
    {0x10781, 0, 5878, 0, 1},
    {0x10782, 0, 5879, 0, 1},
    {0x10783, 0, 5880, 0, 1},
    {0x10784, 0, 5881, 0, 1},
    {0x10785, 0, 5882, 0, 1},
    {0x10787, 0, 5883, 0, 1},
    {0x10788, 0, 5884, 0, 1},
    {0x10789, 0, 5885, 0, 1},
    {0x1078a, 0, 5886, 0, 1},
    {0x1078b, 0, 5887, 0, 1},
    {0x1078c, 0, 5888, 0, 1},
    {0x1078d, 0, 5889, 0, 1},
    {0x1078e, 0, 5890, 0, 1},
    {0x1078f, 0, 5891, 0, 1},
    {0x10790, 0, 5892, 0, 1},
    {0x10791, 0, 5893, 0, 1},
    {0x10792, 0, 5894, 0, 1},
    {0x10793, 0, 5895, 0, 1},
    {0x10794, 0, 5896, 0, 1},
    {0x10795, 0, 2339, 0, 1},
    {0x10796, 0, 5897, 0, 1},
    {0x10797, 0, 5898, 0, 1},
    {0x10798, 0, 5899, 0, 1},
    {0x10799, 0, 5900, 0, 1},
    {0x1079a, 0, 5901, 0, 1},
    {0x1079b, 0, 5902, 0, 1},
    {0x1079c, 0, 5903, 0, 1},
    {0x1079d, 0, 5904, 0, 1},
    {0x1079e, 0, 5905, 0, 1},
    {0x1079f, 0, 5906, 0, 1},
    {0x107a0, 0, 5907, 0, 1},
    {0x107a1, 0, 5908, 0, 1},
    {0x107a2, 0, 5909, 0, 1},
    {0x107a3, 0, 5910, 0, 1},
    {0x107a4, 0, 5911, 0, 1},
    {0x107a5, 0, 2786, 0, 1},
    {0x107a6, 0, 5912, 0, 1},
    {0x107a7, 0, 5913, 0, 1},
    {0x107a8, 0, 5914, 0, 1},
    {0x107a9, 0, 5915, 0, 1},
    {0x107aa, 0, 5916, 0, 1},
    {0x107ab, 0, 5917, 0, 1},
    {0x107ac, 0, 5918, 0, 1},
    {0x107ad, 0, 5919, 0, 1},
    {0x107ae, 0, 5920, 0, 1},
    {0x107af, 0, 5921, 0, 1},
    {0x107b0, 0, 5922, 0, 1},
    {0x107b2, 0, 5923, 0, 1},
    {0x107b3, 0, 5924, 0, 1},
    {0x107b4, 0, 5925, 0, 1},
    {0x107b5, 0, 5926, 0, 1},
    {0x107b6, 0, 5927, 0, 1},
    {0x107b7, 0, 5928, 0, 1},
    {0x107b8, 0, 5929, 0, 1},
    {0x107b9, 0, 5930, 0, 1},
    {0x107ba, 0, 5931, 0, 1},
    {0x107bb, 0, 5932, 0, 1},
    {0x107bc, 0, 5933, 0, 1},
    {0x107bd, 0, 5934, 0, 1},
    {0x107be, 0, 5935, 0, 1},
    {0x107bf, 0, 5936, 0, 1},
    {0x1109a, 5937, 5937, 2, 2},
    {0x1109c, 5939, 5939, 2, 2},
    {0x110ab, 5941, 5941, 2, 2},
    {0x1112e, 5943, 5943, 2, 2},
    {0x1112f, 5945, 5945, 2, 2},
    {0x1134b, 5947, 5947, 2, 2},
    {0x1134c, 5949, 5949, 2, 2},
    {0x11383, 5951, 5951, 2, 2},
    {0x11385, 5953, 5953, 2, 2},
    {0x1138e, 5955, 5955, 2, 2},
    {0x11391, 5957, 5957, 2, 2},
    {0x113c5, 5959, 5959, 2, 2},
    {0x113c7, 5961, 5961, 2, 2},
    {0x113c8, 5963, 5963, 2, 2},
    {0x114bb, 5965, 5965, 2, 2},
    {0x114bc, 5967, 5967, 2, 2},
    {0x114be, 5969, 5969, 2, 2},
    {0x115ba, 5971, 5971, 2, 2},
    {0x115bb, 5973, 5973, 2, 2},
    {0x11938, 5975, 5975, 2, 2},
    {0x16121, 5977, 5977, 2, 2},
    {0x16122, 5979, 5979, 2, 2},
    {0x16123, 5981, 5981, 2, 2},
    {0x16124, 5983, 5983, 2, 2},
    {0x16125, 5985, 5985, 2, 2},
    {0x16126, 5987, 5987, 3, 3},
    {0x16127, 5990, 5990, 3, 3},
    {0x16128, 5993, 5993, 3, 3},
    {0x16d68, 5996, 5996, 2, 2},
    {0x16d69, 5998, 5998, 2, 2},
    {0x16d6a, 6000, 6000, 3, 3},
    {0x1b123, 0, 6003, 0, 2},
    {0x1b124, 0, 6005, 0, 2},
    {0x1b125, 0, 6007, 0, 2},
    {0x1b126, 0, 6009, 0, 2},
    {0x1ccd6, 0, 982, 0, 1},
    {0x1ccd7, 0, 984, 0, 1},
    {0x1ccd8, 0, 2327, 0, 1},
    {0x1ccd9, 0, 985, 0, 1},
    {0x1ccda, 0, 986, 0, 1},
    {0x1ccdb, 0, 2352, 0, 1},
    {0x1ccdc, 0, 988, 0, 1},
    {0x1ccdd, 0, 989, 0, 1},
    {0x1ccde, 0, 990, 0, 1},
    {0x1ccdf, 0, 991, 0, 1},
    {0x1cce0, 0, 992, 0, 1},
    {0x1cce1, 0, 993, 0, 1},
    {0x1cce2, 0, 994, 0, 1},
    {0x1cce3, 0, 995, 0, 1},
    {0x1cce4, 0, 996, 0, 1},
    {0x1cce5, 0, 998, 0, 1},
    {0x1cce6, 0, 2342, 0, 1},
    {0x1cce7, 0, 999, 0, 1},
    {0x1cce8, 0, 2784, 0, 1},
    {0x1cce9, 0, 1000, 0, 1},
    {0x1ccea, 0, 1001, 0, 1},
    {0x1cceb, 0, 2418, 0, 1},
    {0x1ccec, 0, 1002, 0, 1},
    {0x1cced, 0, 2430, 0, 1},
    {0x1ccee, 0, 2785, 0, 1},
    {0x1ccef, 0, 2350, 0, 1},
    {0x1ccf0, 0, 2306, 0, 1},
    {0x1ccf1, 0, 13, 0, 1},
    {0x1ccf2, 0, 6, 0, 1},
    {0x1ccf3, 0, 7, 0, 1},
    {0x1ccf4, 0, 2307, 0, 1},
    {0x1ccf5, 0, 2308, 0, 1},
    {0x1ccf6, 0, 2309, 0, 1},
    {0x1ccf7, 0, 2310, 0, 1},
    {0x1ccf8, 0, 2311, 0, 1},
    {0x1ccf9, 0, 2312, 0, 1},
    {0x1d15e, 6011, 6011, 2, 2},
    {0x1d15f, 6013, 6013, 2, 2},
    {0x1d160, 6015, 6015, 3, 3},
    {0x1d161, 6018, 6018, 3, 3},
    {0x1d162, 6021, 6021, 3, 3},
    {0x1d163, 6024, 6024, 3, 3},
    {0x1d164, 6027, 6027, 3, 3},
    {0x1d1bb, 6030, 6030, 2, 2},
    {0x1d1bc, 6032, 6032, 2, 2},
    {0x1d1bd, 6034, 6034, 3, 3},
    {0x1d1be, 6037, 6037, 3, 3},
    {0x1d1bf, 6040, 6040, 3, 3},
    {0x1d1c0, 6043, 6043, 3, 3},
    {0x1d400, 0, 982, 0, 1},
    {0x1d401, 0, 984, 0, 1},
    {0x1d402, 0, 2327, 0, 1},
    {0x1d403, 0, 985, 0, 1},
    {0x1d404, 0, 986, 0, 1},
    {0x1d405, 0, 2352, 0, 1},
    {0x1d406, 0, 988, 0, 1},
    {0x1d407, 0, 989, 0, 1},
    {0x1d408, 0, 990, 0, 1},
    {0x1d409, 0, 991, 0, 1},
    {0x1d40a, 0, 992, 0, 1},
    {0x1d40b, 0, 993, 0, 1},
    {0x1d40c, 0, 994, 0, 1},
    {0x1d40d, 0, 995, 0, 1},
    {0x1d40e, 0, 996, 0, 1},
    {0x1d40f, 0, 998, 0, 1},
    {0x1d410, 0, 2342, 0, 1},
    {0x1d411, 0, 999, 0, 1},
    {0x1d412, 0, 2784, 0, 1},
    {0x1d413, 0, 1000, 0, 1},
    {0x1d414, 0, 1001, 0, 1},
    {0x1d415, 0, 2418, 0, 1},
    {0x1d416, 0, 1002, 0, 1},
    {0x1d417, 0, 2430, 0, 1},
    {0x1d418, 0, 2785, 0, 1},
    {0x1d419, 0, 2350, 0, 1},
    {0x1d41a, 0, 3, 0, 1},
    {0x1d41b, 0, 1006, 0, 1},
    {0x1d41c, 0, 1032, 0, 1},
    {0x1d41d, 0, 1007, 0, 1},
    {0x1d41e, 0, 1008, 0, 1},
    {0x1d41f, 0, 1035, 0, 1},
    {0x1d420, 0, 1012, 0, 1},
    {0x1d421, 0, 588, 0, 1},
    {0x1d422, 0, 1029, 0, 1},
    {0x1d423, 0, 590, 0, 1},
    {0x1d424, 0, 1013, 0, 1},
    {0x1d425, 0, 610, 0, 1},
    {0x1d426, 0, 1014, 0, 1},
    {0x1d427, 0, 2318, 0, 1},
    {0x1d428, 0, 14, 0, 1},
    {0x1d429, 0, 1019, 0, 1},
    {0x1d42a, 0, 2786, 0, 1},
    {0x1d42b, 0, 591, 0, 1},
    {0x1d42c, 0, 356, 0, 1},
    {0x1d42d, 0, 1020, 0, 1},
    {0x1d42e, 0, 1021, 0, 1},
    {0x1d42f, 0, 1024, 0, 1},
    {0x1d430, 0, 595, 0, 1},
    {0x1d431, 0, 611, 0, 1},
    {0x1d432, 0, 596, 0, 1},
    {0x1d433, 0, 1062, 0, 1},
    {0x1d434, 0, 982, 0, 1},
    {0x1d435, 0, 984, 0, 1},
    {0x1d436, 0, 2327, 0, 1},
    {0x1d437, 0, 985, 0, 1},
    {0x1d438, 0, 986, 0, 1},
    {0x1d439, 0, 2352, 0, 1},
    {0x1d43a, 0, 988, 0, 1},
    {0x1d43b, 0, 989, 0, 1},
    {0x1d43c, 0, 990, 0, 1},
    {0x1d43d, 0, 991, 0, 1},
    {0x1d43e, 0, 992, 0, 1},
    {0x1d43f, 0, 993, 0, 1},
    {0x1d440, 0, 994, 0, 1},
    {0x1d441, 0, 995, 0, 1},
    {0x1d442, 0, 996, 0, 1},
    {0x1d443, 0, 998, 0, 1},
    {0x1d444, 0, 2342, 0, 1},
    {0x1d445, 0, 999, 0, 1},
    {0x1d446, 0, 2784, 0, 1},
    {0x1d447, 0, 1000, 0, 1},
    {0x1d448, 0, 1001, 0, 1},
    {0x1d449, 0, 2418, 0, 1},
    {0x1d44a, 0, 1002, 0, 1},
    {0x1d44b, 0, 2430, 0, 1},
    {0x1d44c, 0, 2785, 0, 1},
    {0x1d44d, 0, 2350, 0, 1},
    {0x1d44e, 0, 3, 0, 1},
    {0x1d44f, 0, 1006, 0, 1},
    {0x1d450, 0, 1032, 0, 1},
    {0x1d451, 0, 1007, 0, 1},
    {0x1d452, 0, 1008, 0, 1},
    {0x1d453, 0, 1035, 0, 1},
    {0x1d454, 0, 1012, 0, 1},
    {0x1d456, 0, 1029, 0, 1},
    {0x1d457, 0, 590, 0, 1},
    {0x1d458, 0, 1013, 0, 1},
    {0x1d459, 0, 610, 0, 1},
    {0x1d45a, 0, 1014, 0, 1},
    {0x1d45b, 0, 2318, 0, 1},
    {0x1d45c, 0, 14, 0, 1},
    {0x1d45d, 0, 1019, 0, 1},
    {0x1d45e, 0, 2786, 0, 1},
    {0x1d45f, 0, 591, 0, 1},
    {0x1d460, 0, 356, 0, 1},
    {0x1d461, 0, 1020, 0, 1},
    {0x1d462, 0, 1021, 0, 1},
    {0x1d463, 0, 1024, 0, 1},
    {0x1d464, 0, 595, 0, 1},
    {0x1d465, 0, 611, 0, 1},
    {0x1d466, 0, 596, 0, 1},
    {0x1d467, 0, 1062, 0, 1},
    {0x1d468, 0, 982, 0, 1},
    {0x1d469, 0, 984, 0, 1},
    {0x1d46a, 0, 2327, 0, 1},
    {0x1d46b, 0, 985, 0, 1},
    {0x1d46c, 0, 986, 0, 1},
    {0x1d46d, 0, 2352, 0, 1},
    {0x1d46e, 0, 988, 0, 1},
    {0x1d46f, 0, 989, 0, 1},
    {0x1d470, 0, 990, 0, 1},
    {0x1d471, 0, 991, 0, 1},
    {0x1d472, 0, 992, 0, 1},
    {0x1d473, 0, 993, 0, 1},
    {0x1d474, 0, 994, 0, 1},
    {0x1d475, 0, 995, 0, 1},
    {0x1d476, 0, 996, 0, 1},
    {0x1d477, 0, 998, 0, 1},
    {0x1d478, 0, 2342, 0, 1},
    {0x1d479, 0, 999, 0, 1},
    {0x1d47a, 0, 2784, 0, 1},
    {0x1d47b, 0, 1000, 0, 1},
    {0x1d47c, 0, 1001, 0, 1},
    {0x1d47d, 0, 2418, 0, 1},
    {0x1d47e, 0, 1002, 0, 1},
    {0x1d47f, 0, 2430, 0, 1},
    {0x1d480, 0, 2785, 0, 1},
    {0x1d481, 0, 2350, 0, 1},
    {0x1d482, 0, 3, 0, 1},
    {0x1d483, 0, 1006, 0, 1},
    {0x1d484, 0, 1032, 0, 1},
    {0x1d485, 0, 1007, 0, 1},
    {0x1d486, 0, 1008, 0, 1},
    {0x1d487, 0, 1035, 0, 1},
    {0x1d488, 0, 1012, 0, 1},
    {0x1d489, 0, 588, 0, 1},
    {0x1d48a, 0, 1029, 0, 1},
    {0x1d48b, 0, 590, 0, 1},
    {0x1d48c, 0, 1013, 0, 1},
    {0x1d48d, 0, 610, 0, 1},
    {0x1d48e, 0, 1014, 0, 1},
    {0x1d48f, 0, 2318, 0, 1},
    {0x1d490, 0, 14, 0, 1},
    {0x1d491, 0, 1019, 0, 1},
    {0x1d492, 0, 2786, 0, 1},
    {0x1d493, 0, 591, 0, 1},
    {0x1d494, 0, 356, 0, 1},
    {0x1d495, 0, 1020, 0, 1},
    {0x1d496, 0, 1021, 0, 1},
    {0x1d497, 0, 1024, 0, 1},
    {0x1d498, 0, 595, 0, 1},
    {0x1d499, 0, 611, 0, 1},
    {0x1d49a, 0, 596, 0, 1},
    {0x1d49b, 0, 1062, 0, 1},
    {0x1d49c, 0, 982, 0, 1},
    {0x1d49e, 0, 2327, 0, 1},
    {0x1d49f, 0, 985, 0, 1},
    {0x1d4a2, 0, 988, 0, 1},
    {0x1d4a5, 0, 991, 0, 1},
    {0x1d4a6, 0, 992, 0, 1},
    {0x1d4a9, 0, 995, 0, 1},
    {0x1d4aa, 0, 996, 0, 1},
    {0x1d4ab, 0, 998, 0, 1},
    {0x1d4ac, 0, 2342, 0, 1},
    {0x1d4ae, 0, 2784, 0, 1},
    {0x1d4af, 0, 1000, 0, 1},
    {0x1d4b0, 0, 1001, 0, 1},
    {0x1d4b1, 0, 2418, 0, 1},
    {0x1d4b2, 0, 1002, 0, 1},
    {0x1d4b3, 0, 2430, 0, 1},
    {0x1d4b4, 0, 2785, 0, 1},
    {0x1d4b5, 0, 2350, 0, 1},
    {0x1d4b6, 0, 3, 0, 1},
    {0x1d4b7, 0, 1006, 0, 1},
    {0x1d4b8, 0, 1032, 0, 1},
    {0x1d4b9, 0, 1007, 0, 1},
    {0x1d4bb, 0, 1035, 0, 1},
    {0x1d4bd, 0, 588, 0, 1},
    {0x1d4be, 0, 1029, 0, 1},
    {0x1d4bf, 0, 590, 0, 1},
    {0x1d4c0, 0, 1013, 0, 1},
    {0x1d4c1, 0, 610, 0, 1},
    {0x1d4c2, 0, 1014, 0, 1},
    {0x1d4c3, 0, 2318, 0, 1},
    {0x1d4c5, 0, 1019, 0, 1},
    {0x1d4c6, 0, 2786, 0, 1},
    {0x1d4c7, 0, 591, 0, 1},
    {0x1d4c8, 0, 356, 0, 1},
    {0x1d4c9, 0, 1020, 0, 1},
    {0x1d4ca, 0, 1021, 0, 1},
    {0x1d4cb, 0, 1024, 0, 1},
    {0x1d4cc, 0, 595, 0, 1},
    {0x1d4cd, 0, 611, 0, 1},
    {0x1d4ce, 0, 596, 0, 1},
    {0x1d4cf, 0, 1062, 0, 1},
    {0x1d4d0, 0, 982, 0, 1},
    {0x1d4d1, 0, 984, 0, 1},
    {0x1d4d2, 0, 2327, 0, 1},
    {0x1d4d3, 0, 985, 0, 1},
    {0x1d4d4, 0, 986, 0, 1},
    {0x1d4d5, 0, 2352, 0, 1},
    {0x1d4d6, 0, 988, 0, 1},
    {0x1d4d7, 0, 989, 0, 1},
    {0x1d4d8, 0, 990, 0, 1},
    {0x1d4d9, 0, 991, 0, 1},
    {0x1d4da, 0, 992, 0, 1},
    {0x1d4db, 0, 993, 0, 1},
    {0x1d4dc, 0, 994, 0, 1},
    {0x1d4dd, 0, 995, 0, 1},
    {0x1d4de, 0, 996, 0, 1},
    {0x1d4df, 0, 998, 0, 1},
    {0x1d4e0, 0, 2342, 0, 1},
    {0x1d4e1, 0, 999, 0, 1},
    {0x1d4e2, 0, 2784, 0, 1},
    {0x1d4e3, 0, 1000, 0, 1},
    {0x1d4e4, 0, 1001, 0, 1},
    {0x1d4e5, 0, 2418, 0, 1},
    {0x1d4e6, 0, 1002, 0, 1},
    {0x1d4e7, 0, 2430, 0, 1},
    {0x1d4e8, 0, 2785, 0, 1},
    {0x1d4e9, 0, 2350, 0, 1},
    {0x1d4ea, 0, 3, 0, 1},
    {0x1d4eb, 0, 1006, 0, 1},
    {0x1d4ec, 0, 1032, 0, 1},
    {0x1d4ed, 0, 1007, 0, 1},
    {0x1d4ee, 0, 1008, 0, 1},
    {0x1d4ef, 0, 1035, 0, 1},
    {0x1d4f0, 0, 1012, 0, 1},
    {0x1d4f1, 0, 588, 0, 1},
    {0x1d4f2, 0, 1029, 0, 1},
    {0x1d4f3, 0, 590, 0, 1},
    {0x1d4f4, 0, 1013, 0, 1},
    {0x1d4f5, 0, 610, 0, 1},
    {0x1d4f6, 0, 1014, 0, 1},
    {0x1d4f7, 0, 2318, 0, 1},
    {0x1d4f8, 0, 14, 0, 1},
    {0x1d4f9, 0, 1019, 0, 1},
    {0x1d4fa, 0, 2786, 0, 1},
    {0x1d4fb, 0, 591, 0, 1},
    {0x1d4fc, 0, 356, 0, 1},
    {0x1d4fd, 0, 1020, 0, 1},
    {0x1d4fe, 0, 1021, 0, 1},
    {0x1d4ff, 0, 1024, 0, 1},
    {0x1d500, 0, 595, 0, 1},
    {0x1d501, 0, 611, 0, 1},
    {0x1d502, 0, 596, 0, 1},
    {0x1d503, 0, 1062, 0, 1},
    {0x1d504, 0, 982, 0, 1},
    {0x1d505, 0, 984, 0, 1},
    {0x1d507, 0, 985, 0, 1},
    {0x1d508, 0, 986, 0, 1},
    {0x1d509, 0, 2352, 0, 1},
    {0x1d50a, 0, 988, 0, 1},
    {0x1d50d, 0, 991, 0, 1},
    {0x1d50e, 0, 992, 0, 1},
    {0x1d50f, 0, 993, 0, 1},
    {0x1d510, 0, 994, 0, 1},
    {0x1d511, 0, 995, 0, 1},
    {0x1d512, 0, 996, 0, 1},
    {0x1d513, 0, 998, 0, 1},
    {0x1d514, 0, 2342, 0, 1},
    {0x1d516, 0, 2784, 0, 1},
    {0x1d517, 0, 1000, 0, 1},
    {0x1d518, 0, 1001, 0, 1},
    {0x1d519, 0, 2418, 0, 1},
    {0x1d51a, 0, 1002, 0, 1},
    {0x1d51b, 0, 2430, 0, 1},
    {0x1d51c, 0, 2785, 0, 1},
    {0x1d51e, 0, 3, 0, 1},
    {0x1d51f, 0, 1006, 0, 1},
    {0x1d520, 0, 1032, 0, 1},
    {0x1d521, 0, 1007, 0, 1},
    {0x1d522, 0, 1008, 0, 1},
    {0x1d523, 0, 1035, 0, 1},
    {0x1d524, 0, 1012, 0, 1},
    {0x1d525, 0, 588, 0, 1},
    {0x1d526, 0, 1029, 0, 1},
    {0x1d527, 0, 590, 0, 1},
    {0x1d528, 0, 1013, 0, 1},
    {0x1d529, 0, 610, 0, 1},
    {0x1d52a, 0, 1014, 0, 1},
    {0x1d52b, 0, 2318, 0, 1},
    {0x1d52c, 0, 14, 0, 1},
    {0x1d52d, 0, 1019, 0, 1},
    {0x1d52e, 0, 2786, 0, 1},
    {0x1d52f, 0, 591, 0, 1},
    {0x1d530, 0, 356, 0, 1},
    {0x1d531, 0, 1020, 0, 1},
    {0x1d532, 0, 1021, 0, 1},
    {0x1d533, 0, 1024, 0, 1},
    {0x1d534, 0, 595, 0, 1},
    {0x1d535, 0, 611, 0, 1},
    {0x1d536, 0, 596, 0, 1},
    {0x1d537, 0, 1062, 0, 1},
    {0x1d538, 0, 982, 0, 1},
    {0x1d539, 0, 984, 0, 1},
    {0x1d53b, 0, 985, 0, 1},
    {0x1d53c, 0, 986, 0, 1},
    {0x1d53d, 0, 2352, 0, 1},
    {0x1d53e, 0, 988, 0, 1},
    {0x1d540, 0, 990, 0, 1},
    {0x1d541, 0, 991, 0, 1},
    {0x1d542, 0, 992, 0, 1},
    {0x1d543, 0, 993, 0, 1},
    {0x1d544, 0, 994, 0, 1},
    {0x1d546, 0, 996, 0, 1},
    {0x1d54a, 0, 2784, 0, 1},
    {0x1d54b, 0, 1000, 0, 1},
    {0x1d54c, 0, 1001, 0, 1},
    {0x1d54d, 0, 2418, 0, 1},
    {0x1d54e, 0, 1002, 0, 1},
    {0x1d54f, 0, 2430, 0, 1},
    {0x1d550, 0, 2785, 0, 1},
    {0x1d552, 0, 3, 0, 1},
    {0x1d553, 0, 1006, 0, 1},
    {0x1d554, 0, 1032, 0, 1},
    {0x1d555, 0, 1007, 0, 1},
    {0x1d556, 0, 1008, 0, 1},
    {0x1d557, 0, 1035, 0, 1},
    {0x1d558, 0, 1012, 0, 1},
    {0x1d559, 0, 588, 0, 1},
    {0x1d55a, 0, 1029, 0, 1},
    {0x1d55b, 0, 590, 0, 1},
    {0x1d55c, 0, 1013, 0, 1},
    {0x1d55d, 0, 610, 0, 1},
    {0x1d55e, 0, 1014, 0, 1},
    {0x1d55f, 0, 2318, 0, 1},
    {0x1d560, 0, 14, 0, 1},
    {0x1d561, 0, 1019, 0, 1},
    {0x1d562, 0, 2786, 0, 1},
    {0x1d563, 0, 591, 0, 1},
    {0x1d564, 0, 356, 0, 1},
    {0x1d565, 0, 1020, 0, 1},
    {0x1d566, 0, 1021, 0, 1},
    {0x1d567, 0, 1024, 0, 1},
    {0x1d568, 0, 595, 0, 1},
    {0x1d569, 0, 611, 0, 1},
    {0x1d56a, 0, 596, 0, 1},
    {0x1d56b, 0, 1062, 0, 1},
    {0x1d56c, 0, 982, 0, 1},
    {0x1d56d, 0, 984, 0, 1},
    {0x1d56e, 0, 2327, 0, 1},
    {0x1d56f, 0, 985, 0, 1},
    {0x1d570, 0, 986, 0, 1},
    {0x1d571, 0, 2352, 0, 1},
    {0x1d572, 0, 988, 0, 1},
    {0x1d573, 0, 989, 0, 1},
    {0x1d574, 0, 990, 0, 1},
    {0x1d575, 0, 991, 0, 1},
    {0x1d576, 0, 992, 0, 1},
    {0x1d577, 0, 993, 0, 1},
    {0x1d578, 0, 994, 0, 1},
    {0x1d579, 0, 995, 0, 1},
    {0x1d57a, 0, 996, 0, 1},
    {0x1d57b, 0, 998, 0, 1},
    {0x1d57c, 0, 2342, 0, 1},
    {0x1d57d, 0, 999, 0, 1},
    {0x1d57e, 0, 2784, 0, 1},
    {0x1d57f, 0, 1000, 0, 1},
    {0x1d580, 0, 1001, 0, 1},
    {0x1d581, 0, 2418, 0, 1},
    {0x1d582, 0, 1002, 0, 1},
    {0x1d583, 0, 2430, 0, 1},
    {0x1d584, 0, 2785, 0, 1},
    {0x1d585, 0, 2350, 0, 1},
    {0x1d586, 0, 3, 0, 1},
    {0x1d587, 0, 1006, 0, 1},
    {0x1d588, 0, 1032, 0, 1},
    {0x1d589, 0, 1007, 0, 1},
    {0x1d58a, 0, 1008, 0, 1},
    {0x1d58b, 0, 1035, 0, 1},
    {0x1d58c, 0, 1012, 0, 1},
    {0x1d58d, 0, 588, 0, 1},
    {0x1d58e, 0, 1029, 0, 1},
    {0x1d58f, 0, 590, 0, 1},
    {0x1d590, 0, 1013, 0, 1},
    {0x1d591, 0, 610, 0, 1},
    {0x1d592, 0, 1014, 0, 1},
    {0x1d593, 0, 2318, 0, 1},
    {0x1d594, 0, 14, 0, 1},
    {0x1d595, 0, 1019, 0, 1},
    {0x1d596, 0, 2786, 0, 1},
    {0x1d597, 0, 591, 0, 1},
    {0x1d598, 0, 356, 0, 1},
    {0x1d599, 0, 1020, 0, 1},
    {0x1d59a, 0, 1021, 0, 1},
    {0x1d59b, 0, 1024, 0, 1},
    {0x1d59c, 0, 595, 0, 1},
    {0x1d59d, 0, 611, 0, 1},
    {0x1d59e, 0, 596, 0, 1},
    {0x1d59f, 0, 1062, 0, 1},
    {0x1d5a0, 0, 982, 0, 1},
    {0x1d5a1, 0, 984, 0, 1},
    {0x1d5a2, 0, 2327, 0, 1},
    {0x1d5a3, 0, 985, 0, 1},
    {0x1d5a4, 0, 986, 0, 1},
    {0x1d5a5, 0, 2352, 0, 1},
    {0x1d5a6, 0, 988, 0, 1},
    {0x1d5a7, 0, 989, 0, 1},
    {0x1d5a8, 0, 990, 0, 1},
    {0x1d5a9, 0, 991, 0, 1},
    {0x1d5aa, 0, 992, 0, 1},
    {0x1d5ab, 0, 993, 0, 1},
    {0x1d5ac, 0, 994, 0, 1},
    {0x1d5ad, 0, 995, 0, 1},
    {0x1d5ae, 0, 996, 0, 1},
    {0x1d5af, 0, 998, 0, 1},
    {0x1d5b0, 0, 2342, 0, 1},
    {0x1d5b1, 0, 999, 0, 1},
    {0x1d5b2, 0, 2784, 0, 1},
    {0x1d5b3, 0, 1000, 0, 1},
    {0x1d5b4, 0, 1001, 0, 1},
    {0x1d5b5, 0, 2418, 0, 1},
    {0x1d5b6, 0, 1002, 0, 1},
    {0x1d5b7, 0, 2430, 0, 1},
    {0x1d5b8, 0, 2785, 0, 1},
    {0x1d5b9, 0, 2350, 0, 1},
    {0x1d5ba, 0, 3, 0, 1},
    {0x1d5bb, 0, 1006, 0, 1},
    {0x1d5bc, 0, 1032, 0, 1},
    {0x1d5bd, 0, 1007, 0, 1},
    {0x1d5be, 0, 1008, 0, 1},
    {0x1d5bf, 0, 1035, 0, 1},
    {0x1d5c0, 0, 1012, 0, 1},
    {0x1d5c1, 0, 588, 0, 1},
    {0x1d5c2, 0, 1029, 0, 1},
    {0x1d5c3, 0, 590, 0, 1},
    {0x1d5c4, 0, 1013, 0, 1},
    {0x1d5c5, 0, 610, 0, 1},
    {0x1d5c6, 0, 1014, 0, 1},
    {0x1d5c7, 0, 2318, 0, 1},
    {0x1d5c8, 0, 14, 0, 1},
    {0x1d5c9, 0, 1019, 0, 1},
    {0x1d5ca, 0, 2786, 0, 1},
    {0x1d5cb, 0, 591, 0, 1},
    {0x1d5cc, 0, 356, 0, 1},
    {0x1d5cd, 0, 1020, 0, 1},
    {0x1d5ce, 0, 1021, 0, 1},
    {0x1d5cf, 0, 1024, 0, 1},
    {0x1d5d0, 0, 595, 0, 1},
    {0x1d5d1, 0, 611, 0, 1},
    {0x1d5d2, 0, 596, 0, 1},
    {0x1d5d3, 0, 1062, 0, 1},
    {0x1d5d4, 0, 982, 0, 1},
    {0x1d5d5, 0, 984, 0, 1},
    {0x1d5d6, 0, 2327, 0, 1},
    {0x1d5d7, 0, 985, 0, 1},
    {0x1d5d8, 0, 986, 0, 1},
    {0x1d5d9, 0, 2352, 0, 1},
    {0x1d5da, 0, 988, 0, 1},
    {0x1d5db, 0, 989, 0, 1},
    {0x1d5dc, 0, 990, 0, 1},
    {0x1d5dd, 0, 991, 0, 1},
    {0x1d5de, 0, 992, 0, 1},
    {0x1d5df, 0, 993, 0, 1},
    {0x1d5e0, 0, 994, 0, 1},
    {0x1d5e1, 0, 995, 0, 1},
    {0x1d5e2, 0, 996, 0, 1},
    {0x1d5e3, 0, 998, 0, 1},
    {0x1d5e4, 0, 2342, 0, 1},
    {0x1d5e5, 0, 999, 0, 1},
    {0x1d5e6, 0, 2784, 0, 1},
    {0x1d5e7, 0, 1000, 0, 1},
    {0x1d5e8, 0, 1001, 0, 1},
    {0x1d5e9, 0, 2418, 0, 1},
    {0x1d5ea, 0, 1002, 0, 1},
    {0x1d5eb, 0, 2430, 0, 1},
    {0x1d5ec, 0, 2785, 0, 1},
    {0x1d5ed, 0, 2350, 0, 1},
    {0x1d5ee, 0, 3, 0, 1},
    {0x1d5ef, 0, 1006, 0, 1},
    {0x1d5f0, 0, 1032, 0, 1},
    {0x1d5f1, 0, 1007, 0, 1},
    {0x1d5f2, 0, 1008, 0, 1},
    {0x1d5f3, 0, 1035, 0, 1},
    {0x1d5f4, 0, 1012, 0, 1},
    {0x1d5f5, 0, 588, 0, 1},
    {0x1d5f6, 0, 1029, 0, 1},
    {0x1d5f7, 0, 590, 0, 1},
    {0x1d5f8, 0, 1013, 0, 1},
    {0x1d5f9, 0, 610, 0, 1},
    {0x1d5fa, 0, 1014, 0, 1},
    {0x1d5fb, 0, 2318, 0, 1},
    {0x1d5fc, 0, 14, 0, 1},
    {0x1d5fd, 0, 1019, 0, 1},
    {0x1d5fe, 0, 2786, 0, 1},
    {0x1d5ff, 0, 591, 0, 1},
    {0x1d600, 0, 356, 0, 1},
    {0x1d601, 0, 1020, 0, 1},
    {0x1d602, 0, 1021, 0, 1},
    {0x1d603, 0, 1024, 0, 1},
    {0x1d604, 0, 595, 0, 1},
    {0x1d605, 0, 611, 0, 1},
    {0x1d606, 0, 596, 0, 1},
    {0x1d607, 0, 1062, 0, 1},
    {0x1d608, 0, 982, 0, 1},
    {0x1d609, 0, 984, 0, 1},
    {0x1d60a, 0, 2327, 0, 1},
    {0x1d60b, 0, 985, 0, 1},
    {0x1d60c, 0, 986, 0, 1},
    {0x1d60d, 0, 2352, 0, 1},
    {0x1d60e, 0, 988, 0, 1},
    {0x1d60f, 0, 989, 0, 1},
    {0x1d610, 0, 990, 0, 1},
    {0x1d611, 0, 991, 0, 1},
    {0x1d612, 0, 992, 0, 1},
    {0x1d613, 0, 993, 0, 1},
    {0x1d614, 0, 994, 0, 1},
    {0x1d615, 0, 995, 0, 1},
    {0x1d616, 0, 996, 0, 1},
    {0x1d617, 0, 998, 0, 1},
    {0x1d618, 0, 2342, 0, 1},
    {0x1d619, 0, 999, 0, 1},
    {0x1d61a, 0, 2784, 0, 1},
    {0x1d61b, 0, 1000, 0, 1},
    {0x1d61c, 0, 1001, 0, 1},
    {0x1d61d, 0, 2418, 0, 1},
    {0x1d61e, 0, 1002, 0, 1},
    {0x1d61f, 0, 2430, 0, 1},
    {0x1d620, 0, 2785, 0, 1},
    {0x1d621, 0, 2350, 0, 1},
    {0x1d622, 0, 3, 0, 1},
    {0x1d623, 0, 1006, 0, 1},
    {0x1d624, 0, 1032, 0, 1},
    {0x1d625, 0, 1007, 0, 1},
    {0x1d626, 0, 1008, 0, 1},
    {0x1d627, 0, 1035, 0, 1},
    {0x1d628, 0, 1012, 0, 1},
    {0x1d629, 0, 588, 0, 1},
    {0x1d62a, 0, 1029, 0, 1},
    {0x1d62b, 0, 590, 0, 1},
    {0x1d62c, 0, 1013, 0, 1},
    {0x1d62d, 0, 610, 0, 1},
    {0x1d62e, 0, 1014, 0, 1},
    {0x1d62f, 0, 2318, 0, 1},
    {0x1d630, 0, 14, 0, 1},
    {0x1d631, 0, 1019, 0, 1},
    {0x1d632, 0, 2786, 0, 1},
    {0x1d633, 0, 591, 0, 1},
    {0x1d634, 0, 356, 0, 1},
    {0x1d635, 0, 1020, 0, 1},
    {0x1d636, 0, 1021, 0, 1},
    {0x1d637, 0, 1024, 0, 1},
    {0x1d638, 0, 595, 0, 1},
    {0x1d639, 0, 611, 0, 1},
    {0x1d63a, 0, 596, 0, 1},
    {0x1d63b, 0, 1062, 0, 1},
    {0x1d63c, 0, 982, 0, 1},
    {0x1d63d, 0, 984, 0, 1},
    {0x1d63e, 0, 2327, 0, 1},
    {0x1d63f, 0, 985, 0, 1},
    {0x1d640, 0, 986, 0, 1},
    {0x1d641, 0, 2352, 0, 1},
    {0x1d642, 0, 988, 0, 1},
    {0x1d643, 0, 989, 0, 1},
    {0x1d644, 0, 990, 0, 1},
    {0x1d645, 0, 991, 0, 1},
    {0x1d646, 0, 992, 0, 1},
    {0x1d647, 0, 993, 0, 1},
    {0x1d648, 0, 994, 0, 1},
    {0x1d649, 0, 995, 0, 1},
    {0x1d64a, 0, 996, 0, 1},
    {0x1d64b, 0, 998, 0, 1},
    {0x1d64c, 0, 2342, 0, 1},
    {0x1d64d, 0, 999, 0, 1},
    {0x1d64e, 0, 2784, 0, 1},
    {0x1d64f, 0, 1000, 0, 1},
    {0x1d650, 0, 1001, 0, 1},
    {0x1d651, 0, 2418, 0, 1},
    {0x1d652, 0, 1002, 0, 1},
    {0x1d653, 0, 2430, 0, 1},
    {0x1d654, 0, 2785, 0, 1},
    {0x1d655, 0, 2350, 0, 1},
    {0x1d656, 0, 3, 0, 1},
    {0x1d657, 0, 1006, 0, 1},
    {0x1d658, 0, 1032, 0, 1},
    {0x1d659, 0, 1007, 0, 1},
    {0x1d65a, 0, 1008, 0, 1},
    {0x1d65b, 0, 1035, 0, 1},
    {0x1d65c, 0, 1012, 0, 1},
    {0x1d65d, 0, 588, 0, 1},
    {0x1d65e, 0, 1029, 0, 1},
    {0x1d65f, 0, 590, 0, 1},
    {0x1d660, 0, 1013, 0, 1},
    {0x1d661, 0, 610, 0, 1},
    {0x1d662, 0, 1014, 0, 1},
    {0x1d663, 0, 2318, 0, 1},
    {0x1d664, 0, 14, 0, 1},
    {0x1d665, 0, 1019, 0, 1},
    {0x1d666, 0, 2786, 0, 1},
    {0x1d667, 0, 591, 0, 1},
    {0x1d668, 0, 356, 0, 1},
    {0x1d669, 0, 1020, 0, 1},
    {0x1d66a, 0, 1021, 0, 1},
    {0x1d66b, 0, 1024, 0, 1},
    {0x1d66c, 0, 595, 0, 1},
    {0x1d66d, 0, 611, 0, 1},
    {0x1d66e, 0, 596, 0, 1},
    {0x1d66f, 0, 1062, 0, 1},
    {0x1d670, 0, 982, 0, 1},
    {0x1d671, 0, 984, 0, 1},
    {0x1d672, 0, 2327, 0, 1},
    {0x1d673, 0, 985, 0, 1},
    {0x1d674, 0, 986, 0, 1},
    {0x1d675, 0, 2352, 0, 1},
    {0x1d676, 0, 988, 0, 1},
    {0x1d677, 0, 989, 0, 1},
    {0x1d678, 0, 990, 0, 1},
    {0x1d679, 0, 991, 0, 1},
    {0x1d67a, 0, 992, 0, 1},
    {0x1d67b, 0, 993, 0, 1},
    {0x1d67c, 0, 994, 0, 1},
    {0x1d67d, 0, 995, 0, 1},
    {0x1d67e, 0, 996, 0, 1},
    {0x1d67f, 0, 998, 0, 1},
    {0x1d680, 0, 2342, 0, 1},
    {0x1d681, 0, 999, 0, 1},
    {0x1d682, 0, 2784, 0, 1},
    {0x1d683, 0, 1000, 0, 1},
    {0x1d684, 0, 1001, 0, 1},
    {0x1d685, 0, 2418, 0, 1},
    {0x1d686, 0, 1002, 0, 1},
    {0x1d687, 0, 2430, 0, 1},
    {0x1d688, 0, 2785, 0, 1},
    {0x1d689, 0, 2350, 0, 1},
    {0x1d68a, 0, 3, 0, 1},
    {0x1d68b, 0, 1006, 0, 1},
    {0x1d68c, 0, 1032, 0, 1},
    {0x1d68d, 0, 1007, 0, 1},
    {0x1d68e, 0, 1008, 0, 1},
    {0x1d68f, 0, 1035, 0, 1},
    {0x1d690, 0, 1012, 0, 1},
    {0x1d691, 0, 588, 0, 1},
    {0x1d692, 0, 1029, 0, 1},
    {0x1d693, 0, 590, 0, 1},
    {0x1d694, 0, 1013, 0, 1},
    {0x1d695, 0, 610, 0, 1},
    {0x1d696, 0, 1014, 0, 1},
    {0x1d697, 0, 2318, 0, 1},
    {0x1d698, 0, 14, 0, 1},
    {0x1d699, 0, 1019, 0, 1},
    {0x1d69a, 0, 2786, 0, 1},
    {0x1d69b, 0, 591, 0, 1},
    {0x1d69c, 0, 356, 0, 1},
    {0x1d69d, 0, 1020, 0, 1},
    {0x1d69e, 0, 1021, 0, 1},
    {0x1d69f, 0, 1024, 0, 1},
    {0x1d6a0, 0, 595, 0, 1},
    {0x1d6a1, 0, 611, 0, 1},
    {0x1d6a2, 0, 596, 0, 1},
    {0x1d6a3, 0, 1062, 0, 1},
    {0x1d6a4, 0, 6046, 0, 1},
    {0x1d6a5, 0, 6047, 0, 1},
    {0x1d6a6, 0, 6048, 0, 1},
    {0x1d6a8, 0, 6049, 0, 1},
    {0x1d6a9, 0, 6050, 0, 1},
    {0x1d6aa, 0, 2360, 0, 1},
    {0x1d6ab, 0, 6051, 0, 1},
    {0x1d6ac, 0, 6052, 0, 1},
    {0x1d6ad, 0, 6053, 0, 1},
    {0x1d6ae, 0, 6054, 0, 1},
    {0x1d6af, 0, 682, 0, 1},
    {0x1d6b0, 0, 6055, 0, 1},
    {0x1d6b1, 0, 6056, 0, 1},
    {0x1d6b2, 0, 6057, 0, 1},
    {0x1d6b3, 0, 6058, 0, 1},
    {0x1d6b4, 0, 6059, 0, 1},
    {0x1d6b5, 0, 6060, 0, 1},
    {0x1d6b6, 0, 6061, 0, 1},
    {0x1d6b7, 0, 2361, 0, 1},
    {0x1d6b8, 0, 6062, 0, 1},
    {0x1d6b9, 0, 682, 0, 1},
    {0x1d6ba, 0, 684, 0, 1},
    {0x1d6bb, 0, 6063, 0, 1},
    {0x1d6bc, 0, 672, 0, 1},
    {0x1d6bd, 0, 6064, 0, 1},
    {0x1d6be, 0, 6065, 0, 1},
    {0x1d6bf, 0, 6066, 0, 1},
    {0x1d6c0, 0, 2351, 0, 1},
    {0x1d6c1, 0, 6067, 0, 1},
    {0x1d6c2, 0, 6068, 0, 1},
    {0x1d6c3, 0, 670, 0, 1},
    {0x1d6c4, 0, 1026, 0, 1},
    {0x1d6c5, 0, 1027, 0, 1},
    {0x1d6c6, 0, 683, 0, 1},
    {0x1d6c7, 0, 6069, 0, 1},
    {0x1d6c8, 0, 6070, 0, 1},
    {0x1d6c9, 0, 671, 0, 1},
    {0x1d6ca, 0, 2144, 0, 1},
    {0x1d6cb, 0, 679, 0, 1},
    {0x1d6cc, 0, 6071, 0, 1},
    {0x1d6cd, 0, 10, 0, 1},
    {0x1d6ce, 0, 6072, 0, 1},
    {0x1d6cf, 0, 6073, 0, 1},
    {0x1d6d0, 0, 6074, 0, 1},
    {0x1d6d1, 0, 678, 0, 1},
    {0x1d6d2, 0, 680, 0, 1},
    {0x1d6d3, 0, 681, 0, 1},
    {0x1d6d4, 0, 6075, 0, 1},
    {0x1d6d5, 0, 6076, 0, 1},
    {0x1d6d6, 0, 6077, 0, 1},
    {0x1d6d7, 0, 677, 0, 1},
    {0x1d6d8, 0, 1028, 0, 1},
    {0x1d6d9, 0, 6078, 0, 1},
    {0x1d6da, 0, 6079, 0, 1},
    {0x1d6db, 0, 6080, 0, 1},
    {0x1d6dc, 0, 683, 0, 1},
    {0x1d6dd, 0, 671, 0, 1},
    {0x1d6de, 0, 679, 0, 1},
    {0x1d6df, 0, 677, 0, 1},
    {0x1d6e0, 0, 680, 0, 1},
    {0x1d6e1, 0, 678, 0, 1},
    {0x1d6e2, 0, 6049, 0, 1},
    {0x1d6e3, 0, 6050, 0, 1},
    {0x1d6e4, 0, 2360, 0, 1},
    {0x1d6e5, 0, 6051, 0, 1},
    {0x1d6e6, 0, 6052, 0, 1},
    {0x1d6e7, 0, 6053, 0, 1},
    {0x1d6e8, 0, 6054, 0, 1},
    {0x1d6e9, 0, 682, 0, 1},
    {0x1d6ea, 0, 6055, 0, 1},
    {0x1d6eb, 0, 6056, 0, 1},
    {0x1d6ec, 0, 6057, 0, 1},
    {0x1d6ed, 0, 6058, 0, 1},
    {0x1d6ee, 0, 6059, 0, 1},
    {0x1d6ef, 0, 6060, 0, 1},
    {0x1d6f0, 0, 6061, 0, 1},
    {0x1d6f1, 0, 2361, 0, 1},
    {0x1d6f2, 0, 6062, 0, 1},
    {0x1d6f3, 0, 682, 0, 1},
    {0x1d6f4, 0, 684, 0, 1},
    {0x1d6f5, 0, 6063, 0, 1},
    {0x1d6f6, 0, 672, 0, 1},
    {0x1d6f7, 0, 6064, 0, 1},
    {0x1d6f8, 0, 6065, 0, 1},
    {0x1d6f9, 0, 6066, 0, 1},
    {0x1d6fa, 0, 2351, 0, 1},
    {0x1d6fb, 0, 6067, 0, 1},
    {0x1d6fc, 0, 6068, 0, 1},
    {0x1d6fd, 0, 670, 0, 1},
    {0x1d6fe, 0, 1026, 0, 1},
    {0x1d6ff, 0, 1027, 0, 1},
    {0x1d700, 0, 683, 0, 1},
    {0x1d701, 0, 6069, 0, 1},
    {0x1d702, 0, 6070, 0, 1},
    {0x1d703, 0, 671, 0, 1},
    {0x1d704, 0, 2144, 0, 1},
    {0x1d705, 0, 679, 0, 1},
    {0x1d706, 0, 6071, 0, 1},
    {0x1d707, 0, 10, 0, 1},
    {0x1d708, 0, 6072, 0, 1},
    {0x1d709, 0, 6073, 0, 1},
    {0x1d70a, 0, 6074, 0, 1},
    {0x1d70b, 0, 678, 0, 1},
    {0x1d70c, 0, 680, 0, 1},
    {0x1d70d, 0, 681, 0, 1},
    {0x1d70e, 0, 6075, 0, 1},
    {0x1d70f, 0, 6076, 0, 1},
    {0x1d710, 0, 6077, 0, 1},
    {0x1d711, 0, 677, 0, 1},
    {0x1d712, 0, 1028, 0, 1},
    {0x1d713, 0, 6078, 0, 1},
    {0x1d714, 0, 6079, 0, 1},
    {0x1d715, 0, 6080, 0, 1},
    {0x1d716, 0, 683, 0, 1},
    {0x1d717, 0, 671, 0, 1},
    {0x1d718, 0, 679, 0, 1},
    {0x1d719, 0, 677, 0, 1},
    {0x1d71a, 0, 680, 0, 1},
    {0x1d71b, 0, 678, 0, 1},
    {0x1d71c, 0, 6049, 0, 1},
    {0x1d71d, 0, 6050, 0, 1},
    {0x1d71e, 0, 2360, 0, 1},
    {0x1d71f, 0, 6051, 0, 1},
    {0x1d720, 0, 6052, 0, 1},
    {0x1d721, 0, 6053, 0, 1},
    {0x1d722, 0, 6054, 0, 1},
    {0x1d723, 0, 682, 0, 1},
    {0x1d724, 0, 6055, 0, 1},
    {0x1d725, 0, 6056, 0, 1},
    {0x1d726, 0, 6057, 0, 1},
    {0x1d727, 0, 6058, 0, 1},
    {0x1d728, 0, 6059, 0, 1},
    {0x1d729, 0, 6060, 0, 1},
    {0x1d72a, 0, 6061, 0, 1},
    {0x1d72b, 0, 2361, 0, 1},
    {0x1d72c, 0, 6062, 0, 1},
    {0x1d72d, 0, 682, 0, 1},
    {0x1d72e, 0, 684, 0, 1},
    {0x1d72f, 0, 6063, 0, 1},
    {0x1d730, 0, 672, 0, 1},
    {0x1d731, 0, 6064, 0, 1},
    {0x1d732, 0, 6065, 0, 1},
    {0x1d733, 0, 6066, 0, 1},
    {0x1d734, 0, 2351, 0, 1},
    {0x1d735, 0, 6067, 0, 1},
    {0x1d736, 0, 6068, 0, 1},
    {0x1d737, 0, 670, 0, 1},
    {0x1d738, 0, 1026, 0, 1},
    {0x1d739, 0, 1027, 0, 1},
    {0x1d73a, 0, 683, 0, 1},
    {0x1d73b, 0, 6069, 0, 1},
    {0x1d73c, 0, 6070, 0, 1},
    {0x1d73d, 0, 671, 0, 1},
    {0x1d73e, 0, 2144, 0, 1},
    {0x1d73f, 0, 679, 0, 1},
    {0x1d740, 0, 6071, 0, 1},
    {0x1d741, 0, 10, 0, 1},
    {0x1d742, 0, 6072, 0, 1},
    {0x1d743, 0, 6073, 0, 1},
    {0x1d744, 0, 6074, 0, 1},
    {0x1d745, 0, 678, 0, 1},
    {0x1d746, 0, 680, 0, 1},
    {0x1d747, 0, 681, 0, 1},
    {0x1d748, 0, 6075, 0, 1},
    {0x1d749, 0, 6076, 0, 1},
    {0x1d74a, 0, 6077, 0, 1},
    {0x1d74b, 0, 677, 0, 1},
    {0x1d74c, 0, 1028, 0, 1},
    {0x1d74d, 0, 6078, 0, 1},
    {0x1d74e, 0, 6079, 0, 1},
    {0x1d74f, 0, 6080, 0, 1},
    {0x1d750, 0, 683, 0, 1},
    {0x1d751, 0, 671, 0, 1},
    {0x1d752, 0, 679, 0, 1},
    {0x1d753, 0, 677, 0, 1},
    {0x1d754, 0, 680, 0, 1},
    {0x1d755, 0, 678, 0, 1},
    {0x1d756, 0, 6049, 0, 1},
    {0x1d757, 0, 6050, 0, 1},
    {0x1d758, 0, 2360, 0, 1},
    {0x1d759, 0, 6051, 0, 1},
    {0x1d75a, 0, 6052, 0, 1},
    {0x1d75b, 0, 6053, 0, 1},
    {0x1d75c, 0, 6054, 0, 1},
    {0x1d75d, 0, 682, 0, 1},
    {0x1d75e, 0, 6055, 0, 1},
    {0x1d75f, 0, 6056, 0, 1},
    {0x1d760, 0, 6057, 0, 1},
    {0x1d761, 0, 6058, 0, 1},
    {0x1d762, 0, 6059, 0, 1},
    {0x1d763, 0, 6060, 0, 1},
    {0x1d764, 0, 6061, 0, 1},
    {0x1d765, 0, 2361, 0, 1},
    {0x1d766, 0, 6062, 0, 1},
    {0x1d767, 0, 682, 0, 1},
    {0x1d768, 0, 684, 0, 1},
    {0x1d769, 0, 6063, 0, 1},
    {0x1d76a, 0, 672, 0, 1},
    {0x1d76b, 0, 6064, 0, 1},
    {0x1d76c, 0, 6065, 0, 1},
    {0x1d76d, 0, 6066, 0, 1},
    {0x1d76e, 0, 2351, 0, 1},
    {0x1d76f, 0, 6067, 0, 1},
    {0x1d770, 0, 6068, 0, 1},
    {0x1d771, 0, 670, 0, 1},
    {0x1d772, 0, 1026, 0, 1},
    {0x1d773, 0, 1027, 0, 1},
    {0x1d774, 0, 683, 0, 1},
    {0x1d775, 0, 6069, 0, 1},
    {0x1d776, 0, 6070, 0, 1},
    {0x1d777, 0, 671, 0, 1},
    {0x1d778, 0, 2144, 0, 1},
    {0x1d779, 0, 679, 0, 1},
    {0x1d77a, 0, 6071, 0, 1},
    {0x1d77b, 0, 10, 0, 1},
    {0x1d77c, 0, 6072, 0, 1},
    {0x1d77d, 0, 6073, 0, 1},
    {0x1d77e, 0, 6074, 0, 1},
    {0x1d77f, 0, 678, 0, 1},
    {0x1d780, 0, 680, 0, 1},
    {0x1d781, 0, 681, 0, 1},
    {0x1d782, 0, 6075, 0, 1},
    {0x1d783, 0, 6076, 0, 1},
    {0x1d784, 0, 6077, 0, 1},
    {0x1d785, 0, 677, 0, 1},
    {0x1d786, 0, 1028, 0, 1},
    {0x1d787, 0, 6078, 0, 1},
    {0x1d788, 0, 6079, 0, 1},
    {0x1d789, 0, 6080, 0, 1},
    {0x1d78a, 0, 683, 0, 1},
    {0x1d78b, 0, 671, 0, 1},
    {0x1d78c, 0, 679, 0, 1},
    {0x1d78d, 0, 677, 0, 1},
    {0x1d78e, 0, 680, 0, 1},
    {0x1d78f, 0, 678, 0, 1},
    {0x1d790, 0, 6049, 0, 1},
    {0x1d791, 0, 6050, 0, 1},
    {0x1d792, 0, 2360, 0, 1},
    {0x1d793, 0, 6051, 0, 1},
    {0x1d794, 0, 6052, 0, 1},
    {0x1d795, 0, 6053, 0, 1},
    {0x1d796, 0, 6054, 0, 1},
    {0x1d797, 0, 682, 0, 1},
    {0x1d798, 0, 6055, 0, 1},
    {0x1d799, 0, 6056, 0, 1},
    {0x1d79a, 0, 6057, 0, 1},
    {0x1d79b, 0, 6058, 0, 1},
    {0x1d79c, 0, 6059, 0, 1},
    {0x1d79d, 0, 6060, 0, 1},
    {0x1d79e, 0, 6061, 0, 1},
    {0x1d79f, 0, 2361, 0, 1},
    {0x1d7a0, 0, 6062, 0, 1},
    {0x1d7a1, 0, 682, 0, 1},
    {0x1d7a2, 0, 684, 0, 1},
    {0x1d7a3, 0, 6063, 0, 1},
    {0x1d7a4, 0, 672, 0, 1},
    {0x1d7a5, 0, 6064, 0, 1},
    {0x1d7a6, 0, 6065, 0, 1},
    {0x1d7a7, 0, 6066, 0, 1},
    {0x1d7a8, 0, 2351, 0, 1},
    {0x1d7a9, 0, 6067, 0, 1},
    {0x1d7aa, 0, 6068, 0, 1},
    {0x1d7ab, 0, 670, 0, 1},
    {0x1d7ac, 0, 1026, 0, 1},
    {0x1d7ad, 0, 1027, 0, 1},
    {0x1d7ae, 0, 683, 0, 1},
    {0x1d7af, 0, 6069, 0, 1},
    {0x1d7b0, 0, 6070, 0, 1},
    {0x1d7b1, 0, 671, 0, 1},
    {0x1d7b2, 0, 2144, 0, 1},
    {0x1d7b3, 0, 679, 0, 1},
    {0x1d7b4, 0, 6071, 0, 1},
    {0x1d7b5, 0, 10, 0, 1},
    {0x1d7b6, 0, 6072, 0, 1},
    {0x1d7b7, 0, 6073, 0, 1},
    {0x1d7b8, 0, 6074, 0, 1},
    {0x1d7b9, 0, 678, 0, 1},
    {0x1d7ba, 0, 680, 0, 1},
    {0x1d7bb, 0, 681, 0, 1},
    {0x1d7bc, 0, 6075, 0, 1},
    {0x1d7bd, 0, 6076, 0, 1},
    {0x1d7be, 0, 6077, 0, 1},
    {0x1d7bf, 0, 677, 0, 1},
    {0x1d7c0, 0, 1028, 0, 1},
    {0x1d7c1, 0, 6078, 0, 1},
    {0x1d7c2, 0, 6079, 0, 1},
    {0x1d7c3, 0, 6080, 0, 1},
    {0x1d7c4, 0, 683, 0, 1},
    {0x1d7c5, 0, 671, 0, 1},
    {0x1d7c6, 0, 679, 0, 1},
    {0x1d7c7, 0, 677, 0, 1},
    {0x1d7c8, 0, 680, 0, 1},
    {0x1d7c9, 0, 678, 0, 1},
    {0x1d7ca, 0, 6081, 0, 1},
    {0x1d7cb, 0, 6082, 0, 1},
    {0x1d7ce, 0, 2306, 0, 1},
    {0x1d7cf, 0, 13, 0, 1},
    {0x1d7d0, 0, 6, 0, 1},
    {0x1d7d1, 0, 7, 0, 1},
    {0x1d7d2, 0, 2307, 0, 1},
    {0x1d7d3, 0, 2308, 0, 1},
    {0x1d7d4, 0, 2309, 0, 1},
    {0x1d7d5, 0, 2310, 0, 1},
    {0x1d7d6, 0, 2311, 0, 1},
    {0x1d7d7, 0, 2312, 0, 1},
    {0x1d7d8, 0, 2306, 0, 1},
    {0x1d7d9, 0, 13, 0, 1},
    {0x1d7da, 0, 6, 0, 1},
    {0x1d7db, 0, 7, 0, 1},
    {0x1d7dc, 0, 2307, 0, 1},
    {0x1d7dd, 0, 2308, 0, 1},
    {0x1d7de, 0, 2309, 0, 1},
    {0x1d7df, 0, 2310, 0, 1},
    {0x1d7e0, 0, 2311, 0, 1},
    {0x1d7e1, 0, 2312, 0, 1},
    {0x1d7e2, 0, 2306, 0, 1},
    {0x1d7e3, 0, 13, 0, 1},
    {0x1d7e4, 0, 6, 0, 1},
    {0x1d7e5, 0, 7, 0, 1},
    {0x1d7e6, 0, 2307, 0, 1},
    {0x1d7e7, 0, 2308, 0, 1},
    {0x1d7e8, 0, 2309, 0, 1},
    {0x1d7e9, 0, 2310, 0, 1},
    {0x1d7ea, 0, 2311, 0, 1},
    {0x1d7eb, 0, 2312, 0, 1},
    {0x1d7ec, 0, 2306, 0, 1},
    {0x1d7ed, 0, 13, 0, 1},
    {0x1d7ee, 0, 6, 0, 1},
    {0x1d7ef, 0, 7, 0, 1},
    {0x1d7f0, 0, 2307, 0, 1},
    {0x1d7f1, 0, 2308, 0, 1},
    {0x1d7f2, 0, 2309, 0, 1},
    {0x1d7f3, 0, 2310, 0, 1},
    {0x1d7f4, 0, 2311, 0, 1},
    {0x1d7f5, 0, 2312, 0, 1},
    {0x1d7f6, 0, 2306, 0, 1},
    {0x1d7f7, 0, 13, 0, 1},
    {0x1d7f8, 0, 6, 0, 1},
    {0x1d7f9, 0, 7, 0, 1},
    {0x1d7fa, 0, 2307, 0, 1},
    {0x1d7fb, 0, 2308, 0, 1},
    {0x1d7fc, 0, 2309, 0, 1},
    {0x1d7fd, 0, 2310, 0, 1},
    {0x1d7fe, 0, 2311, 0, 1},
    {0x1d7ff, 0, 2312, 0, 1},
    {0x1df95, 0, 6048, 0, 1},
    {0x1dfcd, 0, 6083, 0, 1},
    {0x1dfce, 0, 6084, 0, 1},
    {0x1dfcf, 0, 6085, 0, 1},
    {0x1dfd0, 0, 609, 0, 1},
    {0x1dfd1, 0, 6086, 0, 1},
    {0x1dfd2, 0, 6087, 0, 1},
    {0x1dfd3, 0, 6088, 0, 1},
    {0x1dfd4, 0, 6089, 0, 1},
    {0x1dfd5, 0, 6090, 0, 1},
    {0x1dfd6, 0, 6091, 0, 1},
    {0x1dfd7, 0, 6092, 0, 1},
    {0x1dfd8, 0, 6093, 0, 1},
    {0x1dfd9, 0, 6094, 0, 1},
    {0x1dfda, 0, 6095, 0, 1},
    {0x1dfdb, 0, 6096, 0, 1},
    {0x1dfdc, 0, 6097, 0, 1},
    {0x1dfdd, 0, 6098, 0, 1},
    {0x1dfde, 0, 6099, 0, 1},
    {0x1dfdf, 0, 6100, 0, 1},
    {0x1dfe0, 0, 6101, 0, 1},
    {0x1dfe1, 0, 6102, 0, 1},
    {0x1dfe2, 0, 6103, 0, 1},
    {0x1dfe3, 0, 6104, 0, 1},
    {0x1dfe4, 0, 6105, 0, 1},
    {0x1dfe5, 0, 6106, 0, 1},
    {0x1dfe6, 0, 6107, 0, 1},
    {0x1dfe7, 0, 6108, 0, 1},
    {0x1dfe8, 0, 6109, 0, 1},
    {0x1dfe9, 0, 6110, 0, 1},
    {0x1dfea, 0, 6111, 0, 1},
    {0x1dfeb, 0, 6112, 0, 1},
    {0x1dfec, 0, 6113, 0, 1},
    {0x1dfed, 0, 6114, 0, 1},
    {0x1dfee, 0, 6115, 0, 1},
    {0x1dfef, 0, 6116, 0, 1},
    {0x1dff0, 0, 6117, 0, 1},
    {0x1dff1, 0, 6118, 0, 1},
    {0x1dff2, 0, 6119, 0, 1},
    {0x1dff3, 0, 6078, 0, 1},
    {0x1dff4, 0, 6079, 0, 1},
    {0x1dff5, 0, 6120, 0, 1},
    {0x1dff6, 0, 6121, 0, 1},
    {0x1dff7, 0, 6122, 0, 1},
    {0x1dff8, 0, 6123, 0, 1},
    {0x1dff9, 0, 6124, 0, 1},
    {0x1dffa, 0, 6125, 0, 1},
    {0x1dffb, 0, 6126, 0, 1},
    {0x1dffc, 0, 6127, 0, 1},
    {0x1dffd, 0, 6128, 0, 1},
    {0x1dffe, 0, 6129, 0, 1},
    {0x1dfff, 0, 6130, 0, 1},
    {0x1e030, 0, 6131, 0, 1},
    {0x1e031, 0, 6132, 0, 1},
    {0x1e032, 0, 6133, 0, 1},
    {0x1e033, 0, 6134, 0, 1},
    {0x1e034, 0, 6135, 0, 1},
    {0x1e035, 0, 6136, 0, 1},
    {0x1e036, 0, 6137, 0, 1},
    {0x1e037, 0, 6138, 0, 1},
    {0x1e038, 0, 6139, 0, 1},
    {0x1e039, 0, 6140, 0, 1},
    {0x1e03a, 0, 6141, 0, 1},
    {0x1e03b, 0, 6142, 0, 1},
    {0x1e03c, 0, 6143, 0, 1},
    {0x1e03d, 0, 6144, 0, 1},
    {0x1e03e, 0, 6145, 0, 1},
    {0x1e03f, 0, 6146, 0, 1},
    {0x1e040, 0, 6147, 0, 1},
    {0x1e041, 0, 6148, 0, 1},
    {0x1e042, 0, 6149, 0, 1},
    {0x1e043, 0, 6150, 0, 1},
    {0x1e044, 0, 6151, 0, 1},
    {0x1e045, 0, 6152, 0, 1},
    {0x1e046, 0, 6153, 0, 1},
    {0x1e047, 0, 6154, 0, 1},
    {0x1e048, 0, 6155, 0, 1},
    {0x1e049, 0, 6156, 0, 1},
    {0x1e04a, 0, 6157, 0, 1},
    {0x1e04b, 0, 6158, 0, 1},
    {0x1e04c, 0, 6159, 0, 1},
    {0x1e04d, 0, 6160, 0, 1},
    {0x1e04e, 0, 6161, 0, 1},
    {0x1e04f, 0, 6162, 0, 1},
    {0x1e050, 0, 6163, 0, 1},
    {0x1e051, 0, 6131, 0, 1},
    {0x1e052, 0, 6132, 0, 1},
    {0x1e053, 0, 6133, 0, 1},
    {0x1e054, 0, 6134, 0, 1},
    {0x1e055, 0, 6135, 0, 1},
    {0x1e056, 0, 6136, 0, 1},
    {0x1e057, 0, 6137, 0, 1},
    {0x1e058, 0, 6138, 0, 1},
    {0x1e059, 0, 6139, 0, 1},
    {0x1e05a, 0, 6140, 0, 1},
    {0x1e05b, 0, 6141, 0, 1},
    {0x1e05c, 0, 6143, 0, 1},
    {0x1e05d, 0, 6144, 0, 1},
    {0x1e05e, 0, 6146, 0, 1},
    {0x1e05f, 0, 6148, 0, 1},
    {0x1e060, 0, 6149, 0, 1},
    {0x1e061, 0, 6150, 0, 1},
    {0x1e062, 0, 6151, 0, 1},
    {0x1e063, 0, 6152, 0, 1},
    {0x1e064, 0, 6153, 0, 1},
    {0x1e065, 0, 4463, 0, 1},
    {0x1e066, 0, 6154, 0, 1},
    {0x1e067, 0, 6164, 0, 1},
    {0x1e068, 0, 6159, 0, 1},
    {0x1e069, 0, 6165, 0, 1},
    {0x1e06a, 0, 6166, 0, 1},
    {0x1e06b, 0, 6167, 0, 1},
    {0x1e06c, 0, 6168, 0, 1},
    {0x1e06d, 0, 6169, 0, 1},
    {0x1ee00, 0, 5799, 0, 1},
    {0x1ee01, 0, 5800, 0, 1},
    {0x1ee02, 0, 5804, 0, 1},
    {0x1ee03, 0, 5807, 0, 1},
    {0x1ee05, 0, 5826, 0, 1},
    {0x1ee06, 0, 5810, 0, 1},
    {0x1ee07, 0, 5805, 0, 1},
    {0x1ee08, 0, 5815, 0, 1},
    {0x1ee09, 0, 5827, 0, 1},
    {0x1ee0a, 0, 5821, 0, 1},
    {0x1ee0b, 0, 5822, 0, 1},
    {0x1ee0c, 0, 5823, 0, 1},
    {0x1ee0d, 0, 5824, 0, 1},
    {0x1ee0e, 0, 5811, 0, 1},
    {0x1ee0f, 0, 5817, 0, 1},
    {0x1ee10, 0, 5819, 0, 1},
    {0x1ee11, 0, 5813, 0, 1},
    {0x1ee12, 0, 5820, 0, 1},
    {0x1ee13, 0, 5809, 0, 1},
    {0x1ee14, 0, 5812, 0, 1},
    {0x1ee15, 0, 5802, 0, 1},
    {0x1ee16, 0, 5803, 0, 1},
    {0x1ee17, 0, 5806, 0, 1},
    {0x1ee18, 0, 5808, 0, 1},
    {0x1ee19, 0, 5814, 0, 1},
    {0x1ee1a, 0, 5816, 0, 1},
    {0x1ee1b, 0, 5818, 0, 1},
    {0x1ee1c, 0, 6170, 0, 1},
    {0x1ee1d, 0, 5005, 0, 1},
    {0x1ee1e, 0, 6171, 0, 1},
    {0x1ee1f, 0, 6172, 0, 1},
    {0x1ee21, 0, 5800, 0, 1},
    {0x1ee22, 0, 5804, 0, 1},
    {0x1ee24, 0, 5825, 0, 1},
    {0x1ee27, 0, 5805, 0, 1},
    {0x1ee29, 0, 5827, 0, 1},
    {0x1ee2a, 0, 5821, 0, 1},
    {0x1ee2b, 0, 5822, 0, 1},
    {0x1ee2c, 0, 5823, 0, 1},
    {0x1ee2d, 0, 5824, 0, 1},
    {0x1ee2e, 0, 5811, 0, 1},
    {0x1ee2f, 0, 5817, 0, 1},
    {0x1ee30, 0, 5819, 0, 1},
    {0x1ee31, 0, 5813, 0, 1},
    {0x1ee32, 0, 5820, 0, 1},
    {0x1ee34, 0, 5812, 0, 1},
    {0x1ee35, 0, 5802, 0, 1},
    {0x1ee36, 0, 5803, 0, 1},
    {0x1ee37, 0, 5806, 0, 1},
    {0x1ee39, 0, 5814, 0, 1},
    {0x1ee3b, 0, 5818, 0, 1},
    {0x1ee42, 0, 5804, 0, 1},
    {0x1ee47, 0, 5805, 0, 1},
    {0x1ee49, 0, 5827, 0, 1},
    {0x1ee4b, 0, 5822, 0, 1},
    {0x1ee4d, 0, 5824, 0, 1},
    {0x1ee4e, 0, 5811, 0, 1},
    {0x1ee4f, 0, 5817, 0, 1},
    {0x1ee51, 0, 5813, 0, 1},
    {0x1ee52, 0, 5820, 0, 1},
    {0x1ee54, 0, 5812, 0, 1},
    {0x1ee57, 0, 5806, 0, 1},
    {0x1ee59, 0, 5814, 0, 1},
    {0x1ee5b, 0, 5818, 0, 1},
    {0x1ee5d, 0, 5005, 0, 1},
    {0x1ee5f, 0, 6172, 0, 1},
    {0x1ee61, 0, 5800, 0, 1},
    {0x1ee62, 0, 5804, 0, 1},
    {0x1ee64, 0, 5825, 0, 1},
    {0x1ee67, 0, 5805, 0, 1},
    {0x1ee68, 0, 5815, 0, 1},
    {0x1ee69, 0, 5827, 0, 1},
    {0x1ee6a, 0, 5821, 0, 1},
    {0x1ee6c, 0, 5823, 0, 1},
    {0x1ee6d, 0, 5824, 0, 1},
    {0x1ee6e, 0, 5811, 0, 1},
    {0x1ee6f, 0, 5817, 0, 1},
    {0x1ee70, 0, 5819, 0, 1},
    {0x1ee71, 0, 5813, 0, 1},
    {0x1ee72, 0, 5820, 0, 1},
    {0x1ee74, 0, 5812, 0, 1},
    {0x1ee75, 0, 5802, 0, 1},
    {0x1ee76, 0, 5803, 0, 1},
    {0x1ee77, 0, 5806, 0, 1},
    {0x1ee79, 0, 5814, 0, 1},
    {0x1ee7a, 0, 5816, 0, 1},
    {0x1ee7b, 0, 5818, 0, 1},
    {0x1ee7c, 0, 6170, 0, 1},
    {0x1ee7e, 0, 6171, 0, 1},
    {0x1ee80, 0, 5799, 0, 1},
    {0x1ee81, 0, 5800, 0, 1},
    {0x1ee82, 0, 5804, 0, 1},
    {0x1ee83, 0, 5807, 0, 1},
    {0x1ee84, 0, 5825, 0, 1},
    {0x1ee85, 0, 5826, 0, 1},
    {0x1ee86, 0, 5810, 0, 1},
    {0x1ee87, 0, 5805, 0, 1},
    {0x1ee88, 0, 5815, 0, 1},
    {0x1ee89, 0, 5827, 0, 1},
    {0x1ee8b, 0, 5822, 0, 1},
    {0x1ee8c, 0, 5823, 0, 1},
    {0x1ee8d, 0, 5824, 0, 1},
    {0x1ee8e, 0, 5811, 0, 1},
    {0x1ee8f, 0, 5817, 0, 1},
    {0x1ee90, 0, 5819, 0, 1},
    {0x1ee91, 0, 5813, 0, 1},
    {0x1ee92, 0, 5820, 0, 1},
    {0x1ee93, 0, 5809, 0, 1},
    {0x1ee94, 0, 5812, 0, 1},
    {0x1ee95, 0, 5802, 0, 1},
    {0x1ee96, 0, 5803, 0, 1},
    {0x1ee97, 0, 5806, 0, 1},
    {0x1ee98, 0, 5808, 0, 1},
    {0x1ee99, 0, 5814, 0, 1},
    {0x1ee9a, 0, 5816, 0, 1},
    {0x1ee9b, 0, 5818, 0, 1},
    {0x1eea1, 0, 5800, 0, 1},
    {0x1eea2, 0, 5804, 0, 1},
    {0x1eea3, 0, 5807, 0, 1},
    {0x1eea5, 0, 5826, 0, 1},
    {0x1eea6, 0, 5810, 0, 1},
    {0x1eea7, 0, 5805, 0, 1},
    {0x1eea8, 0, 5815, 0, 1},
    {0x1eea9, 0, 5827, 0, 1},
    {0x1eeab, 0, 5822, 0, 1},
    {0x1eeac, 0, 5823, 0, 1},
    {0x1eead, 0, 5824, 0, 1},
    {0x1eeae, 0, 5811, 0, 1},
    {0x1eeaf, 0, 5817, 0, 1},
    {0x1eeb0, 0, 5819, 0, 1},
    {0x1eeb1, 0, 5813, 0, 1},
    {0x1eeb2, 0, 5820, 0, 1},
    {0x1eeb3, 0, 5809, 0, 1},
    {0x1eeb4, 0, 5812, 0, 1},
    {0x1eeb5, 0, 5802, 0, 1},
    {0x1eeb6, 0, 5803, 0, 1},
    {0x1eeb7, 0, 5806, 0, 1},
    {0x1eeb8, 0, 5808, 0, 1},
    {0x1eeb9, 0, 5814, 0, 1},
    {0x1eeba, 0, 5816, 0, 1},
    {0x1eebb, 0, 5818, 0, 1},
    {0x1f100, 0, 6173, 0, 2},
    {0x1f101, 0, 6175, 0, 2},
    {0x1f102, 0, 6177, 0, 2},
    {0x1f103, 0, 6179, 0, 2},
    {0x1f104, 0, 6181, 0, 2},
    {0x1f105, 0, 6183, 0, 2},
    {0x1f106, 0, 6185, 0, 2},
    {0x1f107, 0, 6187, 0, 2},
    {0x1f108, 0, 6189, 0, 2},
    {0x1f109, 0, 6191, 0, 2},
    {0x1f10a, 0, 6193, 0, 2},
    {0x1f110, 0, 6195, 0, 3},
    {0x1f111, 0, 6198, 0, 3},
    {0x1f112, 0, 6201, 0, 3},
    {0x1f113, 0, 6204, 0, 3},
    {0x1f114, 0, 6207, 0, 3},
    {0x1f115, 0, 6210, 0, 3},
    {0x1f116, 0, 6213, 0, 3},
    {0x1f117, 0, 6216, 0, 3},
    {0x1f118, 0, 6219, 0, 3},
    {0x1f119, 0, 6222, 0, 3},
    {0x1f11a, 0, 6225, 0, 3},
    {0x1f11b, 0, 6228, 0, 3},
    {0x1f11c, 0, 6231, 0, 3},
    {0x1f11d, 0, 6234, 0, 3},
    {0x1f11e, 0, 6237, 0, 3},
    {0x1f11f, 0, 6240, 0, 3},
    {0x1f120, 0, 6243, 0, 3},
    {0x1f121, 0, 6246, 0, 3},
    {0x1f122, 0, 6249, 0, 3},
    {0x1f123, 0, 6252, 0, 3},
    {0x1f124, 0, 6255, 0, 3},
    {0x1f125, 0, 6258, 0, 3},
    {0x1f126, 0, 6261, 0, 3},
    {0x1f127, 0, 6264, 0, 3},
    {0x1f128, 0, 6267, 0, 3},
    {0x1f129, 0, 6270, 0, 3},
    {0x1f12a, 0, 6273, 0, 3},
    {0x1f12b, 0, 2327, 0, 1},
    {0x1f12c, 0, 999, 0, 1},
    {0x1f12d, 0, 6276, 0, 2},
    {0x1f12e, 0, 6278, 0, 2},
    {0x1f130, 0, 982, 0, 1},
    {0x1f131, 0, 984, 0, 1},
    {0x1f132, 0, 2327, 0, 1},
    {0x1f133, 0, 985, 0, 1},
    {0x1f134, 0, 986, 0, 1},
    {0x1f135, 0, 2352, 0, 1},
    {0x1f136, 0, 988, 0, 1},
    {0x1f137, 0, 989, 0, 1},
    {0x1f138, 0, 990, 0, 1},
    {0x1f139, 0, 991, 0, 1},
    {0x1f13a, 0, 992, 0, 1},
    {0x1f13b, 0, 993, 0, 1},
    {0x1f13c, 0, 994, 0, 1},
    {0x1f13d, 0, 995, 0, 1},
    {0x1f13e, 0, 996, 0, 1},
    {0x1f13f, 0, 998, 0, 1},
    {0x1f140, 0, 2342, 0, 1},
    {0x1f141, 0, 999, 0, 1},
    {0x1f142, 0, 2784, 0, 1},
    {0x1f143, 0, 1000, 0, 1},
    {0x1f144, 0, 1001, 0, 1},
    {0x1f145, 0, 2418, 0, 1},
    {0x1f146, 0, 1002, 0, 1},
    {0x1f147, 0, 2430, 0, 1},
    {0x1f148, 0, 2785, 0, 1},
    {0x1f149, 0, 2350, 0, 1},
    {0x1f14a, 0, 6280, 0, 2},
    {0x1f14b, 0, 4285, 0, 2},
    {0x1f14c, 0, 6282, 0, 2},
    {0x1f14d, 0, 6284, 0, 2},
    {0x1f14e, 0, 6286, 0, 3},
    {0x1f14f, 0, 6289, 0, 2},
    {0x1f16a, 0, 6291, 0, 2},
    {0x1f16b, 0, 6293, 0, 2},
    {0x1f16c, 0, 6295, 0, 2},
    {0x1f190, 0, 6297, 0, 2},
    {0x1f200, 0, 6299, 0, 2},
    {0x1f201, 0, 6301, 0, 2},
    {0x1f202, 0, 3656, 0, 1},
    {0x1f210, 0, 2867, 0, 1},
    {0x1f211, 0, 6303, 0, 1},
    {0x1f212, 0, 6304, 0, 1},
    {0x1f213, 0, 3107, 0, 2},
    {0x1f214, 0, 2810, 0, 1},
    {0x1f215, 0, 6305, 0, 1},
    {0x1f216, 0, 6306, 0, 1},
    {0x1f217, 0, 3247, 0, 1},
    {0x1f218, 0, 6307, 0, 1},
    {0x1f219, 0, 6308, 0, 1},
    {0x1f21a, 0, 6309, 0, 1},
    {0x1f21b, 0, 4651, 0, 1},
    {0x1f21c, 0, 6310, 0, 1},
    {0x1f21d, 0, 6311, 0, 1},
    {0x1f21e, 0, 6312, 0, 1},
    {0x1f21f, 0, 6313, 0, 1},
    {0x1f220, 0, 6314, 0, 1},
    {0x1f221, 0, 6315, 0, 1},
    {0x1f222, 0, 2903, 0, 1},
    {0x1f223, 0, 6316, 0, 1},
    {0x1f224, 0, 6317, 0, 1},
    {0x1f225, 0, 6318, 0, 1},
    {0x1f226, 0, 6319, 0, 1},
    {0x1f227, 0, 6320, 0, 1},
    {0x1f228, 0, 6321, 0, 1},
    {0x1f229, 0, 2804, 0, 1},
    {0x1f22a, 0, 3239, 0, 1},
    {0x1f22b, 0, 6322, 0, 1},
    {0x1f22c, 0, 3569, 0, 1},
    {0x1f22d, 0, 3242, 0, 1},
    {0x1f22e, 0, 3570, 0, 1},
    {0x1f22f, 0, 6323, 0, 1},
    {0x1f230, 0, 2959, 0, 1},
    {0x1f231, 0, 6324, 0, 1},
    {0x1f232, 0, 6325, 0, 1},
    {0x1f233, 0, 6326, 0, 1},
    {0x1f234, 0, 6327, 0, 1},
    {0x1f235, 0, 6328, 0, 1},
    {0x1f236, 0, 3552, 0, 1},
    {0x1f237, 0, 2877, 0, 1},
    {0x1f238, 0, 6329, 0, 1},
    {0x1f239, 0, 6330, 0, 1},
    {0x1f23a, 0, 6331, 0, 1},
    {0x1f23b, 0, 6332, 0, 1},
    {0x1f240, 0, 6333, 0, 3},
    {0x1f241, 0, 6336, 0, 3},
    {0x1f242, 0, 6339, 0, 3},
    {0x1f243, 0, 6342, 0, 3},
    {0x1f244, 0, 6345, 0, 3},
    {0x1f245, 0, 6348, 0, 3},
    {0x1f246, 0, 6351, 0, 3},
    {0x1f247, 0, 6354, 0, 3},
    {0x1f248, 0, 6357, 0, 3},
    {0x1f250, 0, 6360, 0, 1},
    {0x1f251, 0, 6361, 0, 1},
    {0x1fbf0, 0, 2306, 0, 1},
    {0x1fbf1, 0, 13, 0, 1},
    {0x1fbf2, 0, 6, 0, 1},
    {0x1fbf3, 0, 7, 0, 1},
    {0x1fbf4, 0, 2307, 0, 1},
    {0x1fbf5, 0, 2308, 0, 1},
    {0x1fbf6, 0, 2309, 0, 1},
    {0x1fbf7, 0, 2310, 0, 1},
    {0x1fbf8, 0, 2311, 0, 1},
    {0x1fbf9, 0, 2312, 0, 1},
    {0x2f800, 6362, 6362, 1, 1},
    {0x2f801, 6363, 6363, 1, 1},
    {0x2f802, 6364, 6364, 1, 1},
    {0x2f803, 6365, 6365, 1, 1},
    {0x2f804, 6366, 6366, 1, 1},
    {0x2f805, 4744, 4744, 1, 1},
    {0x2f806, 6367, 6367, 1, 1},
    {0x2f807, 6368, 6368, 1, 1},
    {0x2f808, 6369, 6369, 1, 1},
    {0x2f809, 6370, 6370, 1, 1},
    {0x2f80a, 4745, 4745, 1, 1},
    {0x2f80b, 6371, 6371, 1, 1},
    {0x2f80c, 6372, 6372, 1, 1},
    {0x2f80d, 6373, 6373, 1, 1},
    {0x2f80e, 4746, 4746, 1, 1},
    {0x2f80f, 6374, 6374, 1, 1},
    {0x2f810, 6375, 6375, 1, 1},
    {0x2f811, 6376, 6376, 1, 1},
    {0x2f812, 6377, 6377, 1, 1},
    {0x2f813, 6378, 6378, 1, 1},
    {0x2f814, 6379, 6379, 1, 1},
    {0x2f815, 6312, 6312, 1, 1},
    {0x2f816, 6380, 6380, 1, 1},
    {0x2f817, 6381, 6381, 1, 1},
    {0x2f818, 6382, 6382, 1, 1},
    {0x2f819, 6383, 6383, 1, 1},
    {0x2f81a, 6384, 6384, 1, 1},
    {0x2f81b, 4801, 4801, 1, 1},
    {0x2f81c, 6385, 6385, 1, 1},
    {0x2f81d, 2820, 2820, 1, 1},
    {0x2f81e, 6386, 6386, 1, 1},
    {0x2f81f, 6387, 6387, 1, 1},
    {0x2f820, 6388, 6388, 1, 1},
    {0x2f821, 6389, 6389, 1, 1},
    {0x2f822, 6330, 6330, 1, 1},
    {0x2f823, 6390, 6390, 1, 1},
    {0x2f824, 6391, 6391, 1, 1},
    {0x2f825, 4806, 4806, 1, 1},
    {0x2f826, 4747, 4747, 1, 1},
    {0x2f827, 4748, 4748, 1, 1},
    {0x2f828, 4807, 4807, 1, 1},
    {0x2f829, 6392, 6392, 1, 1},
    {0x2f82a, 6393, 6393, 1, 1},
    {0x2f82b, 4565, 4565, 1, 1},
    {0x2f82c, 6394, 6394, 1, 1},
    {0x2f82d, 4749, 4749, 1, 1},
    {0x2f82e, 6395, 6395, 1, 1},
    {0x2f82f, 6396, 6396, 1, 1},
    {0x2f830, 6397, 6397, 1, 1},
    {0x2f831, 6398, 6398, 1, 1},
    {0x2f832, 6398, 6398, 1, 1},
    {0x2f833, 6398, 6398, 1, 1},
    {0x2f834, 6399, 6399, 1, 1},
    {0x2f835, 6400, 6400, 1, 1},
    {0x2f836, 6401, 6401, 1, 1},
    {0x2f837, 6402, 6402, 1, 1},
    {0x2f838, 6403, 6403, 1, 1},
    {0x2f839, 6404, 6404, 1, 1},
    {0x2f83a, 6405, 6405, 1, 1},
    {0x2f83b, 6406, 6406, 1, 1},
    {0x2f83c, 6407, 6407, 1, 1},
    {0x2f83d, 6408, 6408, 1, 1},
    {0x2f83e, 6409, 6409, 1, 1},
    {0x2f83f, 6410, 6410, 1, 1},
    {0x2f840, 6411, 6411, 1, 1},
    {0x2f841, 6412, 6412, 1, 1},
    {0x2f842, 6413, 6413, 1, 1},
    {0x2f843, 6414, 6414, 1, 1},
    {0x2f844, 6415, 6415, 1, 1},
    {0x2f845, 6416, 6416, 1, 1},
    {0x2f846, 6416, 6416, 1, 1},
    {0x2f847, 4809, 4809, 1, 1},
    {0x2f848, 6417, 6417, 1, 1},
    {0x2f849, 6418, 6418, 1, 1},
    {0x2f84a, 6419, 6419, 1, 1},
    {0x2f84b, 6420, 6420, 1, 1},
    {0x2f84c, 4751, 4751, 1, 1},
    {0x2f84d, 6421, 6421, 1, 1},
    {0x2f84e, 6422, 6422, 1, 1},
    {0x2f84f, 6423, 6423, 1, 1},
    {0x2f850, 4711, 4711, 1, 1},
    {0x2f851, 6424, 6424, 1, 1},
    {0x2f852, 6425, 6425, 1, 1},
    {0x2f853, 6426, 6426, 1, 1},
    {0x2f854, 6427, 6427, 1, 1},
    {0x2f855, 6428, 6428, 1, 1},
    {0x2f856, 6429, 6429, 1, 1},
    {0x2f857, 6430, 6430, 1, 1},
    {0x2f858, 6431, 6431, 1, 1},
    {0x2f859, 6432, 6432, 1, 1},
    {0x2f85a, 6433, 6433, 1, 1},
    {0x2f85b, 6434, 6434, 1, 1},
    {0x2f85c, 6435, 6435, 1, 1},
    {0x2f85d, 6305, 6305, 1, 1},
    {0x2f85e, 6436, 6436, 1, 1},
    {0x2f85f, 6437, 6437, 1, 1},
    {0x2f860, 6438, 6438, 1, 1},
    {0x2f861, 6439, 6439, 1, 1},
    {0x2f862, 6440, 6440, 1, 1},
    {0x2f863, 6441, 6441, 1, 1},
    {0x2f864, 6442, 6442, 1, 1},
    {0x2f865, 6443, 6443, 1, 1},
    {0x2f866, 6444, 6444, 1, 1},
    {0x2f867, 6445, 6445, 1, 1},
    {0x2f868, 6446, 6446, 1, 1},
    {0x2f869, 6447, 6447, 1, 1},
    {0x2f86a, 6448, 6448, 1, 1},
    {0x2f86b, 6448, 6448, 1, 1},
    {0x2f86c, 6449, 6449, 1, 1},
    {0x2f86d, 6450, 6450, 1, 1},
    {0x2f86e, 6451, 6451, 1, 1},
    {0x2f86f, 4561, 4561, 1, 1},
    {0x2f870, 6452, 6452, 1, 1},
    {0x2f871, 6453, 6453, 1, 1},
    {0x2f872, 6454, 6454, 1, 1},
    {0x2f873, 6455, 6455, 1, 1},
    {0x2f874, 6456, 6456, 1, 1},
    {0x2f875, 2846, 2846, 1, 1},
    {0x2f876, 6457, 6457, 1, 1},
    {0x2f877, 6458, 6458, 1, 1},
    {0x2f878, 2848, 2848, 1, 1},
    {0x2f879, 6459, 6459, 1, 1},
    {0x2f87a, 6460, 6460, 1, 1},
    {0x2f87b, 6461, 6461, 1, 1},
    {0x2f87c, 6462, 6462, 1, 1},
    {0x2f87d, 6463, 6463, 1, 1},
    {0x2f87e, 6464, 6464, 1, 1},
    {0x2f87f, 6465, 6465, 1, 1},
    {0x2f880, 6466, 6466, 1, 1},
    {0x2f881, 6467, 6467, 1, 1},
    {0x2f882, 6468, 6468, 1, 1},
    {0x2f883, 6469, 6469, 1, 1},
    {0x2f884, 6470, 6470, 1, 1},
    {0x2f885, 6471, 6471, 1, 1},
    {0x2f886, 6472, 6472, 1, 1},
    {0x2f887, 6473, 6473, 1, 1},
    {0x2f888, 6474, 6474, 1, 1},
    {0x2f889, 6475, 6475, 1, 1},
    {0x2f88a, 6476, 6476, 1, 1},
    {0x2f88b, 6477, 6477, 1, 1},
    {0x2f88c, 6478, 6478, 1, 1},
    {0x2f88d, 6479, 6479, 1, 1},
    {0x2f88e, 4509, 4509, 1, 1},
    {0x2f88f, 6480, 6480, 1, 1},
    {0x2f890, 2858, 2858, 1, 1},
    {0x2f891, 6481, 6481, 1, 1},
    {0x2f892, 6481, 6481, 1, 1},
    {0x2f893, 6482, 6482, 1, 1},
    {0x2f894, 6483, 6483, 1, 1},
    {0x2f895, 6483, 6483, 1, 1},
    {0x2f896, 6484, 6484, 1, 1},
    {0x2f897, 6485, 6485, 1, 1},
    {0x2f898, 6486, 6486, 1, 1},
    {0x2f899, 6487, 6487, 1, 1},
    {0x2f89a, 6488, 6488, 1, 1},
    {0x2f89b, 6489, 6489, 1, 1},
    {0x2f89c, 6490, 6490, 1, 1},
    {0x2f89d, 6491, 6491, 1, 1},
    {0x2f89e, 6492, 6492, 1, 1},
    {0x2f89f, 6493, 6493, 1, 1},
    {0x2f8a0, 6494, 6494, 1, 1},
    {0x2f8a1, 6495, 6495, 1, 1},
    {0x2f8a2, 6496, 6496, 1, 1},
    {0x2f8a3, 4756, 4756, 1, 1},
    {0x2f8a4, 6497, 6497, 1, 1},
    {0x2f8a5, 6498, 6498, 1, 1},
    {0x2f8a6, 6499, 6499, 1, 1},
    {0x2f8a7, 6500, 6500, 1, 1},
    {0x2f8a8, 4821, 4821, 1, 1},
    {0x2f8a9, 6500, 6500, 1, 1},
    {0x2f8aa, 6501, 6501, 1, 1},
    {0x2f8ab, 4758, 4758, 1, 1},
    {0x2f8ac, 6502, 6502, 1, 1},
    {0x2f8ad, 6503, 6503, 1, 1},
    {0x2f8ae, 6504, 6504, 1, 1},
    {0x2f8af, 6505, 6505, 1, 1},
    {0x2f8b0, 4759, 4759, 1, 1},
    {0x2f8b1, 4482, 4482, 1, 1},
    {0x2f8b2, 6506, 6506, 1, 1},
    {0x2f8b3, 6507, 6507, 1, 1},
    {0x2f8b4, 6508, 6508, 1, 1},
    {0x2f8b5, 6509, 6509, 1, 1},
    {0x2f8b6, 6510, 6510, 1, 1},
    {0x2f8b7, 6511, 6511, 1, 1},
    {0x2f8b8, 6512, 6512, 1, 1},
    {0x2f8b9, 6513, 6513, 1, 1},
    {0x2f8ba, 6514, 6514, 1, 1},
    {0x2f8bb, 6515, 6515, 1, 1},
    {0x2f8bc, 6516, 6516, 1, 1},
    {0x2f8bd, 6517, 6517, 1, 1},
    {0x2f8be, 6518, 6518, 1, 1},
    {0x2f8bf, 6519, 6519, 1, 1},
    {0x2f8c0, 6520, 6520, 1, 1},
    {0x2f8c1, 6521, 6521, 1, 1},
    {0x2f8c2, 6522, 6522, 1, 1},
    {0x2f8c3, 6523, 6523, 1, 1},
    {0x2f8c4, 6524, 6524, 1, 1},
    {0x2f8c5, 6525, 6525, 1, 1},
    {0x2f8c6, 6526, 6526, 1, 1},
    {0x2f8c7, 6527, 6527, 1, 1},
    {0x2f8c8, 4760, 4760, 1, 1},
    {0x2f8c9, 6528, 6528, 1, 1},
    {0x2f8ca, 6529, 6529, 1, 1},
    {0x2f8cb, 6530, 6530, 1, 1},
    {0x2f8cc, 6531, 6531, 1, 1},
    {0x2f8cd, 6532, 6532, 1, 1},
    {0x2f8ce, 6533, 6533, 1, 1},
    {0x2f8cf, 4762, 4762, 1, 1},
    {0x2f8d0, 6534, 6534, 1, 1},
    {0x2f8d1, 6535, 6535, 1, 1},
    {0x2f8d2, 6536, 6536, 1, 1},
    {0x2f8d3, 6537, 6537, 1, 1},
    {0x2f8d4, 6538, 6538, 1, 1},
    {0x2f8d5, 6539, 6539, 1, 1},
    {0x2f8d6, 6540, 6540, 1, 1},
    {0x2f8d7, 6541, 6541, 1, 1},
    {0x2f8d8, 4510, 4510, 1, 1},
    {0x2f8d9, 4829, 4829, 1, 1},
    {0x2f8da, 6542, 6542, 1, 1},
    {0x2f8db, 6543, 6543, 1, 1},
    {0x2f8dc, 6544, 6544, 1, 1},
    {0x2f8dd, 6545, 6545, 1, 1},
    {0x2f8de, 6546, 6546, 1, 1},
    {0x2f8df, 6547, 6547, 1, 1},
    {0x2f8e0, 6548, 6548, 1, 1},
    {0x2f8e1, 6549, 6549, 1, 1},
    {0x2f8e2, 4763, 4763, 1, 1},
    {0x2f8e3, 6550, 6550, 1, 1},
    {0x2f8e4, 6551, 6551, 1, 1},
    {0x2f8e5, 6552, 6552, 1, 1},
    {0x2f8e6, 6553, 6553, 1, 1},
    {0x2f8e7, 4871, 4871, 1, 1},
    {0x2f8e8, 6554, 6554, 1, 1},
    {0x2f8e9, 6555, 6555, 1, 1},
    {0x2f8ea, 6556, 6556, 1, 1},
    {0x2f8eb, 6557, 6557, 1, 1},
    {0x2f8ec, 6558, 6558, 1, 1},
    {0x2f8ed, 6559, 6559, 1, 1},
    {0x2f8ee, 6560, 6560, 1, 1},
    {0x2f8ef, 6561, 6561, 1, 1},
    {0x2f8f0, 6562, 6562, 1, 1},
    {0x2f8f1, 6563, 6563, 1, 1},
    {0x2f8f2, 6564, 6564, 1, 1},
    {0x2f8f3, 6565, 6565, 1, 1},
    {0x2f8f4, 6566, 6566, 1, 1},
    {0x2f8f5, 4578, 4578, 1, 1},
    {0x2f8f6, 6567, 6567, 1, 1},
    {0x2f8f7, 6568, 6568, 1, 1},
    {0x2f8f8, 6569, 6569, 1, 1},
    {0x2f8f9, 6570, 6570, 1, 1},
    {0x2f8fa, 6571, 6571, 1, 1},
    {0x2f8fb, 6572, 6572, 1, 1},
    {0x2f8fc, 6573, 6573, 1, 1},
    {0x2f8fd, 6574, 6574, 1, 1},
    {0x2f8fe, 6575, 6575, 1, 1},
    {0x2f8ff, 6576, 6576, 1, 1},
    {0x2f900, 6577, 6577, 1, 1},
    {0x2f901, 4764, 4764, 1, 1},
    {0x2f902, 4661, 4661, 1, 1},
    {0x2f903, 6578, 6578, 1, 1},
    {0x2f904, 6579, 6579, 1, 1},
    {0x2f905, 6580, 6580, 1, 1},
    {0x2f906, 6581, 6581, 1, 1},
    {0x2f907, 6582, 6582, 1, 1},
    {0x2f908, 6583, 6583, 1, 1},
    {0x2f909, 6584, 6584, 1, 1},
    {0x2f90a, 6585, 6585, 1, 1},
    {0x2f90b, 4832, 4832, 1, 1},
    {0x2f90c, 6586, 6586, 1, 1},
    {0x2f90d, 6587, 6587, 1, 1},
    {0x2f90e, 6588, 6588, 1, 1},
    {0x2f90f, 6589, 6589, 1, 1},
    {0x2f910, 6590, 6590, 1, 1},
    {0x2f911, 6591, 6591, 1, 1},
    {0x2f912, 6592, 6592, 1, 1},
    {0x2f913, 6593, 6593, 1, 1},
    {0x2f914, 4833, 4833, 1, 1},
    {0x2f915, 6594, 6594, 1, 1},
    {0x2f916, 6595, 6595, 1, 1},
    {0x2f917, 6596, 6596, 1, 1},
    {0x2f918, 6597, 6597, 1, 1},
    {0x2f919, 6598, 6598, 1, 1},
    {0x2f91a, 6599, 6599, 1, 1},
    {0x2f91b, 6600, 6600, 1, 1},
    {0x2f91c, 6601, 6601, 1, 1},
    {0x2f91d, 6602, 6602, 1, 1},
    {0x2f91e, 6603, 6603, 1, 1},
    {0x2f91f, 6604, 6604, 1, 1},
    {0x2f920, 6605, 6605, 1, 1},
    {0x2f921, 4835, 4835, 1, 1},
    {0x2f922, 6606, 6606, 1, 1},
    {0x2f923, 6607, 6607, 1, 1},
    {0x2f924, 6608, 6608, 1, 1},
    {0x2f925, 6609, 6609, 1, 1},
    {0x2f926, 6610, 6610, 1, 1},
    {0x2f927, 6611, 6611, 1, 1},
    {0x2f928, 6612, 6612, 1, 1},
    {0x2f929, 6613, 6613, 1, 1},
    {0x2f92a, 6614, 6614, 1, 1},
    {0x2f92b, 6615, 6615, 1, 1},
    {0x2f92c, 6616, 6616, 1, 1},
    {0x2f92d, 6616, 6616, 1, 1},
    {0x2f92e, 6617, 6617, 1, 1},
    {0x2f92f, 6618, 6618, 1, 1},
    {0x2f930, 4837, 4837, 1, 1},
    {0x2f931, 6619, 6619, 1, 1},
    {0x2f932, 6620, 6620, 1, 1},
    {0x2f933, 6621, 6621, 1, 1},
    {0x2f934, 6622, 6622, 1, 1},
    {0x2f935, 6623, 6623, 1, 1},
    {0x2f936, 6624, 6624, 1, 1},
    {0x2f937, 6625, 6625, 1, 1},
    {0x2f938, 4564, 4564, 1, 1},
    {0x2f939, 6626, 6626, 1, 1},
    {0x2f93a, 6627, 6627, 1, 1},
    {0x2f93b, 6628, 6628, 1, 1},
    {0x2f93c, 6629, 6629, 1, 1},
    {0x2f93d, 6630, 6630, 1, 1},
    {0x2f93e, 6631, 6631, 1, 1},
    {0x2f93f, 6632, 6632, 1, 1},
    {0x2f940, 4843, 4843, 1, 1},
    {0x2f941, 6633, 6633, 1, 1},
    {0x2f942, 6634, 6634, 1, 1},
    {0x2f943, 6635, 6635, 1, 1},
    {0x2f944, 6636, 6636, 1, 1},
    {0x2f945, 6637, 6637, 1, 1},
    {0x2f946, 6638, 6638, 1, 1},
    {0x2f947, 6638, 6638, 1, 1},
    {0x2f948, 4844, 4844, 1, 1},
    {0x2f949, 4873, 4873, 1, 1},
    {0x2f94a, 6639, 6639, 1, 1},
    {0x2f94b, 6640, 6640, 1, 1},
    {0x2f94c, 6641, 6641, 1, 1},
    {0x2f94d, 6642, 6642, 1, 1},
    {0x2f94e, 6643, 6643, 1, 1},
    {0x2f94f, 4527, 4527, 1, 1},
    {0x2f950, 4846, 4846, 1, 1},
    {0x2f951, 6644, 6644, 1, 1},
    {0x2f952, 6645, 6645, 1, 1},
    {0x2f953, 4774, 4774, 1, 1},
    {0x2f954, 6646, 6646, 1, 1},
    {0x2f955, 6647, 6647, 1, 1},
    {0x2f956, 4731, 4731, 1, 1},
    {0x2f957, 6648, 6648, 1, 1},
    {0x2f958, 6649, 6649, 1, 1},
    {0x2f959, 4777, 4777, 1, 1},
    {0x2f95a, 6650, 6650, 1, 1},
    {0x2f95b, 6651, 6651, 1, 1},
    {0x2f95c, 6652, 6652, 1, 1},
    {0x2f95d, 6653, 6653, 1, 1},
    {0x2f95e, 6653, 6653, 1, 1},
    {0x2f95f, 6654, 6654, 1, 1},
    {0x2f960, 6655, 6655, 1, 1},
    {0x2f961, 6656, 6656, 1, 1},
    {0x2f962, 6657, 6657, 1, 1},
    {0x2f963, 6658, 6658, 1, 1},
    {0x2f964, 6659, 6659, 1, 1},
    {0x2f965, 6660, 6660, 1, 1},
    {0x2f966, 6661, 6661, 1, 1},
    {0x2f967, 6662, 6662, 1, 1},
    {0x2f968, 6663, 6663, 1, 1},
    {0x2f969, 6664, 6664, 1, 1},
    {0x2f96a, 6665, 6665, 1, 1},
    {0x2f96b, 6666, 6666, 1, 1},
    {0x2f96c, 6667, 6667, 1, 1},
    {0x2f96d, 6668, 6668, 1, 1},
    {0x2f96e, 6669, 6669, 1, 1},
    {0x2f96f, 6670, 6670, 1, 1},
    {0x2f970, 6671, 6671, 1, 1},
    {0x2f971, 6672, 6672, 1, 1},
    {0x2f972, 6673, 6673, 1, 1},
    {0x2f973, 6674, 6674, 1, 1},
    {0x2f974, 6675, 6675, 1, 1},
    {0x2f975, 6676, 6676, 1, 1},
    {0x2f976, 6677, 6677, 1, 1},
    {0x2f977, 6678, 6678, 1, 1},
    {0x2f978, 6679, 6679, 1, 1},
    {0x2f979, 6680, 6680, 1, 1},
    {0x2f97a, 4783, 4783, 1, 1},
    {0x2f97b, 6681, 6681, 1, 1},
    {0x2f97c, 6682, 6682, 1, 1},
    {0x2f97d, 6683, 6683, 1, 1},
    {0x2f97e, 6684, 6684, 1, 1},
    {0x2f97f, 6685, 6685, 1, 1},
    {0x2f980, 6686, 6686, 1, 1},
    {0x2f981, 6687, 6687, 1, 1},
    {0x2f982, 6688, 6688, 1, 1},
    {0x2f983, 6689, 6689, 1, 1},
    {0x2f984, 6690, 6690, 1, 1},
    {0x2f985, 6691, 6691, 1, 1},
    {0x2f986, 6692, 6692, 1, 1},
    {0x2f987, 6693, 6693, 1, 1},
    {0x2f988, 6694, 6694, 1, 1},
    {0x2f989, 6695, 6695, 1, 1},
    {0x2f98a, 6696, 6696, 1, 1},
    {0x2f98b, 6482, 6482, 1, 1},
    {0x2f98c, 6697, 6697, 1, 1},
    {0x2f98d, 6698, 6698, 1, 1},
    {0x2f98e, 6699, 6699, 1, 1},
    {0x2f98f, 6700, 6700, 1, 1},
    {0x2f990, 6701, 6701, 1, 1},
    {0x2f991, 6702, 6702, 1, 1},
    {0x2f992, 6703, 6703, 1, 1},
    {0x2f993, 6704, 6704, 1, 1},
    {0x2f994, 6705, 6705, 1, 1},
    {0x2f995, 6706, 6706, 1, 1},
    {0x2f996, 6707, 6707, 1, 1},
    {0x2f997, 6708, 6708, 1, 1},
    {0x2f998, 4581, 4581, 1, 1},
    {0x2f999, 6709, 6709, 1, 1},
    {0x2f99a, 6710, 6710, 1, 1},
    {0x2f99b, 6711, 6711, 1, 1},
    {0x2f99c, 6712, 6712, 1, 1},
    {0x2f99d, 6713, 6713, 1, 1},
    {0x2f99e, 6714, 6714, 1, 1},
    {0x2f99f, 4786, 4786, 1, 1},
    {0x2f9a0, 6715, 6715, 1, 1},
    {0x2f9a1, 6716, 6716, 1, 1},
    {0x2f9a2, 6717, 6717, 1, 1},
    {0x2f9a3, 6718, 6718, 1, 1},
    {0x2f9a4, 6719, 6719, 1, 1},
    {0x2f9a5, 6720, 6720, 1, 1},
    {0x2f9a6, 6721, 6721, 1, 1},
    {0x2f9a7, 6722, 6722, 1, 1},
    {0x2f9a8, 6723, 6723, 1, 1},
    {0x2f9a9, 6724, 6724, 1, 1},
    {0x2f9aa, 6725, 6725, 1, 1},
    {0x2f9ab, 6726, 6726, 1, 1},
    {0x2f9ac, 6727, 6727, 1, 1},
    {0x2f9ad, 6728, 6728, 1, 1},
    {0x2f9ae, 6729, 6729, 1, 1},
    {0x2f9af, 6730, 6730, 1, 1},
    {0x2f9b0, 6731, 6731, 1, 1},
    {0x2f9b1, 6732, 6732, 1, 1},
    {0x2f9b2, 6733, 6733, 1, 1},
    {0x2f9b3, 6734, 6734, 1, 1},
    {0x2f9b4, 4522, 4522, 1, 1},
    {0x2f9b5, 6735, 6735, 1, 1},
    {0x2f9b6, 6736, 6736, 1, 1},
    {0x2f9b7, 6737, 6737, 1, 1},
    {0x2f9b8, 6738, 6738, 1, 1},
    {0x2f9b9, 6739, 6739, 1, 1},
    {0x2f9ba, 6740, 6740, 1, 1},
    {0x2f9bb, 4853, 4853, 1, 1},
    {0x2f9bc, 6741, 6741, 1, 1},
    {0x2f9bd, 6742, 6742, 1, 1},
    {0x2f9be, 6743, 6743, 1, 1},
    {0x2f9bf, 6744, 6744, 1, 1},
    {0x2f9c0, 6745, 6745, 1, 1},
    {0x2f9c1, 6746, 6746, 1, 1},
    {0x2f9c2, 6747, 6747, 1, 1},
    {0x2f9c3, 6748, 6748, 1, 1},
    {0x2f9c4, 2948, 2948, 1, 1},
    {0x2f9c5, 6749, 6749, 1, 1},
    {0x2f9c6, 6750, 6750, 1, 1},
    {0x2f9c7, 6751, 6751, 1, 1},
    {0x2f9c8, 6752, 6752, 1, 1},
    {0x2f9c9, 6753, 6753, 1, 1},
    {0x2f9ca, 6754, 6754, 1, 1},
    {0x2f9cb, 6755, 6755, 1, 1},
    {0x2f9cc, 6756, 6756, 1, 1},
    {0x2f9cd, 6757, 6757, 1, 1},
    {0x2f9ce, 6758, 6758, 1, 1},
    {0x2f9cf, 6759, 6759, 1, 1},
    {0x2f9d0, 4858, 4858, 1, 1},
    {0x2f9d1, 4859, 4859, 1, 1},
    {0x2f9d2, 2955, 2955, 1, 1},
    {0x2f9d3, 6760, 6760, 1, 1},
    {0x2f9d4, 6761, 6761, 1, 1},
    {0x2f9d5, 6762, 6762, 1, 1},
    {0x2f9d6, 6763, 6763, 1, 1},
    {0x2f9d7, 6764, 6764, 1, 1},
    {0x2f9d8, 6765, 6765, 1, 1},
    {0x2f9d9, 6766, 6766, 1, 1},
    {0x2f9da, 6767, 6767, 1, 1},
    {0x2f9db, 6768, 6768, 1, 1},
    {0x2f9dc, 6769, 6769, 1, 1},
    {0x2f9dd, 6770, 6770, 1, 1},
    {0x2f9de, 6771, 6771, 1, 1},
    {0x2f9df, 4860, 4860, 1, 1},
    {0x2f9e0, 6772, 6772, 1, 1},
    {0x2f9e1, 6773, 6773, 1, 1},
    {0x2f9e2, 6774, 6774, 1, 1},
    {0x2f9e3, 6775, 6775, 1, 1},
    {0x2f9e4, 6776, 6776, 1, 1},
    {0x2f9e5, 6777, 6777, 1, 1},
    {0x2f9e6, 6778, 6778, 1, 1},
    {0x2f9e7, 6779, 6779, 1, 1},
    {0x2f9e8, 6780, 6780, 1, 1},
    {0x2f9e9, 6781, 6781, 1, 1},
    {0x2f9ea, 6782, 6782, 1, 1},
    {0x2f9eb, 6783, 6783, 1, 1},
    {0x2f9ec, 6784, 6784, 1, 1},
    {0x2f9ed, 6785, 6785, 1, 1},
    {0x2f9ee, 6786, 6786, 1, 1},
    {0x2f9ef, 6787, 6787, 1, 1},
    {0x2f9f0, 6788, 6788, 1, 1},
    {0x2f9f1, 6789, 6789, 1, 1},
    {0x2f9f2, 6790, 6790, 1, 1},
    {0x2f9f3, 6791, 6791, 1, 1},
    {0x2f9f4, 6792, 6792, 1, 1},
    {0x2f9f5, 6793, 6793, 1, 1},
    {0x2f9f6, 6794, 6794, 1, 1},
    {0x2f9f7, 6795, 6795, 1, 1},
    {0x2f9f8, 6796, 6796, 1, 1},
    {0x2f9f9, 6797, 6797, 1, 1},
    {0x2f9fa, 6798, 6798, 1, 1},
    {0x2f9fb, 6799, 6799, 1, 1},
    {0x2f9fc, 6800, 6800, 1, 1},
    {0x2f9fd, 6801, 6801, 1, 1},
    {0x2f9fe, 4866, 4866, 1, 1},
    {0x2f9ff, 4866, 4866, 1, 1},
    {0x2fa00, 6802, 6802, 1, 1},
    {0x2fa01, 6803, 6803, 1, 1},
    {0x2fa02, 6804, 6804, 1, 1},
    {0x2fa03, 6805, 6805, 1, 1},
    {0x2fa04, 6806, 6806, 1, 1},
    {0x2fa05, 6807, 6807, 1, 1},
    {0x2fa06, 6808, 6808, 1, 1},
    {0x2fa07, 6809, 6809, 1, 1},
    {0x2fa08, 6810, 6810, 1, 1},
    {0x2fa09, 6811, 6811, 1, 1},
    {0x2fa0a, 4867, 4867, 1, 1},
    {0x2fa0b, 6812, 6812, 1, 1},
    {0x2fa0c, 6813, 6813, 1, 1},
    {0x2fa0d, 6814, 6814, 1, 1},
    {0x2fa0e, 6815, 6815, 1, 1},
    {0x2fa0f, 6816, 6816, 1, 1},
    {0x2fa10, 6817, 6817, 1, 1},
    {0x2fa11, 6818, 6818, 1, 1},
    {0x2fa12, 6819, 6819, 1, 1},
    {0x2fa13, 6820, 6820, 1, 1},
    {0x2fa14, 6821, 6821, 1, 1},
    {0x2fa15, 3003, 3003, 1, 1},
    {0x2fa16, 6822, 6822, 1, 1},
    {0x2fa17, 3007, 3007, 1, 1},
    {0x2fa18, 6823, 6823, 1, 1},
    {0x2fa19, 6824, 6824, 1, 1},
    {0x2fa1a, 6825, 6825, 1, 1},
    {0x2fa1b, 6826, 6826, 1, 1},
    {0x2fa1c, 3012, 3012, 1, 1},
    {0x2fa1d, 6827, 6827, 1, 1},
};

static const CombiningRange normalizationClasses[] = {
    {0x300, 0x314, 230},
    {0x315, 0x315, 232},
    {0x316, 0x319, 220},
    {0x31a, 0x31a, 232},
    {0x31b, 0x31b, 216},
    {0x31c, 0x320, 220},
    {0x321, 0x322, 202},
    {0x323, 0x326, 220},
    {0x327, 0x328, 202},
    {0x329, 0x333, 220},
    {0x334, 0x338, 1},
    {0x339, 0x33c, 220},
    {0x33d, 0x344, 230},
    {0x345, 0x345, 240},
    {0x346, 0x346, 230},
    {0x347, 0x349, 220},
    {0x34a, 0x34c, 230},
    {0x34d, 0x34e, 220},
    {0x350, 0x352, 230},
    {0x353, 0x356, 220},
    {0x357, 0x357, 230},
    {0x358, 0x358, 232},
    {0x359, 0x35a, 220},
    {0x35b, 0x35b, 230},
    {0x35c, 0x35c, 233},
    {0x35d, 0x35e, 234},
    {0x35f, 0x35f, 233},
    {0x360, 0x361, 234},
    {0x362, 0x362, 233},
    {0x363, 0x36f, 230},
    {0x483, 0x487, 230},
    {0x591, 0x591, 220},
    {0x592, 0x595, 230},
    {0x596, 0x596, 220},
    {0x597, 0x599, 230},
    {0x59a, 0x59a, 222},
    {0x59b, 0x59b, 220},
    {0x59c, 0x5a1, 230},
    {0x5a2, 0x5a7, 220},
    {0x5a8, 0x5a9, 230},
    {0x5aa, 0x5aa, 220},
    {0x5ab, 0x5ac, 230},
    {0x5ad, 0x5ad, 222},
    {0x5ae, 0x5ae, 228},
    {0x5af, 0x5af, 230},
    {0x5b0, 0x5b0, 10},
    {0x5b1, 0x5b1, 11},
    {0x5b2, 0x5b2, 12},
    {0x5b3, 0x5b3, 13},
    {0x5b4, 0x5b4, 14},
    {0x5b5, 0x5b5, 15},
    {0x5b6, 0x5b6, 16},
    {0x5b7, 0x5b7, 17},
    {0x5b8, 0x5b8, 18},
    {0x5b9, 0x5ba, 19},
    {0x5bb, 0x5bb, 20},
    {0x5bc, 0x5bc, 21},
    {0x5bd, 0x5bd, 22},
    {0x5bf, 0x5bf, 23},
    {0x5c1, 0x5c1, 24},
    {0x5c2, 0x5c2, 25},
    {0x5c4, 0x5c4, 230},
    {0x5c5, 0x5c5, 220},
    {0x5c7, 0x5c7, 18},
    {0x5c8, 0x5c8, 10},
    {0x5c9, 0x5c9, 21},
    {0x610, 0x617, 230},
    {0x618, 0x618, 30},
    {0x619, 0x619, 31},
    {0x61a, 0x61a, 32},
    {0x64b, 0x64b, 27},
    {0x64c, 0x64c, 28},
    {0x64d, 0x64d, 29},
    {0x64e, 0x64e, 30},
    {0x64f, 0x64f, 31},
    {0x650, 0x650, 32},
    {0x651, 0x651, 33},
    {0x652, 0x652, 34},
    {0x653, 0x654, 230},
    {0x655, 0x656, 220},
    {0x657, 0x65b, 230},
    {0x65c, 0x65c, 220},
    {0x65d, 0x65e, 230},
    {0x65f, 0x65f, 220},
    {0x670, 0x670, 35},
    {0x6d6, 0x6dc, 230},
    {0x6df, 0x6e2, 230},
    {0x6e3, 0x6e3, 220},
    {0x6e4, 0x6e4, 230},
    {0x6e7, 0x6e8, 230},
    {0x6ea, 0x6ea, 220},
    {0x6eb, 0x6ec, 230},
    {0x6ed, 0x6ed, 220},
    {0x711, 0x711, 36},
    {0x730, 0x730, 230},
    {0x731, 0x731, 220},
    {0x732, 0x733, 230},
    {0x734, 0x734, 220},
    {0x735, 0x736, 230},
    {0x737, 0x739, 220},
    {0x73a, 0x73a, 230},
    {0x73b, 0x73c, 220},
    {0x73d, 0x73d, 230},
    {0x73e, 0x73e, 220},
    {0x73f, 0x741, 230},
    {0x742, 0x742, 220},
    {0x743, 0x743, 230},
    {0x744, 0x744, 220},
    {0x745, 0x745, 230},
    {0x746, 0x746, 220},
    {0x747, 0x747, 230},
    {0x748, 0x748, 220},
    {0x749, 0x74a, 230},
    {0x7eb, 0x7f1, 230},
    {0x7f2, 0x7f2, 220},
    {0x7f3, 0x7f3, 230},
    {0x7fd, 0x7fd, 220},
    {0x816, 0x819, 230},
    {0x81b, 0x823, 230},
    {0x825, 0x827, 230},
    {0x829, 0x82d, 230},
    {0x859, 0x85b, 220},
    {0x897, 0x898, 230},
    {0x899, 0x89b, 220},
    {0x89c, 0x89f, 230},
    {0x8ca, 0x8ce, 230},
    {0x8cf, 0x8d3, 220},
    {0x8d4, 0x8e1, 230},
    {0x8e3, 0x8e3, 220},
    {0x8e4, 0x8e5, 230},
    {0x8e6, 0x8e6, 220},
    {0x8e7, 0x8e8, 230},
    {0x8e9, 0x8e9, 220},
    {0x8ea, 0x8ec, 230},
    {0x8ed, 0x8ef, 220},
    {0x8f0, 0x8f0, 27},
    {0x8f1, 0x8f1, 28},
    {0x8f2, 0x8f2, 29},
    {0x8f3, 0x8f5, 230},
    {0x8f6, 0x8f6, 220},
    {0x8f7, 0x8f8, 230},
    {0x8f9, 0x8fa, 220},
    {0x8fb, 0x8ff, 230},
    {0x93c, 0x93c, 7},
    {0x94d, 0x94d, 9},
    {0x951, 0x951, 230},
    {0x952, 0x952, 220},
    {0x953, 0x954, 230},
    {0x9bc, 0x9bc, 7},
    {0x9cd, 0x9cd, 9},
    {0x9fe, 0x9fe, 230},
    {0xa3c, 0xa3c, 7},
    {0xa4d, 0xa4d, 9},
    {0xabc, 0xabc, 7},
    {0xacd, 0xacd, 9},
    {0xb3c, 0xb3c, 7},
    {0xb4d, 0xb4d, 9},
    {0xbcd, 0xbcd, 9},
    {0xc3c, 0xc3c, 7},
    {0xc4d, 0xc4d, 9},
    {0xc55, 0xc55, 84},
    {0xc56, 0xc56, 91},
    {0xcbc, 0xcbc, 7},
    {0xccd, 0xccd, 9},
    {0xd3b, 0xd3c, 9},
    {0xd4d, 0xd4d, 9},
    {0xdca, 0xdca, 9},
    {0xe38, 0xe39, 103},
    {0xe3a, 0xe3a, 9},
    {0xe48, 0xe4b, 107},
    {0xeb8, 0xeb9, 118},
    {0xeba, 0xeba, 9},
    {0xec8, 0xecb, 122},
    {0xf18, 0xf19, 220},
    {0xf35, 0xf35, 220},
    {0xf37, 0xf37, 220},
    {0xf39, 0xf39, 216},
    {0xf71, 0xf71, 129},
    {0xf72, 0xf72, 130},
    {0xf74, 0xf74, 132},
    {0xf7a, 0xf7d, 130},
    {0xf80, 0xf80, 130},
    {0xf82, 0xf83, 230},
    {0xf84, 0xf84, 9},
    {0xf86, 0xf87, 230},
    {0xfc6, 0xfc6, 220},
    {0x1037, 0x1037, 7},
    {0x1039, 0x103a, 9},
    {0x108d, 0x108d, 220},
    {0x135d, 0x135f, 230},
    {0x1714, 0x1715, 9},
    {0x1734, 0x1734, 9},
    {0x17d2, 0x17d2, 9},
    {0x17dd, 0x17dd, 230},
    {0x18a9, 0x18a9, 228},
    {0x1939, 0x1939, 222},
    {0x193a, 0x193a, 230},
    {0x193b, 0x193b, 220},
    {0x1a17, 0x1a17, 230},
    {0x1a18, 0x1a18, 220},
    {0x1a60, 0x1a60, 9},
    {0x1a75, 0x1a7c, 230},
    {0x1a7f, 0x1a7f, 220},
    {0x1ab0, 0x1ab4, 230},
    {0x1ab5, 0x1aba, 220},
    {0x1abb, 0x1abc, 230},
    {0x1abd, 0x1abd, 220},
    {0x1abf, 0x1ac0, 220},
    {0x1ac1, 0x1ac2, 230},
    {0x1ac3, 0x1ac4, 220},
    {0x1ac5, 0x1ac9, 230},
    {0x1aca, 0x1aca, 220},
    {0x1acb, 0x1adc, 230},
    {0x1add, 0x1add, 220},
    {0x1ade, 0x1ae5, 230},
    {0x1ae6, 0x1ae6, 220},
    {0x1ae7, 0x1aea, 230},
    {0x1aeb, 0x1aeb, 234},
    {0x1aec, 0x1aed, 230},
    {0x1aee, 0x1aef, 220},
    {0x1af0, 0x1af0, 230},
    {0x1b34, 0x1b34, 7},
    {0x1b44, 0x1b44, 9},
    {0x1b6b, 0x1b6b, 230},
    {0x1b6c, 0x1b6c, 220},
    {0x1b6d, 0x1b73, 230},
    {0x1baa, 0x1bab, 9},
    {0x1be6, 0x1be6, 7},
    {0x1bf2, 0x1bf3, 9},
    {0x1c37, 0x1c37, 7},
    {0x1cd0, 0x1cd2, 230},
    {0x1cd4, 0x1cd4, 1},
    {0x1cd5, 0x1cd9, 220},
    {0x1cda, 0x1cdb, 230},
    {0x1cdc, 0x1cdf, 220},
    {0x1ce0, 0x1ce0, 230},
    {0x1ce2, 0x1ce8, 1},
    {0x1ced, 0x1ced, 220},
    {0x1cf4, 0x1cf4, 230},
    {0x1cf8, 0x1cf9, 230},
    {0x1dc0, 0x1dc1, 230},
    {0x1dc2, 0x1dc2, 220},
    {0x1dc3, 0x1dc9, 230},
    {0x1dca, 0x1dca, 220},
    {0x1dcb, 0x1dcc, 230},
    {0x1dcd, 0x1dcd, 234},
    {0x1dce, 0x1dce, 214},
    {0x1dcf, 0x1dcf, 220},
    {0x1dd0, 0x1dd0, 202},
    {0x1dd1, 0x1df5, 230},
    {0x1df6, 0x1df6, 232},
    {0x1df7, 0x1df8, 228},
    {0x1df9, 0x1df9, 220},
    {0x1dfa, 0x1dfa, 218},
    {0x1dfb, 0x1dfb, 230},
    {0x1dfc, 0x1dfc, 233},
    {0x1dfd, 0x1dfd, 220},
    {0x1dfe, 0x1dfe, 230},
    {0x1dff, 0x1dff, 220},
    {0x20d0, 0x20d1, 230},
    {0x20d2, 0x20d3, 1},
    {0x20d4, 0x20d7, 230},
    {0x20d8, 0x20da, 1},
    {0x20db, 0x20dc, 230},
    {0x20e1, 0x20e1, 230},
    {0x20e5, 0x20e6, 1},
    {0x20e7, 0x20e7, 230},
    {0x20e8, 0x20e8, 220},
    {0x20e9, 0x20e9, 230},
    {0x20ea, 0x20eb, 1},
    {0x20ec, 0x20ef, 220},
    {0x20f0, 0x20f0, 230},
    {0x2cef, 0x2cf1, 230},
    {0x2d7f, 0x2d7f, 9},
    {0x2de0, 0x2dff, 230},
    {0x302a, 0x302a, 218},
    {0x302b, 0x302b, 228},
    {0x302c, 0x302c, 232},
    {0x302d, 0x302d, 222},
    {0x302e, 0x302f, 224},
    {0x3099, 0x309a, 8},
    {0xa66f, 0xa66f, 230},
    {0xa674, 0xa67d, 230},
    {0xa69e, 0xa69f, 230},
    {0xa6f0, 0xa6f1, 230},
    {0xa806, 0xa806, 9},
    {0xa82c, 0xa82c, 9},
    {0xa8c4, 0xa8c4, 9},
    {0xa8e0, 0xa8f1, 230},
    {0xa92b, 0xa92d, 220},
    {0xa953, 0xa953, 9},
    {0xa9b3, 0xa9b3, 7},
    {0xa9c0, 0xa9c0, 9},
    {0xaab0, 0xaab0, 230},
    {0xaab2, 0xaab3, 230},
    {0xaab4, 0xaab4, 220},
    {0xaab7, 0xaab8, 230},
    {0xaabe, 0xaabf, 230},
    {0xaac1, 0xaac1, 230},
    {0xaaf6, 0xaaf6, 9},
    {0xabed, 0xabed, 9},
    {0xfb1e, 0xfb1e, 26},
    {0xfe20, 0xfe26, 230},
    {0xfe27, 0xfe2d, 220},
    {0xfe2e, 0xfe2f, 230},
    {0x101fd, 0x101fd, 220},
    {0x102e0, 0x102e0, 220},
    {0x10376, 0x1037a, 230},
    {0x10a0d, 0x10a0d, 220},
    {0x10a0f, 0x10a0f, 230},
    {0x10a38, 0x10a38, 230},
    {0x10a39, 0x10a39, 1},
    {0x10a3a, 0x10a3a, 220},
    {0x10a3f, 0x10a3f, 9},
    {0x10ae5, 0x10ae5, 230},
    {0x10ae6, 0x10ae6, 220},
    {0x10d24, 0x10d27, 230},
    {0x10d69, 0x10d6d, 230},
    {0x10eab, 0x10eac, 230},
    {0x10ecb, 0x10ecb, 230},
    {0x10ecc, 0x10ecd, 220},
    {0x10ece, 0x10ecf, 230},
    {0x10ef0, 0x10ef2, 220},
    {0x10ef3, 0x10ef3, 230},
    {0x10ef4, 0x10ef4, 220},
    {0x10ef5, 0x10ef5, 230},
    {0x10ef6, 0x10ef6, 220},
    {0x10ef7, 0x10ef9, 230},
    {0x10efa, 0x10efb, 220},
    {0x10efd, 0x10eff, 220},
    {0x10f46, 0x10f47, 220},
    {0x10f48, 0x10f4a, 230},
    {0x10f4b, 0x10f4b, 220},
    {0x10f4c, 0x10f4c, 230},
    {0x10f4d, 0x10f50, 220},
    {0x10f82, 0x10f82, 230},
    {0x10f83, 0x10f83, 220},
    {0x10f84, 0x10f84, 230},
    {0x10f85, 0x10f85, 220},
    {0x11046, 0x11046, 9},
    {0x11070, 0x11070, 9},
    {0x1107f, 0x1107f, 9},
    {0x110b9, 0x110b9, 9},
    {0x110ba, 0x110ba, 7},
    {0x11100, 0x11102, 230},
    {0x11133, 0x11134, 9},
    {0x11173, 0x11173, 7},
    {0x111c0, 0x111c0, 9},
    {0x111ca, 0x111ca, 7},
    {0x11235, 0x11235, 9},
    {0x11236, 0x11236, 7},
    {0x112e9, 0x112e9, 7},
    {0x112ea, 0x112ea, 9},
    {0x1133b, 0x1133c, 7},
    {0x1134d, 0x1134d, 9},
    {0x11366, 0x1136c, 230},
    {0x11370, 0x11374, 230},
    {0x113ce, 0x113d0, 9},
    {0x11442, 0x11442, 9},
    {0x11446, 0x11446, 7},
    {0x1145e, 0x1145e, 230},
    {0x114c2, 0x114c2, 9},
    {0x114c3, 0x114c3, 7},
    {0x115bf, 0x115bf, 9},
    {0x115c0, 0x115c0, 7},
    {0x1163f, 0x1163f, 9},
    {0x116b6, 0x116b6, 9},
    {0x116b7, 0x116b7, 7},
    {0x1172b, 0x1172b, 9},
    {0x11839, 0x11839, 9},
    {0x1183a, 0x1183a, 7},
    {0x1193d, 0x1193e, 9},
    {0x11943, 0x11943, 7},
    {0x119e0, 0x119e0, 9},
    {0x11a34, 0x11a34, 9},
    {0x11a47, 0x11a47, 9},
    {0x11a99, 0x11a99, 9},
    {0x11c3f, 0x11c3f, 9},
    {0x11d42, 0x11d42, 7},
    {0x11d44, 0x11d45, 9},
    {0x11d97, 0x11d97, 9},
    {0x11f41, 0x11f42, 9},
    {0x1612f, 0x1612f, 9},
    {0x16af0, 0x16af4, 1},
    {0x16b30, 0x16b36, 230},
    {0x16ff0, 0x16ff1, 6},
    {0x1bc9e, 0x1bc9e, 1},
    {0x1d127, 0x1d128, 220},
    {0x1d165, 0x1d166, 216},
    {0x1d167, 0x1d169, 1},
    {0x1d16d, 0x1d16d, 226},
    {0x1d16e, 0x1d172, 216},
    {0x1d17b, 0x1d182, 220},
    {0x1d185, 0x1d189, 230},
    {0x1d18a, 0x1d18b, 220},
    {0x1d1aa, 0x1d1ad, 230},
    {0x1d242, 0x1d244, 230},
    {0x1d250, 0x1d252, 216},
    {0x1d25b, 0x1d25c, 1},
    {0x1d25f, 0x1d25f, 216},
    {0x1d280, 0x1d281, 216},
    {0x1e000, 0x1e006, 230},
    {0x1e008, 0x1e018, 230},
    {0x1e01b, 0x1e021, 230},
    {0x1e023, 0x1e024, 230},
    {0x1e026, 0x1e02a, 230},
    {0x1e08f, 0x1e08f, 230},
    {0x1e130, 0x1e136, 230},
    {0x1e2ae, 0x1e2ae, 230},
    {0x1e2ec, 0x1e2ef, 230},
    {0x1e4ec, 0x1e4ed, 232},
    {0x1e4ee, 0x1e4ee, 220},
    {0x1e4ef, 0x1e4ef, 230},
    {0x1e5ee, 0x1e5ee, 230},
    {0x1e5ef, 0x1e5ef, 220},
    {0x1e6e3, 0x1e6e3, 230},
    {0x1e6e6, 0x1e6e6, 230},
    {0x1e6ee, 0x1e6ef, 230},
    {0x1e6f5, 0x1e6f5, 230},
    {0x1e8d0, 0x1e8d6, 220},
    {0x1e944, 0x1e949, 230},
    {0x1e94a, 0x1e94a, 7},
};

static const CompositionPair normalizationPairs[] = {
    {0x3c, 0x338, 0x226e},
    {0x3d, 0x338, 0x2260},
    {0x3e, 0x338, 0x226f},
    {0x41, 0x300, 0xc0},
    {0x41, 0x301, 0xc1},
    {0x41, 0x302, 0xc2},
    {0x41, 0x303, 0xc3},
    {0x41, 0x304, 0x100},
    {0x41, 0x306, 0x102},
    {0x41, 0x307, 0x226},
    {0x41, 0x308, 0xc4},
    {0x41, 0x309, 0x1ea2},
    {0x41, 0x30a, 0xc5},
    {0x41, 0x30c, 0x1cd},
    {0x41, 0x30f, 0x200},
    {0x41, 0x311, 0x202},
    {0x41, 0x323, 0x1ea0},
    {0x41, 0x325, 0x1e00},
    {0x41, 0x328, 0x104},
    {0x42, 0x307, 0x1e02},
    {0x42, 0x323, 0x1e04},
    {0x42, 0x331, 0x1e06},
    {0x43, 0x301, 0x106},
    {0x43, 0x302, 0x108},
    {0x43, 0x307, 0x10a},
    {0x43, 0x30c, 0x10c},
    {0x43, 0x327, 0xc7},
    {0x44, 0x307, 0x1e0a},
    {0x44, 0x30c, 0x10e},
    {0x44, 0x323, 0x1e0c},
    {0x44, 0x327, 0x1e10},
    {0x44, 0x32d, 0x1e12},
    {0x44, 0x331, 0x1e0e},
    {0x45, 0x300, 0xc8},
    {0x45, 0x301, 0xc9},
    {0x45, 0x302, 0xca},
    {0x45, 0x303, 0x1ebc},
    {0x45, 0x304, 0x112},
    {0x45, 0x306, 0x114},
    {0x45, 0x307, 0x116},
    {0x45, 0x308, 0xcb},
    {0x45, 0x309, 0x1eba},
    {0x45, 0x30c, 0x11a},
    {0x45, 0x30f, 0x204},
    {0x45, 0x311, 0x206},
    {0x45, 0x323, 0x1eb8},
    {0x45, 0x327, 0x228},
    {0x45, 0x328, 0x118},
    {0x45, 0x32d, 0x1e18},
    {0x45, 0x330, 0x1e1a},
    {0x46, 0x307, 0x1e1e},
    {0x47, 0x301, 0x1f4},
    {0x47, 0x302, 0x11c},
    {0x47, 0x304, 0x1e20},
    {0x47, 0x306, 0x11e},
    {0x47, 0x307, 0x120},
    {0x47, 0x30c, 0x1e6},
    {0x47, 0x327, 0x122},
    {0x48, 0x302, 0x124},
    {0x48, 0x307, 0x1e22},
    {0x48, 0x308, 0x1e26},
    {0x48, 0x30c, 0x21e},
    {0x48, 0x323, 0x1e24},
    {0x48, 0x327, 0x1e28},
    {0x48, 0x32e, 0x1e2a},
    {0x49, 0x300, 0xcc},
    {0x49, 0x301, 0xcd},
    {0x49, 0x302, 0xce},
    {0x49, 0x303, 0x128},
    {0x49, 0x304, 0x12a},
    {0x49, 0x306, 0x12c},
    {0x49, 0x307, 0x130},
    {0x49, 0x308, 0xcf},
    {0x49, 0x309, 0x1ec8},
    {0x49, 0x30c, 0x1cf},
    {0x49, 0x30f, 0x208},
    {0x49, 0x311, 0x20a},
    {0x49, 0x323, 0x1eca},
    {0x49, 0x328, 0x12e},
    {0x49, 0x330, 0x1e2c},
    {0x4a, 0x302, 0x134},
    {0x4b, 0x301, 0x1e30},
    {0x4b, 0x30c, 0x1e8},
    {0x4b, 0x323, 0x1e32},
    {0x4b, 0x327, 0x136},
    {0x4b, 0x331, 0x1e34},
    {0x4c, 0x301, 0x139},
    {0x4c, 0x30c, 0x13d},
    {0x4c, 0x323, 0x1e36},
    {0x4c, 0x327, 0x13b},
    {0x4c, 0x32d, 0x1e3c},
    {0x4c, 0x331, 0x1e3a},
    {0x4d, 0x301, 0x1e3e},
    {0x4d, 0x307, 0x1e40},
    {0x4d, 0x323, 0x1e42},
    {0x4e, 0x300, 0x1f8},
    {0x4e, 0x301, 0x143},
    {0x4e, 0x303, 0xd1},
    {0x4e, 0x307, 0x1e44},
    {0x4e, 0x30c, 0x147},
    {0x4e, 0x323, 0x1e46},
    {0x4e, 0x327, 0x145},
    {0x4e, 0x32d, 0x1e4a},
    {0x4e, 0x331, 0x1e48},
    {0x4f, 0x300, 0xd2},
    {0x4f, 0x301, 0xd3},
    {0x4f, 0x302, 0xd4},
    {0x4f, 0x303, 0xd5},
    {0x4f, 0x304, 0x14c},
    {0x4f, 0x306, 0x14e},
    {0x4f, 0x307, 0x22e},
    {0x4f, 0x308, 0xd6},
    {0x4f, 0x309, 0x1ece},
    {0x4f, 0x30b, 0x150},
    {0x4f, 0x30c, 0x1d1},
    {0x4f, 0x30f, 0x20c},
    {0x4f, 0x311, 0x20e},
    {0x4f, 0x31b, 0x1a0},
    {0x4f, 0x323, 0x1ecc},
    {0x4f, 0x328, 0x1ea},
    {0x50, 0x301, 0x1e54},
    {0x50, 0x307, 0x1e56},
    {0x52, 0x301, 0x154},
    {0x52, 0x307, 0x1e58},
    {0x52, 0x30c, 0x158},
    {0x52, 0x30f, 0x210},
    {0x52, 0x311, 0x212},
    {0x52, 0x323, 0x1e5a},
    {0x52, 0x327, 0x156},
    {0x52, 0x331, 0x1e5e},
    {0x53, 0x301, 0x15a},
    {0x53, 0x302, 0x15c},
    {0x53, 0x307, 0x1e60},
    {0x53, 0x30c, 0x160},
    {0x53, 0x323, 0x1e62},
    {0x53, 0x326, 0x218},
    {0x53, 0x327, 0x15e},
    {0x54, 0x307, 0x1e6a},
    {0x54, 0x30c, 0x164},
    {0x54, 0x323, 0x1e6c},
    {0x54, 0x326, 0x21a},
    {0x54, 0x327, 0x162},
    {0x54, 0x32d, 0x1e70},
    {0x54, 0x331, 0x1e6e},
    {0x55, 0x300, 0xd9},
    {0x55, 0x301, 0xda},
    {0x55, 0x302, 0xdb},
    {0x55, 0x303, 0x168},
    {0x55, 0x304, 0x16a},
    {0x55, 0x306, 0x16c},
    {0x55, 0x308, 0xdc},
    {0x55, 0x309, 0x1ee6},
    {0x55, 0x30a, 0x16e},
    {0x55, 0x30b, 0x170},
    {0x55, 0x30c, 0x1d3},
    {0x55, 0x30f, 0x214},
    {0x55, 0x311, 0x216},
    {0x55, 0x31b, 0x1af},
    {0x55, 0x323, 0x1ee4},
    {0x55, 0x324, 0x1e72},
    {0x55, 0x328, 0x172},
    {0x55, 0x32d, 0x1e76},
    {0x55, 0x330, 0x1e74},
    {0x56, 0x303, 0x1e7c},
    {0x56, 0x323, 0x1e7e},
    {0x57, 0x300, 0x1e80},
    {0x57, 0x301, 0x1e82},
    {0x57, 0x302, 0x174},
    {0x57, 0x307, 0x1e86},
    {0x57, 0x308, 0x1e84},
    {0x57, 0x323, 0x1e88},
    {0x58, 0x307, 0x1e8a},
    {0x58, 0x308, 0x1e8c},
    {0x59, 0x300, 0x1ef2},
    {0x59, 0x301, 0xdd},
    {0x59, 0x302, 0x176},
    {0x59, 0x303, 0x1ef8},
    {0x59, 0x304, 0x232},
    {0x59, 0x307, 0x1e8e},
    {0x59, 0x308, 0x178},
    {0x59, 0x309, 0x1ef6},
    {0x59, 0x323, 0x1ef4},
    {0x5a, 0x301, 0x179},
    {0x5a, 0x302, 0x1e90},
    {0x5a, 0x307, 0x17b},
    {0x5a, 0x30c, 0x17d},
    {0x5a, 0x323, 0x1e92},
    {0x5a, 0x331, 0x1e94},
    {0x61, 0x300, 0xe0},
    {0x61, 0x301, 0xe1},
    {0x61, 0x302, 0xe2},
    {0x61, 0x303, 0xe3},
    {0x61, 0x304, 0x101},
    {0x61, 0x306, 0x103},
    {0x61, 0x307, 0x227},
    {0x61, 0x308, 0xe4},
    {0x61, 0x309, 0x1ea3},
    {0x61, 0x30a, 0xe5},
    {0x61, 0x30c, 0x1ce},
    {0x61, 0x30f, 0x201},
    {0x61, 0x311, 0x203},
    {0x61, 0x323, 0x1ea1},
    {0x61, 0x325, 0x1e01},
    {0x61, 0x328, 0x105},
    {0x62, 0x307, 0x1e03},
    {0x62, 0x323, 0x1e05},
    {0x62, 0x331, 0x1e07},
    {0x63, 0x301, 0x107},
    {0x63, 0x302, 0x109},
    {0x63, 0x307, 0x10b},
    {0x63, 0x30c, 0x10d},
    {0x63, 0x327, 0xe7},
    {0x64, 0x307, 0x1e0b},
    {0x64, 0x30c, 0x10f},
    {0x64, 0x323, 0x1e0d},
    {0x64, 0x327, 0x1e11},
    {0x64, 0x32d, 0x1e13},
    {0x64, 0x331, 0x1e0f},
    {0x65, 0x300, 0xe8},
    {0x65, 0x301, 0xe9},
    {0x65, 0x302, 0xea},
    {0x65, 0x303, 0x1ebd},
    {0x65, 0x304, 0x113},
    {0x65, 0x306, 0x115},
    {0x65, 0x307, 0x117},
    {0x65, 0x308, 0xeb},
    {0x65, 0x309, 0x1ebb},
    {0x65, 0x30c, 0x11b},
    {0x65, 0x30f, 0x205},
    {0x65, 0x311, 0x207},
    {0x65, 0x323, 0x1eb9},
    {0x65, 0x327, 0x229},
    {0x65, 0x328, 0x119},
    {0x65, 0x32d, 0x1e19},
    {0x65, 0x330, 0x1e1b},
    {0x66, 0x307, 0x1e1f},
    {0x67, 0x301, 0x1f5},
    {0x67, 0x302, 0x11d},
    {0x67, 0x304, 0x1e21},
    {0x67, 0x306, 0x11f},
    {0x67, 0x307, 0x121},
    {0x67, 0x30c, 0x1e7},
    {0x67, 0x327, 0x123},
    {0x68, 0x302, 0x125},
    {0x68, 0x307, 0x1e23},
    {0x68, 0x308, 0x1e27},
    {0x68, 0x30c, 0x21f},
    {0x68, 0x323, 0x1e25},
    {0x68, 0x327, 0x1e29},
    {0x68, 0x32e, 0x1e2b},
    {0x68, 0x331, 0x1e96},
    {0x69, 0x300, 0xec},
    {0x69, 0x301, 0xed},
    {0x69, 0x302, 0xee},
    {0x69, 0x303, 0x129},
    {0x69, 0x304, 0x12b},
    {0x69, 0x306, 0x12d},
    {0x69, 0x308, 0xef},
    {0x69, 0x309, 0x1ec9},
    {0x69, 0x30c, 0x1d0},
    {0x69, 0x30f, 0x209},
    {0x69, 0x311, 0x20b},
    {0x69, 0x323, 0x1ecb},
    {0x69, 0x328, 0x12f},
    {0x69, 0x330, 0x1e2d},
    {0x6a, 0x302, 0x135},
    {0x6a, 0x30c, 0x1f0},
    {0x6b, 0x301, 0x1e31},
    {0x6b, 0x30c, 0x1e9},
    {0x6b, 0x323, 0x1e33},
    {0x6b, 0x327, 0x137},
    {0x6b, 0x331, 0x1e35},
    {0x6c, 0x301, 0x13a},
    {0x6c, 0x30c, 0x13e},
    {0x6c, 0x323, 0x1e37},
    {0x6c, 0x327, 0x13c},
    {0x6c, 0x32d, 0x1e3d},
    {0x6c, 0x331, 0x1e3b},
    {0x6d, 0x301, 0x1e3f},
    {0x6d, 0x307, 0x1e41},
    {0x6d, 0x323, 0x1e43},
    {0x6e, 0x300, 0x1f9},
    {0x6e, 0x301, 0x144},
    {0x6e, 0x303, 0xf1},
    {0x6e, 0x307, 0x1e45},
    {0x6e, 0x30c, 0x148},
    {0x6e, 0x323, 0x1e47},
    {0x6e, 0x327, 0x146},
    {0x6e, 0x32d, 0x1e4b},
    {0x6e, 0x331, 0x1e49},
    {0x6f, 0x300, 0xf2},
    {0x6f, 0x301, 0xf3},
    {0x6f, 0x302, 0xf4},
    {0x6f, 0x303, 0xf5},
    {0x6f, 0x304, 0x14d},
    {0x6f, 0x306, 0x14f},
    {0x6f, 0x307, 0x22f},
    {0x6f, 0x308, 0xf6},
    {0x6f, 0x309, 0x1ecf},
    {0x6f, 0x30b, 0x151},
    {0x6f, 0x30c, 0x1d2},
    {0x6f, 0x30f, 0x20d},
    {0x6f, 0x311, 0x20f},
    {0x6f, 0x31b, 0x1a1},
    {0x6f, 0x323, 0x1ecd},
    {0x6f, 0x328, 0x1eb},
    {0x70, 0x301, 0x1e55},
    {0x70, 0x307, 0x1e57},
    {0x72, 0x301, 0x155},
    {0x72, 0x307, 0x1e59},
    {0x72, 0x30c, 0x159},
    {0x72, 0x30f, 0x211},
    {0x72, 0x311, 0x213},
    {0x72, 0x323, 0x1e5b},
    {0x72, 0x327, 0x157},
    {0x72, 0x331, 0x1e5f},
    {0x73, 0x301, 0x15b},
    {0x73, 0x302, 0x15d},
    {0x73, 0x307, 0x1e61},
    {0x73, 0x30c, 0x161},
    {0x73, 0x323, 0x1e63},
    {0x73, 0x326, 0x219},
    {0x73, 0x327, 0x15f},
    {0x74, 0x307, 0x1e6b},
    {0x74, 0x308, 0x1e97},
    {0x74, 0x30c, 0x165},
    {0x74, 0x323, 0x1e6d},
    {0x74, 0x326, 0x21b},
    {0x74, 0x327, 0x163},
    {0x74, 0x32d, 0x1e71},
    {0x74, 0x331, 0x1e6f},
    {0x75, 0x300, 0xf9},
    {0x75, 0x301, 0xfa},
    {0x75, 0x302, 0xfb},
    {0x75, 0x303, 0x169},
    {0x75, 0x304, 0x16b},
    {0x75, 0x306, 0x16d},
    {0x75, 0x308, 0xfc},
    {0x75, 0x309, 0x1ee7},
    {0x75, 0x30a, 0x16f},
    {0x75, 0x30b, 0x171},
    {0x75, 0x30c, 0x1d4},
    {0x75, 0x30f, 0x215},
    {0x75, 0x311, 0x217},
    {0x75, 0x31b, 0x1b0},
    {0x75, 0x323, 0x1ee5},
    {0x75, 0x324, 0x1e73},
    {0x75, 0x328, 0x173},
    {0x75, 0x32d, 0x1e77},
    {0x75, 0x330, 0x1e75},
    {0x76, 0x303, 0x1e7d},
    {0x76, 0x323, 0x1e7f},
    {0x77, 0x300, 0x1e81},
    {0x77, 0x301, 0x1e83},
    {0x77, 0x302, 0x175},
    {0x77, 0x307, 0x1e87},
    {0x77, 0x308, 0x1e85},
    {0x77, 0x30a, 0x1e98},
    {0x77, 0x323, 0x1e89},
    {0x78, 0x307, 0x1e8b},
    {0x78, 0x308, 0x1e8d},
    {0x79, 0x300, 0x1ef3},
    {0x79, 0x301, 0xfd},
    {0x79, 0x302, 0x177},
    {0x79, 0x303, 0x1ef9},
    {0x79, 0x304, 0x233},
    {0x79, 0x307, 0x1e8f},
    {0x79, 0x308, 0xff},
    {0x79, 0x309, 0x1ef7},
    {0x79, 0x30a, 0x1e99},
    {0x79, 0x323, 0x1ef5},
    {0x7a, 0x301, 0x17a},
    {0x7a, 0x302, 0x1e91},
    {0x7a, 0x307, 0x17c},
    {0x7a, 0x30c, 0x17e},
    {0x7a, 0x323, 0x1e93},
    {0x7a, 0x331, 0x1e95},
    {0xa8, 0x300, 0x1fed},
    {0xa8, 0x301, 0x385},
    {0xa8, 0x342, 0x1fc1},
    {0xc2, 0x300, 0x1ea6},
    {0xc2, 0x301, 0x1ea4},
    {0xc2, 0x303, 0x1eaa},
    {0xc2, 0x309, 0x1ea8},
    {0xc4, 0x304, 0x1de},
    {0xc5, 0x301, 0x1fa},
    {0xc6, 0x301, 0x1fc},
    {0xc6, 0x304, 0x1e2},
    {0xc7, 0x301, 0x1e08},
    {0xca, 0x300, 0x1ec0},
    {0xca, 0x301, 0x1ebe},
    {0xca, 0x303, 0x1ec4},
    {0xca, 0x309, 0x1ec2},
    {0xcf, 0x301, 0x1e2e},
    {0xd4, 0x300, 0x1ed2},
    {0xd4, 0x301, 0x1ed0},
    {0xd4, 0x303, 0x1ed6},
    {0xd4, 0x309, 0x1ed4},
    {0xd5, 0x301, 0x1e4c},
    {0xd5, 0x304, 0x22c},
    {0xd5, 0x308, 0x1e4e},
    {0xd6, 0x304, 0x22a},
    {0xd8, 0x301, 0x1fe},
    {0xdc, 0x300, 0x1db},
    {0xdc, 0x301, 0x1d7},
    {0xdc, 0x304, 0x1d5},
    {0xdc, 0x30c, 0x1d9},
    {0xe2, 0x300, 0x1ea7},
    {0xe2, 0x301, 0x1ea5},
    {0xe2, 0x303, 0x1eab},
    {0xe2, 0x309, 0x1ea9},
    {0xe4, 0x304, 0x1df},
    {0xe5, 0x301, 0x1fb},
    {0xe6, 0x301, 0x1fd},
    {0xe6, 0x304, 0x1e3},
    {0xe7, 0x301, 0x1e09},
    {0xea, 0x300, 0x1ec1},
    {0xea, 0x301, 0x1ebf},
    {0xea, 0x303, 0x1ec5},
    {0xea, 0x309, 0x1ec3},
    {0xef, 0x301, 0x1e2f},
    {0xf4, 0x300, 0x1ed3},
    {0xf4, 0x301, 0x1ed1},
    {0xf4, 0x303, 0x1ed7},
    {0xf4, 0x309, 0x1ed5},
    {0xf5, 0x301, 0x1e4d},
    {0xf5, 0x304, 0x22d},
    {0xf5, 0x308, 0x1e4f},
    {0xf6, 0x304, 0x22b},
    {0xf8, 0x301, 0x1ff},
    {0xfc, 0x300, 0x1dc},
    {0xfc, 0x301, 0x1d8},
    {0xfc, 0x304, 0x1d6},
    {0xfc, 0x30c, 0x1da},
    {0x102, 0x300, 0x1eb0},
    {0x102, 0x301, 0x1eae},
    {0x102, 0x303, 0x1eb4},
    {0x102, 0x309, 0x1eb2},
    {0x103, 0x300, 0x1eb1},
    {0x103, 0x301, 0x1eaf},
    {0x103, 0x303, 0x1eb5},
    {0x103, 0x309, 0x1eb3},
    {0x112, 0x300, 0x1e14},
    {0x112, 0x301, 0x1e16},
    {0x113, 0x300, 0x1e15},
    {0x113, 0x301, 0x1e17},
    {0x14c, 0x300, 0x1e50},
    {0x14c, 0x301, 0x1e52},
    {0x14d, 0x300, 0x1e51},
    {0x14d, 0x301, 0x1e53},
    {0x15a, 0x307, 0x1e64},
    {0x15b, 0x307, 0x1e65},
    {0x160, 0x307, 0x1e66},
    {0x161, 0x307, 0x1e67},
    {0x168, 0x301, 0x1e78},
    {0x169, 0x301, 0x1e79},
    {0x16a, 0x308, 0x1e7a},
    {0x16b, 0x308, 0x1e7b},
    {0x17f, 0x307, 0x1e9b},
    {0x1a0, 0x300, 0x1edc},
    {0x1a0, 0x301, 0x1eda},
    {0x1a0, 0x303, 0x1ee0},
    {0x1a0, 0x309, 0x1ede},
    {0x1a0, 0x323, 0x1ee2},
    {0x1a1, 0x300, 0x1edd},
    {0x1a1, 0x301, 0x1edb},
    {0x1a1, 0x303, 0x1ee1},
    {0x1a1, 0x309, 0x1edf},
    {0x1a1, 0x323, 0x1ee3},
    {0x1af, 0x300, 0x1eea},
    {0x1af, 0x301, 0x1ee8},
    {0x1af, 0x303, 0x1eee},
    {0x1af, 0x309, 0x1eec},
    {0x1af, 0x323, 0x1ef0},
    {0x1b0, 0x300, 0x1eeb},
    {0x1b0, 0x301, 0x1ee9},
    {0x1b0, 0x303, 0x1eef},
    {0x1b0, 0x309, 0x1eed},
    {0x1b0, 0x323, 0x1ef1},
    {0x1b7, 0x30c, 0x1ee},
    {0x1ea, 0x304, 0x1ec},
    {0x1eb, 0x304, 0x1ed},
    {0x226, 0x304, 0x1e0},
    {0x227, 0x304, 0x1e1},
    {0x228, 0x306, 0x1e1c},
    {0x229, 0x306, 0x1e1d},
    {0x22e, 0x304, 0x230},
    {0x22f, 0x304, 0x231},
    {0x292, 0x30c, 0x1ef},
    {0x391, 0x300, 0x1fba},
    {0x391, 0x301, 0x386},
    {0x391, 0x304, 0x1fb9},
    {0x391, 0x306, 0x1fb8},
    {0x391, 0x313, 0x1f08},
    {0x391, 0x314, 0x1f09},
    {0x391, 0x345, 0x1fbc},
    {0x395, 0x300, 0x1fc8},
    {0x395, 0x301, 0x388},
    {0x395, 0x313, 0x1f18},
    {0x395, 0x314, 0x1f19},
    {0x397, 0x300, 0x1fca},
    {0x397, 0x301, 0x389},
    {0x397, 0x313, 0x1f28},
    {0x397, 0x314, 0x1f29},
    {0x397, 0x345, 0x1fcc},
    {0x399, 0x300, 0x1fda},
    {0x399, 0x301, 0x38a},
    {0x399, 0x304, 0x1fd9},
    {0x399, 0x306, 0x1fd8},
    {0x399, 0x308, 0x3aa},
    {0x399, 0x313, 0x1f38},
    {0x399, 0x314, 0x1f39},
    {0x39f, 0x300, 0x1ff8},
    {0x39f, 0x301, 0x38c},
    {0x39f, 0x313, 0x1f48},
    {0x39f, 0x314, 0x1f49},
    {0x3a1, 0x314, 0x1fec},
    {0x3a5, 0x300, 0x1fea},
    {0x3a5, 0x301, 0x38e},
    {0x3a5, 0x304, 0x1fe9},
    {0x3a5, 0x306, 0x1fe8},
    {0x3a5, 0x308, 0x3ab},
    {0x3a5, 0x314, 0x1f59},
    {0x3a9, 0x300, 0x1ffa},
    {0x3a9, 0x301, 0x38f},
    {0x3a9, 0x313, 0x1f68},
    {0x3a9, 0x314, 0x1f69},
    {0x3a9, 0x345, 0x1ffc},
    {0x3ac, 0x345, 0x1fb4},
    {0x3ae, 0x345, 0x1fc4},
    {0x3b1, 0x300, 0x1f70},
    {0x3b1, 0x301, 0x3ac},
    {0x3b1, 0x304, 0x1fb1},
    {0x3b1, 0x306, 0x1fb0},
    {0x3b1, 0x313, 0x1f00},
    {0x3b1, 0x314, 0x1f01},
    {0x3b1, 0x342, 0x1fb6},
    {0x3b1, 0x345, 0x1fb3},
    {0x3b5, 0x300, 0x1f72},
    {0x3b5, 0x301, 0x3ad},
    {0x3b5, 0x313, 0x1f10},
    {0x3b5, 0x314, 0x1f11},
    {0x3b7, 0x300, 0x1f74},
    {0x3b7, 0x301, 0x3ae},
    {0x3b7, 0x313, 0x1f20},
    {0x3b7, 0x314, 0x1f21},
    {0x3b7, 0x342, 0x1fc6},
    {0x3b7, 0x345, 0x1fc3},
    {0x3b9, 0x300, 0x1f76},
    {0x3b9, 0x301, 0x3af},
    {0x3b9, 0x304, 0x1fd1},
    {0x3b9, 0x306, 0x1fd0},
    {0x3b9, 0x308, 0x3ca},
    {0x3b9, 0x313, 0x1f30},
    {0x3b9, 0x314, 0x1f31},
    {0x3b9, 0x342, 0x1fd6},
    {0x3bf, 0x300, 0x1f78},
    {0x3bf, 0x301, 0x3cc},
    {0x3bf, 0x313, 0x1f40},
    {0x3bf, 0x314, 0x1f41},
    {0x3c1, 0x313, 0x1fe4},
    {0x3c1, 0x314, 0x1fe5},
    {0x3c5, 0x300, 0x1f7a},
    {0x3c5, 0x301, 0x3cd},
    {0x3c5, 0x304, 0x1fe1},
    {0x3c5, 0x306, 0x1fe0},
    {0x3c5, 0x308, 0x3cb},
    {0x3c5, 0x313, 0x1f50},
    {0x3c5, 0x314, 0x1f51},
    {0x3c5, 0x342, 0x1fe6},
    {0x3c9, 0x300, 0x1f7c},
    {0x3c9, 0x301, 0x3ce},
    {0x3c9, 0x313, 0x1f60},
    {0x3c9, 0x314, 0x1f61},
    {0x3c9, 0x342, 0x1ff6},
    {0x3c9, 0x345, 0x1ff3},
    {0x3ca, 0x300, 0x1fd2},
    {0x3ca, 0x301, 0x390},
    {0x3ca, 0x342, 0x1fd7},
    {0x3cb, 0x300, 0x1fe2},
    {0x3cb, 0x301, 0x3b0},
    {0x3cb, 0x342, 0x1fe7},
    {0x3ce, 0x345, 0x1ff4},
    {0x3d2, 0x301, 0x3d3},
    {0x3d2, 0x308, 0x3d4},
    {0x406, 0x308, 0x407},
    {0x410, 0x306, 0x4d0},
    {0x410, 0x308, 0x4d2},
    {0x413, 0x301, 0x403},
    {0x415, 0x300, 0x400},
    {0x415, 0x306, 0x4d6},
    {0x415, 0x308, 0x401},
    {0x416, 0x306, 0x4c1},
    {0x416, 0x308, 0x4dc},
    {0x417, 0x308, 0x4de},
    {0x418, 0x300, 0x40d},
    {0x418, 0x304, 0x4e2},
    {0x418, 0x306, 0x419},
    {0x418, 0x308, 0x4e4},
    {0x41a, 0x301, 0x40c},
    {0x41e, 0x308, 0x4e6},
    {0x423, 0x304, 0x4ee},
    {0x423, 0x306, 0x40e},
    {0x423, 0x308, 0x4f0},
    {0x423, 0x30b, 0x4f2},
    {0x427, 0x308, 0x4f4},
    {0x42b, 0x308, 0x4f8},
    {0x42d, 0x308, 0x4ec},
    {0x430, 0x306, 0x4d1},
    {0x430, 0x308, 0x4d3},
    {0x433, 0x301, 0x453},
    {0x435, 0x300, 0x450},
    {0x435, 0x306, 0x4d7},
    {0x435, 0x308, 0x451},
    {0x436, 0x306, 0x4c2},
    {0x436, 0x308, 0x4dd},
    {0x437, 0x308, 0x4df},
    {0x438, 0x300, 0x45d},
    {0x438, 0x304, 0x4e3},
    {0x438, 0x306, 0x439},
    {0x438, 0x308, 0x4e5},
    {0x43a, 0x301, 0x45c},
    {0x43e, 0x308, 0x4e7},
    {0x443, 0x304, 0x4ef},
    {0x443, 0x306, 0x45e},
    {0x443, 0x308, 0x4f1},
    {0x443, 0x30b, 0x4f3},
    {0x447, 0x308, 0x4f5},
    {0x44b, 0x308, 0x4f9},
    {0x44d, 0x308, 0x4ed},
    {0x456, 0x308, 0x457},
    {0x474, 0x30f, 0x476},
    {0x475, 0x30f, 0x477},
    {0x4d8, 0x308, 0x4da},
    {0x4d9, 0x308, 0x4db},
    {0x4e8, 0x308, 0x4ea},
    {0x4e9, 0x308, 0x4eb},
    {0x627, 0x653, 0x622},
    {0x627, 0x654, 0x623},
    {0x627, 0x655, 0x625},
    {0x648, 0x654, 0x624},
    {0x64a, 0x654, 0x626},
    {0x6c1, 0x654, 0x6c2},
    {0x6d2, 0x654, 0x6d3},
    {0x6d5, 0x654, 0x6c0},
    {0x928, 0x93c, 0x929},
    {0x930, 0x93c, 0x931},
    {0x933, 0x93c, 0x934},
    {0x9c7, 0x9be, 0x9cb},
    {0x9c7, 0x9d7, 0x9cc},
    {0xb47, 0xb3e, 0xb4b},
    {0xb47, 0xb56, 0xb48},
    {0xb47, 0xb57, 0xb4c},
    {0xb92, 0xbd7, 0xb94},
    {0xbc6, 0xbbe, 0xbca},
    {0xbc6, 0xbd7, 0xbcc},
    {0xbc7, 0xbbe, 0xbcb},
    {0xc46, 0xc56, 0xc48},
    {0xcbf, 0xcd5, 0xcc0},
    {0xcc6, 0xcc2, 0xcca},
    {0xcc6, 0xcd5, 0xcc7},
    {0xcc6, 0xcd6, 0xcc8},
    {0xcca, 0xcd5, 0xccb},
    {0xd46, 0xd3e, 0xd4a},
    {0xd46, 0xd57, 0xd4c},
    {0xd47, 0xd3e, 0xd4b},
    {0xdd9, 0xdca, 0xdda},
    {0xdd9, 0xdcf, 0xddc},
    {0xdd9, 0xddf, 0xdde},
    {0xddc, 0xdca, 0xddd},
    {0x1025, 0x102e, 0x1026},
    {0x1b05, 0x1b35, 0x1b06},
    {0x1b07, 0x1b35, 0x1b08},
    {0x1b09, 0x1b35, 0x1b0a},
    {0x1b0b, 0x1b35, 0x1b0c},
    {0x1b0d, 0x1b35, 0x1b0e},
    {0x1b11, 0x1b35, 0x1b12},
    {0x1b3a, 0x1b35, 0x1b3b},
    {0x1b3c, 0x1b35, 0x1b3d},
    {0x1b3e, 0x1b35, 0x1b40},
    {0x1b3f, 0x1b35, 0x1b41},
    {0x1b42, 0x1b35, 0x1b43},
    {0x1e36, 0x304, 0x1e38},
    {0x1e37, 0x304, 0x1e39},
    {0x1e5a, 0x304, 0x1e5c},
    {0x1e5b, 0x304, 0x1e5d},
    {0x1e62, 0x307, 0x1e68},
    {0x1e63, 0x307, 0x1e69},
    {0x1ea0, 0x302, 0x1eac},
    {0x1ea0, 0x306, 0x1eb6},
    {0x1ea1, 0x302, 0x1ead},
    {0x1ea1, 0x306, 0x1eb7},
    {0x1eb8, 0x302, 0x1ec6},
    {0x1eb9, 0x302, 0x1ec7},
    {0x1ecc, 0x302, 0x1ed8},
    {0x1ecd, 0x302, 0x1ed9},
    {0x1f00, 0x300, 0x1f02},
    {0x1f00, 0x301, 0x1f04},
    {0x1f00, 0x342, 0x1f06},
    {0x1f00, 0x345, 0x1f80},
    {0x1f01, 0x300, 0x1f03},
    {0x1f01, 0x301, 0x1f05},
    {0x1f01, 0x342, 0x1f07},
    {0x1f01, 0x345, 0x1f81},
    {0x1f02, 0x345, 0x1f82},
    {0x1f03, 0x345, 0x1f83},
    {0x1f04, 0x345, 0x1f84},
    {0x1f05, 0x345, 0x1f85},
    {0x1f06, 0x345, 0x1f86},
    {0x1f07, 0x345, 0x1f87},
    {0x1f08, 0x300, 0x1f0a},
    {0x1f08, 0x301, 0x1f0c},
    {0x1f08, 0x342, 0x1f0e},
    {0x1f08, 0x345, 0x1f88},
    {0x1f09, 0x300, 0x1f0b},
    {0x1f09, 0x301, 0x1f0d},
    {0x1f09, 0x342, 0x1f0f},
    {0x1f09, 0x345, 0x1f89},
    {0x1f0a, 0x345, 0x1f8a},
    {0x1f0b, 0x345, 0x1f8b},
    {0x1f0c, 0x345, 0x1f8c},
    {0x1f0d, 0x345, 0x1f8d},
    {0x1f0e, 0x345, 0x1f8e},
    {0x1f0f, 0x345, 0x1f8f},
    {0x1f10, 0x300, 0x1f12},
    {0x1f10, 0x301, 0x1f14},
    {0x1f11, 0x300, 0x1f13},
    {0x1f11, 0x301, 0x1f15},
    {0x1f18, 0x300, 0x1f1a},
    {0x1f18, 0x301, 0x1f1c},
    {0x1f19, 0x300, 0x1f1b},
    {0x1f19, 0x301, 0x1f1d},
    {0x1f20, 0x300, 0x1f22},
    {0x1f20, 0x301, 0x1f24},
    {0x1f20, 0x342, 0x1f26},
    {0x1f20, 0x345, 0x1f90},
    {0x1f21, 0x300, 0x1f23},
    {0x1f21, 0x301, 0x1f25},
    {0x1f21, 0x342, 0x1f27},
    {0x1f21, 0x345, 0x1f91},
    {0x1f22, 0x345, 0x1f92},
    {0x1f23, 0x345, 0x1f93},
    {0x1f24, 0x345, 0x1f94},
    {0x1f25, 0x345, 0x1f95},
    {0x1f26, 0x345, 0x1f96},
    {0x1f27, 0x345, 0x1f97},
    {0x1f28, 0x300, 0x1f2a},
    {0x1f28, 0x301, 0x1f2c},
    {0x1f28, 0x342, 0x1f2e},
    {0x1f28, 0x345, 0x1f98},
    {0x1f29, 0x300, 0x1f2b},
    {0x1f29, 0x301, 0x1f2d},
    {0x1f29, 0x342, 0x1f2f},
    {0x1f29, 0x345, 0x1f99},
    {0x1f2a, 0x345, 0x1f9a},
    {0x1f2b, 0x345, 0x1f9b},
    {0x1f2c, 0x345, 0x1f9c},
    {0x1f2d, 0x345, 0x1f9d},
    {0x1f2e, 0x345, 0x1f9e},
    {0x1f2f, 0x345, 0x1f9f},
    {0x1f30, 0x300, 0x1f32},
    {0x1f30, 0x301, 0x1f34},
    {0x1f30, 0x342, 0x1f36},
    {0x1f31, 0x300, 0x1f33},
    {0x1f31, 0x301, 0x1f35},
    {0x1f31, 0x342, 0x1f37},
    {0x1f38, 0x300, 0x1f3a},
    {0x1f38, 0x301, 0x1f3c},
    {0x1f38, 0x342, 0x1f3e},
    {0x1f39, 0x300, 0x1f3b},
    {0x1f39, 0x301, 0x1f3d},
    {0x1f39, 0x342, 0x1f3f},
    {0x1f40, 0x300, 0x1f42},
    {0x1f40, 0x301, 0x1f44},
    {0x1f41, 0x300, 0x1f43},
    {0x1f41, 0x301, 0x1f45},
    {0x1f48, 0x300, 0x1f4a},
    {0x1f48, 0x301, 0x1f4c},
    {0x1f49, 0x300, 0x1f4b},
    {0x1f49, 0x301, 0x1f4d},
    {0x1f50, 0x300, 0x1f52},
    {0x1f50, 0x301, 0x1f54},
    {0x1f50, 0x342, 0x1f56},
    {0x1f51, 0x300, 0x1f53},
    {0x1f51, 0x301, 0x1f55},
    {0x1f51, 0x342, 0x1f57},
    {0x1f59, 0x300, 0x1f5b},
    {0x1f59, 0x301, 0x1f5d},
    {0x1f59, 0x342, 0x1f5f},
    {0x1f60, 0x300, 0x1f62},
    {0x1f60, 0x301, 0x1f64},
    {0x1f60, 0x342, 0x1f66},
    {0x1f60, 0x345, 0x1fa0},
    {0x1f61, 0x300, 0x1f63},
    {0x1f61, 0x301, 0x1f65},
    {0x1f61, 0x342, 0x1f67},
    {0x1f61, 0x345, 0x1fa1},
    {0x1f62, 0x345, 0x1fa2},
    {0x1f63, 0x345, 0x1fa3},
    {0x1f64, 0x345, 0x1fa4},
    {0x1f65, 0x345, 0x1fa5},
    {0x1f66, 0x345, 0x1fa6},
    {0x1f67, 0x345, 0x1fa7},
    {0x1f68, 0x300, 0x1f6a},
    {0x1f68, 0x301, 0x1f6c},
    {0x1f68, 0x342, 0x1f6e},
    {0x1f68, 0x345, 0x1fa8},
    {0x1f69, 0x300, 0x1f6b},
    {0x1f69, 0x301, 0x1f6d},
    {0x1f69, 0x342, 0x1f6f},
    {0x1f69, 0x345, 0x1fa9},
    {0x1f6a, 0x345, 0x1faa},
    {0x1f6b, 0x345, 0x1fab},
    {0x1f6c, 0x345, 0x1fac},
    {0x1f6d, 0x345, 0x1fad},
    {0x1f6e, 0x345, 0x1fae},
    {0x1f6f, 0x345, 0x1faf},
    {0x1f70, 0x345, 0x1fb2},
    {0x1f74, 0x345, 0x1fc2},
    {0x1f7c, 0x345, 0x1ff2},
    {0x1fb6, 0x345, 0x1fb7},
    {0x1fbf, 0x300, 0x1fcd},
    {0x1fbf, 0x301, 0x1fce},
    {0x1fbf, 0x342, 0x1fcf},
    {0x1fc6, 0x345, 0x1fc7},
    {0x1ff6, 0x345, 0x1ff7},
    {0x1ffe, 0x300, 0x1fdd},
    {0x1ffe, 0x301, 0x1fde},
    {0x1ffe, 0x342, 0x1fdf},
    {0x2190, 0x338, 0x219a},
    {0x2192, 0x338, 0x219b},
    {0x2194, 0x338, 0x21ae},
    {0x21d0, 0x338, 0x21cd},
    {0x21d2, 0x338, 0x21cf},
    {0x21d4, 0x338, 0x21ce},
    {0x2203, 0x338, 0x2204},
    {0x2208, 0x338, 0x2209},
    {0x220b, 0x338, 0x220c},
    {0x2223, 0x338, 0x2224},
    {0x2225, 0x338, 0x2226},
    {0x223c, 0x338, 0x2241},
    {0x2243, 0x338, 0x2244},
    {0x2245, 0x338, 0x2247},
    {0x2248, 0x338, 0x2249},
    {0x224d, 0x338, 0x226d},
    {0x2261, 0x338, 0x2262},
    {0x2264, 0x338, 0x2270},
    {0x2265, 0x338, 0x2271},
    {0x2272, 0x338, 0x2274},
    {0x2273, 0x338, 0x2275},
    {0x2276, 0x338, 0x2278},
    {0x2277, 0x338, 0x2279},
    {0x227a, 0x338, 0x2280},
    {0x227b, 0x338, 0x2281},
    {0x227c, 0x338, 0x22e0},
    {0x227d, 0x338, 0x22e1},
    {0x2282, 0x338, 0x2284},
    {0x2283, 0x338, 0x2285},
    {0x2286, 0x338, 0x2288},
    {0x2287, 0x338, 0x2289},
    {0x2291, 0x338, 0x22e2},
    {0x2292, 0x338, 0x22e3},
    {0x22a2, 0x338, 0x22ac},
    {0x22a8, 0x338, 0x22ad},
    {0x22a9, 0x338, 0x22ae},
    {0x22ab, 0x338, 0x22af},
    {0x22b2, 0x338, 0x22ea},
    {0x22b3, 0x338, 0x22eb},
    {0x22b4, 0x338, 0x22ec},
    {0x22b5, 0x338, 0x22ed},
    {0x3046, 0x3099, 0x3094},
    {0x304b, 0x3099, 0x304c},
    {0x304d, 0x3099, 0x304e},
    {0x304f, 0x3099, 0x3050},
    {0x3051, 0x3099, 0x3052},
    {0x3053, 0x3099, 0x3054},
    {0x3055, 0x3099, 0x3056},
    {0x3057, 0x3099, 0x3058},
    {0x3059, 0x3099, 0x305a},
    {0x305b, 0x3099, 0x305c},
    {0x305d, 0x3099, 0x305e},
    {0x305f, 0x3099, 0x3060},
    {0x3061, 0x3099, 0x3062},
    {0x3064, 0x3099, 0x3065},
    {0x3066, 0x3099, 0x3067},
    {0x3068, 0x3099, 0x3069},
    {0x306f, 0x3099, 0x3070},
    {0x306f, 0x309a, 0x3071},
    {0x3072, 0x3099, 0x3073},
    {0x3072, 0x309a, 0x3074},
    {0x3075, 0x3099, 0x3076},
    {0x3075, 0x309a, 0x3077},
    {0x3078, 0x3099, 0x3079},
    {0x3078, 0x309a, 0x307a},
    {0x307b, 0x3099, 0x307c},
    {0x307b, 0x309a, 0x307d},
    {0x309d, 0x3099, 0x309e},
    {0x30a6, 0x3099, 0x30f4},
    {0x30ab, 0x3099, 0x30ac},
    {0x30ad, 0x3099, 0x30ae},
    {0x30af, 0x3099, 0x30b0},
    {0x30b1, 0x3099, 0x30b2},
    {0x30b3, 0x3099, 0x30b4},
    {0x30b5, 0x3099, 0x30b6},
    {0x30b7, 0x3099, 0x30b8},
    {0x30b9, 0x3099, 0x30ba},
    {0x30bb, 0x3099, 0x30bc},
    {0x30bd, 0x3099, 0x30be},
    {0x30bf, 0x3099, 0x30c0},
    {0x30c1, 0x3099, 0x30c2},
    {0x30c4, 0x3099, 0x30c5},
    {0x30c6, 0x3099, 0x30c7},
    {0x30c8, 0x3099, 0x30c9},
    {0x30cf, 0x3099, 0x30d0},
    {0x30cf, 0x309a, 0x30d1},
    {0x30d2, 0x3099, 0x30d3},
    {0x30d2, 0x309a, 0x30d4},
    {0x30d5, 0x3099, 0x30d6},
    {0x30d5, 0x309a, 0x30d7},
    {0x30d8, 0x3099, 0x30d9},
    {0x30d8, 0x309a, 0x30da},
    {0x30db, 0x3099, 0x30dc},
    {0x30db, 0x309a, 0x30dd},
    {0x30ef, 0x3099, 0x30f7},
    {0x30f0, 0x3099, 0x30f8},
    {0x30f1, 0x3099, 0x30f9},
    {0x30f2, 0x3099, 0x30fa},
    {0x30fd, 0x3099, 0x30fe},
    {0x105d2, 0x307, 0x105c9},
    {0x105da, 0x307, 0x105e4},
    {0x11099, 0x110ba, 0x1109a},
    {0x1109b, 0x110ba, 0x1109c},
    {0x110a5, 0x110ba, 0x110ab},
    {0x11131, 0x11127, 0x1112e},
    {0x11132, 0x11127, 0x1112f},
    {0x11347, 0x1133e, 0x1134b},
    {0x11347, 0x11357, 0x1134c},
    {0x11382, 0x113c9, 0x11383},
    {0x11384, 0x113bb, 0x11385},
    {0x1138b, 0x113c2, 0x1138e},
    {0x11390, 0x113c9, 0x11391},
    {0x113c2, 0x113b8, 0x113c7},
    {0x113c2, 0x113c2, 0x113c5},
    {0x113c2, 0x113c9, 0x113c8},
    {0x114b9, 0x114b0, 0x114bc},
    {0x114b9, 0x114ba, 0x114bb},
    {0x114b9, 0x114bd, 0x114be},
    {0x115b8, 0x115af, 0x115ba},
    {0x115b9, 0x115af, 0x115bb},
    {0x11935, 0x11930, 0x11938},
    {0x1611e, 0x1611e, 0x16121},
    {0x1611e, 0x1611f, 0x16123},
    {0x1611e, 0x16120, 0x16125},
    {0x1611e, 0x16129, 0x16122},
    {0x16121, 0x1611f, 0x16126},
    {0x16121, 0x16120, 0x16128},
    {0x16122, 0x1611f, 0x16127},
    {0x16129, 0x1611f, 0x16124},
    {0x16d63, 0x16d67, 0x16d69},
    {0x16d67, 0x16d67, 0x16d68},
    {0x16d69, 0x16d67, 0x16d6a},
};

#endif
